event_index,k,event,peak,onset,offset,arc,amplitude,RR,r,c_cos,c_sin,cdot_cos,cdot_sin,transition
0,0,P,1265,1222,1293,71,0.1737185,760,120.95775674984046,0.0401387342708811,-0.0018311666579402905,,,→P
1,0,Q,1359,1350,1370,20,-0.2914295,760,120.95775674984046,-0.02008853450970768,-0.0197443219855053,-0.060227268780588775,-0.01791315532756501,P→Q
2,0,R,1384,1370,1410,40,1.6711894999999999,760,120.95775674984046,0.1649836555568972,0.2672717797786798,0.18507219006660489,0.28701610176418507,Q→R
3,0,S,1414,1410,1422,12,-0.12266849999999999,760,120.95775674984046,-0.002553261482357676,-0.007531477841595508,-0.16753691703925488,-0.2748032576202753,R→S
4,0,T,1645,1495,1732,237,0.3790295,760,120.95775674984046,-0.30362405848548946,0.044095006390395645,-0.3010707970031318,0.051626484231991156,S→T
5,1,P,2025,1997,2052,55,0.16125250000000002,837,133.2126873679164,0.03221052468461168,-4.999131971280393e-05,0.3358345831701011,-0.04414499771010845,T→P
6,1,Q,2126,2107,2136,29,-0.23778950000000001,837,133.2126873679164,-0.022055281005826613,-0.020219052347302237,-0.05426580569043829,-0.020169061027589433,P→Q
7,1,R,2155,2136,2172,36,1.6517685000000002,837,133.2126873679164,0.16536532423642133,0.23931045655163308,0.18742060524224796,0.25952950889893533,Q→R
8,1,S,2178,2172,2185,13,-0.1693535,837,133.2126873679164,-0.004227600458920997,-0.00934269448800976,-0.16959292469534235,-0.24865315103964283,R→S
9,1,T,2424,2274,2472,198,0.3729255,837,133.2126873679164,-0.22890238222396714,0.10057623385007601,-0.22467478176504613,0.10991892833808577,S→T
10,2,P,2862,2819,2890,71,0.157738,839,133.53099725410019,0.03500194791483567,-0.001966563855758904,0.2639043301388028,-0.10254279770583491,T→P
11,2,Q,2954,2945,2963,18,-0.280147,839,133.53099725410019,-0.018202825468427643,-0.015044471976333018,-0.053204773383263314,-0.013077908120574114,P→Q
12,2,R,2984,2963,3003,40,1.741661,839,133.53099725410019,0.17864492314301314,0.2267242983514844,0.19684774861144078,0.2417687703278174,Q→R
13,2,S,3011,3003,3018,15,-0.146751,839,133.53099725410019,-0.004173310949455877,-0.008337118231291223,-0.18281823409246903,-0.2350614165827756,R→S
14,2,T,3242,3093,3310,217,0.390312,839,133.53099725410019,-0.24042297636858234,0.11829522052297042,-0.23624966541912645,0.12663233875426164,S→T
15,3,P,3701,3673,3729,56,0.16182549999999998,800,127.32395447351627,0.030406357291859393,-8.06606120970873e-06,0.2708293336604417,-0.11830328658418013,T→P
16,3,Q,3799,3783,3810,27,-0.2644805,800,127.32395447351627,-0.02134095916280435,-0.02028851953265435,-0.05174731645466374,-0.02028045347144464,P→Q
17,3,R,3823,3810,3848,38,1.6332165,800,127.32395447351627,0.16052126789554136,0.24644665234027355,0.1818622270583457,0.2667351718729279,Q→R
18,3,S,3853,3848,3860,12,-0.1385935,800,127.32395447351627,-0.0034120888977796845,-0.008699270243002677,-0.16393335679332105,-0.25514592258327623,R→S
19,3,T,4101,3954,4149,195,0.3462345,800,127.32395447351627,-0.22621269908885588,0.06135133953406619,-0.2228006101910762,0.07005060977706887,S→T
20,4,P,4501,4473,4547,74,0.16617200000000001,858,136.5549411728462,0.04226913753754112,0.0019038228705226638,0.268481836626397,-0.05944751666354353,T→P
21,4,Q,4606,4587,4615,28,-0.227617,858,136.5549411728462,-0.015910500191723374,-0.01498487782263996,-0.058179637729264495,-0.016888700693162624,P→Q
22,4,R,4635,4615,4653,38,1.691499,858,136.5549411728462,0.166849147573028,0.24058965600722595,0.18275964776475137,0.2555745338298659,Q→R
23,4,S,4657,4653,4664,11,-0.075096,858,136.5549411728462,-0.0011918923008793455,-0.0025906784537137024,-0.16804103987390734,-0.24318033446093965,R→S
24,4,T,4900,4750,4988,238,0.435258,858,136.5549411728462,-0.2984452624461783,0.13954097093009593,-0.29725337014529896,0.14213164938380962,S→T
25,5,P,5359,5315,5387,72,0.1658575,880,140.0563499208679,0.04005704267916429,-0.0024283590072492487,0.3385023051253426,-0.14196932993734518,T→P
26,5,Q,5450,5442,5459,17,-0.2615585,880,140.0563499208679,-0.015704536113448842,-0.012003932960586617,-0.055761578792613134,-0.009575573953337368,P→Q
27,5,R,5480,5459,5500,41,1.7544045000000001,880,140.0563499208679,0.1844427841324574,0.2114924331229917,0.20014732024590626,0.2234963660835783,Q→R
28,5,S,5507,5500,5513,13,-0.1287535,880,140.0563499208679,-0.003580239594328807,-0.006189909847213178,-0.1880230237267862,-0.2176823429702049,R→S
29,5,T,5738,5588,5827,239,0.44252650000000004,880,140.0563499208679,-0.26940608815646644,0.18400298031419474,-0.26582584856213765,0.19019289016140792,S→T
30,6,P,6239,6210,6284,74,0.180655,837,133.2126873679164,0.04247211288302399,0.0011673043035049927,0.31187820103949043,-0.18283567601068976,T→P
31,6,Q,6340,6324,6349,25,-0.21198699999999998,837,133.2126873679164,-0.01757896000453959,-0.016059462397328982,-0.060051072887563575,-0.017226766700833975,P→Q
32,6,R,6362,6349,6386,37,1.6242269999999999,837,133.2126873679164,0.16534850269626572,0.23625513707277576,0.18292746270080532,0.25231459947010476,Q→R
33,6,S,6391,6386,6398,12,-0.10818499999999999,837,133.2126873679164,-0.0023969542986747613,-0.005289772365318599,-0.16774545699494048,-0.24154490943809437,R→S
34,6,T,6637,6487,6705,218,0.397581,837,133.2126873679164,-0.2685947818752177,0.10951195226205415,-0.2661978275765429,0.11480172462737274,S→T
35,7,P,7076,7032,7104,72,0.16269499999999998,843,134.16761702646778,0.04453046241118803,-0.0030012194174782736,0.3131252442864057,-0.11251317167953243,T→P
36,7,Q,7166,7157,7175,18,-0.283291,843,134.16761702646778,-0.016562966330523003,-0.013187982789296643,-0.06109342874171103,-0.01018676337181837,P→Q
37,7,R,7196,7175,7218,43,1.7408100000000002,843,134.16761702646778,0.18926459312013014,0.22866845877786157,0.20582755945065315,0.24185644156715821,Q→R
38,7,S,7224,7218,7228,10,-0.07276500000000001,843,134.16761702646778,-0.0014793127482151133,-0.0028590691147673927,-0.19074390586834525,-0.23152752789262895,R→S
39,7,T,7456,7306,7706,400,0.431818,843,134.16761702646778,-0.3406255760064527,0.10391171822018462,-0.3391462632582376,0.10677078733495202,S→T
40,8,P,7919,7889,7962,73,0.1597905,875,139.26057520540843,0.04005826505855647,0.0008571109468316151,0.3806838410650092,-0.103054607273353,T→P
41,8,Q,8022,8001,8030,29,-0.2525685,875,139.26057520540843,-0.017623656912870222,-0.01547645533597326,-0.057681921971426686,-0.016333566282804874,P→Q
42,8,R,8050,8030,8067,37,1.6839705,875,139.26057520540843,0.16861595245190655,0.22497024444459812,0.18623960936477676,0.24044669978057137,Q→R
43,8,S,8072,8067,8081,14,-0.1301965,875,139.26057520540843,-0.0031887416065256922,-0.006294630681945459,-0.17180469405843224,-0.2312648751265436,R→S
44,8,T,8315,8165,8382,217,0.4410845,875,139.26057520540843,-0.25286514131200066,0.13925867788007065,-0.24967639970547498,0.14555330856201612,S→T
45,9,P,8794,8784,8822,38,0.1728125,839,133.53099725410019,0.021941453475082147,0.0011693993494819855,0.2748065947870828,-0.13808927853058867,T→P
46,9,Q,8891,8878,8903,25,-0.2575255,839,133.53099725410019,-0.021798357280993125,-0.019497899756681536,-0.043739810756075276,-0.020667299106163523,P→Q
47,9,R,8916,8903,8940,37,1.6163845000000001,839,133.53099725410019,0.1612610535791565,0.22496989032715645,0.18305941086014962,0.24446779008383798,Q→R
48,9,S,8946,8940,8954,14,-0.1629725,839,133.53099725410019,-0.004594847881328407,-0.009998027537088014,-0.1658559014604849,-0.23496791786424445,R→S
49,9,T,9193,9065,9240,175,0.3323255,839,133.53099725410019,-0.1824358567663091,0.06987889583862862,-0.1778410088849807,0.07987692337571664,S→T
50,10,P,9633,9589,9661,72,0.186462,878,139.7380400346841,0.03891161267463611,-0.001517000626360929,0.22134746944094522,-0.07139589646498955,T→P
51,10,Q,9728,9718,9739,21,-0.255491,878,139.7380400346841,-0.016608419572114803,-0.013437422018121885,-0.05552003224675091,-0.011920421391760956,P→Q
52,10,R,9756,9739,9778,39,1.71412,878,139.7380400346841,0.1784802105771607,0.22039536095636844,0.19508863014927552,0.23383278297449034,Q→R
53,10,S,9782,9778,9790,12,-0.127311,878,139.7380400346841,-0.0033196310031251134,-0.006154250828023557,-0.1817998415802858,-0.226549611784392,R→S
54,10,T,10032,9882,10100,218,0.41959199999999996,878,139.7380400346841,-0.2689836487494654,0.16453200115472108,-0.2656640177463403,0.17068625198274465,S→T
55,11,P,10511,10467,10539,72,0.153668,858,136.5549411728462,0.03714632456947553,-0.002562944637368955,0.30612997331894093,-0.16709494579209003,T→P
56,11,Q,10601,10592,10611,19,-0.291726,858,136.5549411728462,-0.01850494519669915,-0.014507531848141561,-0.05565126976617468,-0.011944587210772606,P→Q
57,11,R,10631,10611,10649,38,1.736445,858,136.5549411728462,0.18312967757309626,0.2166014616545596,0.2016346227697954,0.23110899350270114,Q→R
58,11,S,10658,10649,10665,16,-0.120079,858,136.5549411728462,-0.003966949607256867,-0.007182220578133682,-0.18709662718035314,-0.22378368223269327,R→S
59,11,T,10891,10741,10978,237,0.43496199999999996,858,136.5549411728462,-0.2740162220691505,0.15466444379539396,-0.27004927246189364,0.16184666437352763,S→T
60,12,P,11369,11326,11380,54,0.144125,820,130.5070533353542,0.028399384205993933,-0.0027714201228371395,0.3024156062751444,-0.15743586391823108,T→P
61,12,Q,11460,11431,11470,39,-0.330272,820,130.5070533353542,-0.027250479810470313,-0.021617742357837644,-0.05564986401646425,-0.018846322235000504,P→Q
62,12,R,11490,11470,11510,40,1.678145,820,130.5070533353542,0.17647665465263818,0.22860263121736774,0.2037271344631085,0.2502203735752054,Q→R
63,12,S,11518,11510,11526,16,-0.125553,820,130.5070533353542,-0.003414004403586296,-0.0073674580879657834,-0.17989065905622448,-0.23597008930533353,R→S
64,12,T,11751,11601,11818,217,0.42368000000000006,820,130.5070533353542,-0.266438549597206,0.11018335286377168,-0.2630245451936197,0.11755081095173746,S→T
65,13,P,12189,12144,12236,92,0.18588949999999999,818,130.1887434491704,0.05275464989249761,-0.00023639938818234714,0.3191931994897036,-0.11041975225195402,T→P
66,13,Q,12290,12275,12299,24,-0.1963205,818,130.1887434491704,-0.01567641353494116,-0.014986188473079028,-0.06843106342743877,-0.014749789084896681,P→Q
67,13,R,12319,12299,12336,37,1.7059995000000001,818,130.1887434491704,0.16998924068792895,0.2574027452981447,0.18566565422287012,0.27238893377122375,Q→R
68,13,S,12341,12336,12348,12,-0.1435325,818,130.1887434491704,-0.0032396466908975936,-0.0076342588125728125,-0.17322888737882655,-0.2650370041107175,R→S
69,13,T,12588,12438,12657,219,0.44975950000000003,818,130.1887434491704,-0.3239663500318115,0.1062162184186042,-0.3207267033409139,0.113850477231177,S→T
70,14,P,13007,12965,13034,69,0.1589215,740,117.77465788800255,0.0420893275085962,-0.0032099550503278274,0.3660556775404077,-0.10942617346893202,T→P
71,14,Q,13098,13072,13107,35,-0.32128350000000006,740,117.77465788800255,-0.02758742770477206,-0.025363746241112595,-0.06967675521336826,-0.02215379119078477,P→Q
72,14,R,13128,13107,13149,42,1.6853945,740,117.77465788800255,0.17120316224994392,0.2741181139680002,0.198790589954716,0.29948186020911277,Q→R
73,14,S,13156,13149,13162,13,-0.11020150000000001,740,117.77465788800255,-0.001934081705718177,-0.005981707945403558,-0.1731372439556621,-0.2800998219134037,R→S
74,14,T,13387,13237,13454,217,0.3723335,740,117.77465788800255,-0.28745832059704424,0.037736270099602016,-0.28552423889132605,0.04371797804500557,S→T
75,15,P,13747,13718,13793,75,0.1620835,798,127.00564458733248,0.04081225195635611,0.001633115913219934,0.32827057255340036,-0.03610315418638208,T→P
76,15,Q,13851,13832,13860,28,-0.2299665,798,127.00564458733248,-0.018341810278206784,-0.0188426729662019,-0.0591540622345629,-0.020475788879421836,P→Q
77,15,R,13880,13860,13899,39,1.7071645,798,127.00564458733248,0.16360273195834132,0.27297837163230676,0.1819445422365481,0.29182104459850866,Q→R
78,15,S,13902,13899,13907,8,-0.07163749999999999,798,127.00564458733248,-0.000948964758883299,-0.002604287802306391,-0.1645516967172246,-0.27558265943461313,R→S
79,15,T,14146,13996,14235,239,0.4265825,798,127.00564458733248,-0.341032790094512,0.09071769734876038,-0.3400838253356287,0.09332198515106677,S→T
80,16,P,14545,14500,14572,72,0.1397585,782,124.45916549786216,0.03783782233069603,-0.0030029539850058642,0.37887061242520803,-0.09372065133376625,T→P
81,16,Q,14635,14610,14645,35,-0.2998645,782,124.45916549786216,-0.023745137383706507,-0.02010771903967146,-0.061582959714402544,-0.017104765054665596,P→Q
82,16,R,14665,14645,14683,38,1.7497625,782,124.45916549786216,0.18142205948282178,0.25460131819979526,0.2051671968665283,0.2747090372394667,Q→R
83,16,S,14692,14683,14700,17,-0.11889549999999999,782,124.45916549786216,-0.0037767804748564254,-0.008943070781101015,-0.18519883995767822,-0.26354438898089627,R→S
84,16,T,14925,14778,14991,213,0.36597050000000003,782,124.45916549786216,-0.24324097650927015,0.06871294924158287,-0.2394641960344137,0.07765602002268389,S→T
85,17,P,15327,15318,15352,34,0.1168785,777,123.66339078240269,0.018240221217754198,0.0010572898069244412,0.26148119772702433,-0.06765565943465843,T→P
86,17,Q,15432,15368,15441,73,-0.3314375,777,123.66339078240269,-0.04424198834995656,-0.03840038329742,-0.06248220956771076,-0.03945767310434444,P→Q
87,17,R,15461,15441,15477,36,1.6213045000000001,777,123.66339078240269,0.14604474180075638,0.2626679402494002,0.19028673015071296,0.3010683235468202,Q→R
88,17,S,15486,15477,15499,22,-0.09483150000000001,777,123.66339078240269,-0.0032467232531515483,-0.011288492797522526,-0.14929146505390795,-0.27395643304692274,R→S
89,17,T,15724,15614,15770,156,0.2873785,777,123.66339078240269,-0.17049174419604196,0.017740594840906194,-0.1672450209428904,0.02902908763842872,S→T
90,18,P,16104,16098,16132,34,0.13049150000000004,838,133.3718423110083,0.020302680534448368,0.0015336885030201872,0.19079442473049033,-0.016206906337886007,T→P
91,18,Q,16211,16187,16220,33,-0.3201554999999999,838,133.3718423110083,-0.02291770670488299,-0.022520390590531826,-0.04322038723933136,-0.024054079093552012,P→Q
92,18,R,16241,16220,16258,38,1.6842294999999998,838,133.3718423110083,0.15587205874863802,0.24568988484372276,0.17878976545352102,0.2682102754342546,Q→R
93,18,S,16265,16258,16277,19,-0.07019449999999999,838,133.3718423110083,-0.0021921489360425804,-0.0059618228950760995,-0.1580642076846806,-0.25165170773879886,R→S
94,18,T,16502,16352,16571,219,0.40479450000000006,838,133.3718423110083,-0.2755713905646867,0.1067802362549504,-0.27337924162864413,0.1127420591500265,S→T
95,19,P,16942,16895,16974,79,0.198652,838,133.3718423110083,0.04790943946238846,-0.0022877810502696,0.3234808300270752,-0.10906801730521999,T→P
96,19,Q,17038,17028,17048,20,-0.23227800000000004,838,133.3718423110083,-0.014518952556848526,-0.012607980259337834,-0.062428392019236986,-0.010320199209068234,P→Q
97,19,R,17068,17048,17087,39,1.741957,838,133.3718423110083,0.17829091813187323,0.24235476477539444,0.19280987068872174,0.25496274503473226,Q→R
98,19,S,17091,17087,17099,12,-0.16498800000000002,838,133.3718423110083,-0.003737710577686165,-0.007832422828090628,-0.18202862870955938,-0.2501871876034851,R→S
99,19,T,17342,17192,17592,400,0.432373,838,133.3718423110083,-0.34425571912615605,0.07276412318600223,-0.34051800854846986,0.08059654601409286,S→T
100,20,P,17780,17737,17789,52,0.1319535,780,124.14085561167836,0.0269907997064327,-0.0030369788548977057,0.37124651883258875,-0.07580110204089993,T→P
101,20,Q,17870,17844,17880,36,-0.3215785,780,124.14085561167836,-0.02710966535982513,-0.02281805288494716,-0.05410046506625783,-0.01978107403004945,P→Q
102,20,R,17901,17880,17920,40,1.6514725,780,124.14085561167836,0.1737035144616531,0.24419946727355857,0.20081317982147823,0.2670175201585057,Q→R
103,20,S,17928,17920,17936,16,-0.1191915,780,124.14085561167836,-0.003107211197266289,-0.007760887619569675,-0.1768107256589194,-0.25196035489312824,R→S
104,20,T,18160,18013,18228,215,0.3702985,780,124.14085561167836,-0.2629073990587406,0.07050347044008876,-0.2598001878614743,0.07826435805965844,S→T
105,21,P,18560,18550,18588,38,0.160086,818,130.1887434491704,0.02478663465173383,0.0015435950723605703,0.2876940337104744,-0.06895987536772819,T→P
106,21,Q,18661,18645,18671,26,-0.22852399999999998,818,130.1887434491704,-0.01930510735523539,-0.01843726495435342,-0.04409174200696922,-0.01998086002671399,P→Q
107,21,R,18684,18671,18709,38,1.677867,818,130.1887434491704,0.16603982254438085,0.252086721152677,0.18534492989961623,0.27052398610703043,Q→R
108,21,S,18714,18709,18719,10,-0.08410300000000001,818,130.1887434491704,-0.001759104889540139,-0.00426130687079869,-0.167798927433921,-0.25634802802347567,R→S
109,21,T,18959,18809,19209,400,0.423365,818,130.1887434491704,-0.36130507202688295,0.018002753610523444,-0.3595459671373428,0.022264060481322134,S→T
110,22,P,19378,19334,19406,72,0.14847049999999998,839,133.53099725410019,0.03963344940656423,-0.002745033764875743,0.40093852143344716,-0.020747787375399188,T→P
111,22,Q,19468,19459,19477,18,-0.28767550000000003,839,133.53099725410019,-0.017133969223348307,-0.01376391783040528,-0.05676741862991254,-0.011018884065529536,P→Q
112,22,R,19498,19477,19515,38,1.7538495,839,133.53099725410019,0.18629731028363497,0.22663004571945028,0.20343127950698328,0.24039396354985557,Q→R
113,22,S,19520,19515,19531,16,-0.08469550000000003,839,133.53099725410019,-0.00312614040106167,-0.005886385309735592,-0.18942345068469665,-0.23251643102918587,R→S
114,22,T,19758,19608,19847,239,0.4425265,839,133.53099725410019,-0.2993144404124333,0.1577123404793872,-0.29618830001137164,0.1635987257891228,S→T
115,23,P,20217,20188,20246,58,0.169945,820,130.5070533353542,0.034654595526074305,-8.244325411314885e-05,0.33396903593850763,-0.15779478373350037,T→P
116,23,Q,20314,20303,20326,23,-0.242414,820,130.5070533353542,-0.017982005459201346,-0.016476481552161786,-0.05263660098527565,-0.016394038298048638,P→Q
117,23,R,20344,20326,20363,37,1.667416,820,130.5070533353542,0.16776283100121045,0.24374956407493714,0.1857448364604118,0.26022604562709895,Q→R
118,23,S,20367,20363,20376,13,-0.158921,820,130.5070533353542,-0.004067755021772511,-0.009408785662326748,-0.17183058602298296,-0.25315834973726387,R→S
119,23,T,20617,20467,20666,199,0.39090400000000003,820,130.5070533353542,-0.25603707049866936,0.09012427729832315,-0.2519693154768968,0.0995330629606499,S→T
120,24,P,21037,20993,21064,71,0.151079,801,127.48310941660817,0.0382116843737238,-0.0029095311450696624,0.29424875487239316,-0.0930338084433928,T→P
121,24,Q,21126,21117,21136,19,-0.32450100000000004,801,127.48310941660817,-0.02124384415020973,-0.01802771743494879,-0.05945552852393353,-0.015118186289879128,P→Q
122,24,R,21156,21136,21178,42,1.685691,801,127.48310941660817,0.18239568501864054,0.24042588498128795,0.20363952916885025,0.2584536024162367,Q→R
123,24,S,21185,21178,21191,13,-0.10121200000000001,801,127.48310941660817,-0.002141324677587255,-0.004844122178102683,-0.1845370096962278,-0.24527000715939062,R→S
124,24,T,21416,21266,21485,219,0.385984,801,127.48310941660817,-0.2800849522962131,0.10765303297697922,-0.27794362761862584,0.1124971551550819,S→T
125,25,P,21838,21808,21883,75,0.1684845,840,133.69015219719208,0.0408125363972047,0.0010912852276986165,0.32089748869341783,-0.1065617477492806,T→P
126,25,Q,21941,21921,21950,29,-0.2328515,840,133.69015219719208,-0.018382285051999788,-0.017100485294470242,-0.05919482144920449,-0.01819177052216886,P→Q
127,25,R,21969,21950,21986,36,1.6926645,840,133.69015219719208,0.16732009081767085,0.24367487045941913,0.18570237586967064,0.2607753557538894,Q→R
128,25,S,21991,21986,21998,12,-0.12150249999999999,840,133.69015219719208,-0.002520203005036764,-0.005571369471720075,-0.16984029382270763,-0.2492462399311392,R→S
129,25,T,22234,22084,22303,219,0.4283225,840,133.69015219719208,-0.2911478351717708,0.122735368654304,-0.28862763216673404,0.12830673812602408,S→T
130,26,P,22678,22649,22721,72,0.158922,859,136.7140961159381,0.036163340704526,0.0005662077777276198,0.32731117587629677,-0.12216916087657638,T→P
131,26,Q,22782,22760,22789,29,-0.235459,859,136.7140961159381,-0.01753500454396168,-0.015675753182237646,-0.05369834524848768,-0.016241960959965267,P→Q
132,26,R,22809,22789,22826,37,1.69468,859,136.7140961159381,0.16957113844345723,0.23426328668035676,0.1871061429874189,0.24993903986259441,Q→R
133,26,S,22830,22826,22838,12,-0.10380199999999999,859,136.7140961159381,-0.0022585013863140237,-0.004641538948439451,-0.17182963982977126,-0.2389048256287962,R→S
134,26,T,23074,22924,23141,217,0.408882,859,136.7140961159381,-0.2519803231670594,0.13197121393599212,-0.24972182178074534,0.13661275288443156,S→T
135,27,P,23537,23509,23580,71,0.1331,815,129.7112786198947,0.03690376118926416,0.0013124842351846914,0.2888840843563235,-0.13065872970080744,T→P
136,27,Q,23641,23619,23650,31,-0.302454,815,129.7112786198947,-0.020199934755963083,-0.020115723494463406,-0.05710369594522724,-0.021428207729648097,P→Q
137,27,R,23671,23650,23689,39,1.613777,815,129.7112786198947,0.15358410831542918,0.24453303116719974,0.17378404307139225,0.26464875466166315,Q→R
138,27,S,23699,23693,23705,12,-0.047277,815,129.7112786198947,-0.0008504346154210636,-0.002524910133736707,-0.15443454293085024,-0.24705794130093645,R→S
139,27,T,23933,23783,24000,217,0.35350400000000004,815,129.7112786198947,-0.24238445819727214,0.0715789248801941,-0.24153402358185108,0.07410383501393081,S→T
140,28,P,24352,24303,24382,79,0.196876,840,133.69015219719208,0.05155027735583926,-0.0025620061350864268,0.2939347355531114,-0.07414093101528052,T→P
141,28,Q,24446,24437,24454,17,-0.24041599999999996,840,133.69015219719208,-0.014313781656084863,-0.01197869682895345,-0.06586405901192412,-0.009416690693867023,P→Q
142,28,R,24476,24454,24497,43,1.765152,840,133.69015219719208,0.18564723401343217,0.24165796265467837,0.19996101566951702,0.25363665948363184,Q→R
143,28,S,24500,24497,24507,10,-0.09599600000000001,840,133.69015219719208,-0.0019647481588698115,-0.0040083774970008715,-0.187611982172302,-0.24566634015167924,R→S
144,28,T,24732,24582,24820,238,0.41901900000000003,840,133.69015219719208,-0.30096787768625727,0.157938272321638,-0.29900312952738745,0.16194664981863888,S→T
145,29,P,25192,25164,25238,74,0.162084,898,142.92113889652202,0.03987386300666654,0.0016646224032587902,0.34084174069292383,-0.15627364991837922,T→P
146,29,Q,25298,25276,25306,30,-0.257822,898,142.92113889652202,-0.0191839136567543,-0.016676997398257724,-0.05905777666342084,-0.018341619801516516,P→Q
147,29,R,25326,25306,25342,36,1.672355,898,142.92113889652202,0.16389077757226667,0.21573349400104097,0.18307469122902098,0.2324104913992987,Q→R
148,29,S,25348,25342,25357,15,-0.151097,898,142.92113889652202,-0.003867881301782453,-0.007421129693005882,-0.16775865887404912,-0.22315462369404684,R→S
149,29,T,25591,25444,25639,195,0.38422700000000004,898,142.92113889652202,-0.19727730173054128,0.12160099807885962,-0.19340942042875883,0.1290221277718655,S→T
150,30,P,26090,26047,26117,70,0.1670045,879,139.897194977776,0.03582593520660564,-0.0018713378592916307,0.2331032369371469,-0.12347233593815124,T→P
151,30,Q,26183,26172,26192,20,-0.2992905,879,139.897194977776,-0.018513125730661755,-0.014316542476954058,-0.0543390609372674,-0.012445204617662426,P→Q
152,30,R,26212,26192,26231,39,1.7248485,879,139.897194977776,0.17928615478497428,0.20970993828962148,0.19779928051563603,0.22402648076657553,Q→R
153,30,S,26238,26231,26245,14,-0.1484705,879,139.897194977776,-0.00440405656423371,-0.007795937913677472,-0.183690211349208,-0.21750587620329895,R→S
154,30,T,26469,26322,26537,215,0.37986149999999996,879,139.897194977776,-0.2173259787598002,0.14392446536757994,-0.2129219221955665,0.1517204032812574,S→T
155,31,P,26969,26961,26998,37,0.155721,781,124.30001055477027,0.02591265974460018,0.001967289563273417,0.2432386385044004,-0.14195717580430653,T→P
156,31,Q,27072,27054,27081,27,-0.22822800000000001,781,124.30001055477027,-0.02052177936555726,-0.021485378217156,-0.04643443911015744,-0.02345266778042942,P→Q
157,31,R,27094,27081,27119,38,1.601032,781,124.30001055477027,0.15037582782280945,0.25841492351298295,0.17089760718836672,0.27990030173013897,Q→R
158,31,S,27124,27119,27131,12,-0.06756799999999999,781,124.30001055477027,-0.0012288306176238878,-0.0036074874258785784,-0.15160465844043333,-0.2620224109388615,R→S
159,31,T,27368,27218,27436,218,0.38422599999999996,781,124.30001055477027,-0.28654858847995207,0.04555153757794868,-0.28531975786232816,0.04915902500382725,S→T
160,32,P,27750,27722,27795,73,0.16121449999999998,836,133.0535324248245,0.0457223742133734,0.0023673498224729634,0.33227096269332546,-0.043184187755475716,T→P
161,32,Q,27856,27833,27864,31,-0.2871015,836,133.0535324248245,-0.018535382411149316,-0.018016493683031726,-0.06425775662452271,-0.02038384350550469,P→Q
162,32,R,27885,27864,27903,39,1.7045205,836,133.0535324248245,0.16247547153315045,0.25046652763569566,0.18101085394429978,0.26848302131872737,Q→R
163,32,S,27909,27903,27920,17,-0.0527885,836,133.0535324248245,-0.00147582538624967,-0.003886939986195652,-0.1639512969194001,-0.2543534676218913,R→S
164,32,T,28147,27997,28215,218,0.4123595,836,133.0535324248245,-0.27360732455292686,0.1064537895108952,-0.27213149916667717,0.11034072949709084,S→T
165,33,P,28586,28541,28613,72,0.1319345,860,136.87325105903,0.03624275188650481,-0.0031163545944238673,0.3098500764394317,-0.10957014410531907,T→P
166,33,Q,28675,28651,28684,33,-0.3059495,860,136.87325105903,-0.0229461785805393,-0.016672110423019398,-0.05918893046704411,-0.01355575582859553,P→Q
167,33,R,28705,28684,28721,37,1.7245515,860,136.87325105903,0.18808569861323496,0.21357817034479043,0.21103187719377425,0.23025028076780982,Q→R
168,33,S,28727,28721,28739,18,-0.0942765,860,136.87325105903,-0.004145329376016663,-0.007067829122083873,-0.19223102798925162,-0.2206459994668743,R→S
169,33,T,28967,28817,29033,216,0.40335150000000003,860,136.87325105903,-0.23772371610067458,0.14764443318250642,-0.23357838672465792,0.1547122623045903,S→T
170,34,P,29446,29419,29493,74,0.17253400000000002,859,136.7140961159381,0.047072731253483636,0.0029918467222346977,0.2847964473541582,-0.1446525864602717,T→P
171,34,Q,29551,29533,29559,26,-0.204423,859,136.7140961159381,-0.014062719674848819,-0.013135324004595475,-0.061135450928332453,-0.016127170726830172,P→Q
172,34,R,29579,29559,29596,37,1.712954,859,136.7140961159381,0.1693825731601781,0.24175595649163487,0.18344529283502692,0.25489128049623033,Q→R
173,34,S,29601,29596,29607,11,-0.10295099999999999,859,136.7140961159381,-0.0018726679210746592,-0.004005787585485321,-0.17125524108125276,-0.24576174407712018,R→S
174,34,T,29845,29695,29913,218,0.432372,859,136.7140961159381,-0.2873286528958298,0.14033362489119447,-0.28545598497475516,0.14433941247667978,S→T
175,35,P,30305,30295,30333,38,0.174847,798,127.00564458733248,0.026296705597285704,0.001508156903693117,0.3136253584931155,-0.13882546798750134,T→P
176,35,Q,30405,30389,30415,26,-0.220681,798,127.00564458733248,-0.019584670051885696,-0.019093504738012718,-0.0458813756491714,-0.020601661641705835,P→Q
177,35,R,30428,30415,30453,38,1.643352,798,127.00564458733248,0.16008137309259396,0.25146975217407214,0.17966604314447965,0.2705632569120848,Q→R
178,35,S,30457,30453,30464,11,-0.09135399999999999,798,127.00564458733248,-0.002124335827038107,-0.005540827119972642,-0.16220570891963207,-0.2570105792940448,R→S
179,35,T,30704,30554,30771,217,0.384818,798,127.00564458733248,-0.27223604712148647,0.06776171937869938,-0.2701117112944484,0.07330254649867202,S→T
180,36,P,31103,31060,31131,71,0.172831,819,130.3478983922623,0.038665939843598895,-0.0016282785420065583,0.31090198696508536,-0.06938999792070594,T→P
181,36,Q,31199,31188,31209,21,-0.255214,819,130.3478983922623,-0.017262583413285394,-0.015363333160734714,-0.055928523256884285,-0.013735054618728156,P→Q
182,36,R,31227,31209,31248,39,1.7085890000000001,819,130.3478983922623,0.1742083422786072,0.24567104683587823,0.1914709256918926,0.26103437999661294,Q→R
183,36,S,31252,31248,31260,12,-0.14038799999999999,819,130.3478983922623,-0.003269818353063855,-0.007379295989756736,-0.17747816063167107,-0.253050342825635,R→S
184,36,T,31503,31353,31551,198,0.386243,819,130.3478983922623,-0.26543766553735443,0.10154068988714456,-0.2621678471842906,0.1089199858769013,S→T
185,37,P,31922,31893,31950,57,0.1693345,841,133.84930714028397,0.03234565056548411,-0.00014461332276193275,0.29778331610283854,-0.10168530320990649,T→P
186,37,Q,32019,32005,32032,27,-0.2221235,841,133.84930714028397,-0.019603667907392455,-0.01775471742738893,-0.051949318472876566,-0.017610104104626996,P→Q
187,37,R,32051,32032,32069,37,1.6366934999999998,841,133.84930714028397,0.16596492623592235,0.23526392651720365,0.1855685941433148,0.25301864394459256,Q→R
188,37,S,32074,32069,32082,13,-0.1832815,841,133.84930714028397,-0.004847618726442903,-0.010512108906322485,-0.17081254496236525,-0.24577603542352613,R→S
189,37,T,32321,32171,32375,204,0.3903295,841,133.84930714028397,-0.24028376362060846,0.09902106444783572,-0.23543614489416556,0.1095331733541582,S→T
190,38,P,32763,32735,32808,73,0.1383345,836,133.0535324248245,0.03584128292102508,0.001362319690261463,0.27612504654163356,-0.09765874475757426,T→P
191,38,Q,32869,32846,32877,31,-0.2897095,836,133.0535324248245,-0.01958469969329397,-0.019073704814952564,-0.05542598261431905,-0.020436024505214027,P→Q
192,38,R,32898,32877,32914,37,1.6938105,836,133.0535324248245,0.15975923762922284,0.24544249210227526,0.1793439373225168,0.26451619691722783,Q→R
193,38,S,32918,32914,32934,20,-0.1070025,836,133.0535324248245,-0.003268625810226907,-0.008244986756894787,-0.16302786343944975,-0.25368747885917003,R→S
194,38,T,33160,33031,33227,196,0.3766795,836,133.0535324248245,-0.23192277754658217,0.07432018155350152,-0.22865415173635525,0.08256516831039631,S→T
195,39,P,33599,33570,33626,56,0.152522,780,124.14085561167836,0.0284850755999356,-0.00039203813007867243,0.26040785314651776,-0.07471221968358019,T→P
196,39,Q,33692,33682,33702,20,-0.291726,780,124.14085561167836,-0.019601138555158635,-0.01811331527863696,-0.04808621415509423,-0.017721277148558288,P→Q
197,39,R,33722,33702,33743,41,1.6622,780,124.14085561167836,0.1707882594719191,0.2535424404696799,0.19038939802707774,0.27165575574831685,Q→R
198,39,S,33748,33743,33755,12,-0.12411100000000003,780,124.14085561167836,-0.0025250622383932064,-0.006612508551435847,-0.17331332171031233,-0.26015494902111574,R→S
199,39,T,33979,33849,34047,198,0.360718,780,124.14085561167836,-0.2572384690509768,0.055485052938023964,-0.2547134068125836,0.06209756148945981,S→T
200,40,P,34379,34349,34426,77,0.17227599999999998,820,130.5070533353542,0.04251041540921376,0.002026350300594599,0.29974888446019055,-0.05345870263742936,T→P
201,40,Q,34483,34466,34492,26,-0.20590200000000003,820,130.5070533353542,-0.015359435914476437,-0.015234762481745672,-0.0578698513236902,-0.01726111278234027,P→Q
202,40,R,34512,34492,34530,38,1.707443,820,130.5070533353542,0.16708905084458264,0.2622661512274132,0.1824484867590591,0.27750091370915886,Q→R
203,40,S,34534,34530,34539,9,-0.08582300000000001,820,130.5070533353542,-0.0012916651596605556,-0.0031869717354129456,-0.1683807160042432,-0.26545312296282614,R→S
204,40,T,34778,34628,35028,400,0.474989,820,130.5070533353542,-0.40064369070340267,0.028200747766351494,-0.3993520255437421,0.03138771950176444,S→T
205,41,P,35199,35168,35244,76,0.1728495,859,136.7140961159381,0.039523581469361996,0.0005368970667618823,0.44016727217276463,-0.027663850699589612,T→P
206,41,Q,35300,35283,35309,26,-0.2053295,859,136.7140961159381,-0.01819263844776337,-0.015991841404257915,-0.05771621991712536,-0.016528738471019797,P→Q
207,41,R,35329,35309,35346,37,1.6720585,859,136.7140961159381,0.1704521444107088,0.2316208951537379,0.18864478285847217,0.24761273655799582,Q→R
208,41,S,35351,35346,35358,12,-0.1478795,859,136.7140961159381,-0.0035839732564019234,-0.007269790302599535,-0.17403611766711072,-0.23889068545633743,R→S
209,41,T,35597,35447,35664,217,0.4170015,859,136.7140961159381,-0.254322509711938,0.12521865519561423,-0.25073853645553607,0.13248844549821376,S→T
210,42,P,36058,36028,36083,55,0.14904399999999998,797,126.84648964424059,0.027618023855972472,-0.0005325624343621783,0.28194053356791043,-0.1257512176299764,T→P
211,42,Q,36152,36141,36163,22,-0.28536300000000003,797,126.84648964424059,-0.020626936415096664,-0.01870336292477817,-0.048244960271069136,-0.01817080049041599,P→Q
212,42,R,36176,36163,36201,38,1.6448139999999998,797,126.84648964424059,0.16765973916460722,0.24330766352830874,0.18828667557970388,0.2620110264530869,Q→R
213,42,S,36206,36201,36214,13,-0.14094300000000004,797,126.84648964424059,-0.0036674785252842714,-0.00878695967641483,-0.17132721768989148,-0.2520946232047236,R→S
214,42,T,36455,36306,36504,198,0.35320799999999997,797,126.84648964424059,-0.2321400608247327,0.06530650754530586,-0.22847258229944845,0.0740934672217207,S→T
215,43,P,36855,36811,36864,53,0.1319535,840,133.69015219719208,0.027988483795707415,-0.003104682713854085,0.2601285446204401,-0.06841119025915994,T→P
216,43,Q,36945,36936,36954,18,-0.3111465,840,133.69015219719208,-0.019699161956044268,-0.015760866284741756,-0.04768764575175168,-0.012656183570887672,P→Q
217,43,R,36975,36954,36996,42,1.7315245,840,133.69015219719208,0.18544795890436602,0.2261423034187336,0.2051471208604103,0.24190316970347536,Q→R
218,43,S,37003,36996,37010,14,-0.10409750000000001,840,133.69015219719208,-0.0025280401502843428,-0.004946075397379686,-0.18797599905465037,-0.23108837881611327,R→S
219,43,T,37235,37085,37322,237,0.39815449999999997,840,133.69015219719208,-0.2701799068849057,0.1435121826957483,-0.2676518667346213,0.148458258093128,S→T
220,44,P,37695,37667,37740,73,0.16791050000000002,861,137.0324060021219,0.038770210708980665,0.00125631620780788,0.30895011759388635,-0.14225586648794042,T→P
221,44,Q,37799,37779,37808,29,-0.2374945,861,137.0324060021219,-0.01872126727166669,-0.017139671440768937,-0.057491477980647354,-0.018395987648576816,P→Q
222,44,R,37828,37808,37844,36,1.6717815,861,137.0324060021219,0.16463635268089377,0.23265677669334836,0.18335761995256045,0.2497964481341173,Q→R
223,44,S,37849,37844,37857,13,-0.1394995,861,137.0324060021219,-0.003155761851739213,-0.0066401589007606615,-0.16779211453263299,-0.23929693559410903,R→S
224,44,T,38093,37943,38161,218,0.4172795,861,137.0324060021219,-0.26346301489807367,0.12497495839677926,-0.26030725304633445,0.1316151172975399,S→T
225,45,P,38556,38528,38598,70,0.13628200000000001,858,136.5549411728462,0.032303208565407755,0.0006366813276898847,0.2957662234634814,-0.12433827706908937,T→P
226,45,Q,38661,38637,38670,33,-0.308558,858,136.5549411728462,-0.02168452696883031,-0.019993925186318835,-0.053987735534238065,-0.02063060651400872,P→Q
227,45,R,38691,38670,38707,37,1.7051120000000002,858,136.5549411728462,0.1601499217312544,0.23234830316344893,0.1818344487000847,0.25234222834976777,Q→R
228,45,S,38713,38707,38727,20,-0.10439399999999999,858,136.5549411728462,-0.0040241930782455035,-0.009382605224760894,-0.1641741148094999,-0.24173090838820982,R→S
229,45,T,38952,38824,39017,193,0.36304800000000004,858,136.5549411728462,-0.20760104389163167,0.08562245875724349,-0.20357685081338617,0.09500506398200438,S→T
230,46,P,39414,39368,39440,72,0.1812465,837,133.2126873679164,0.041600795251130855,-0.001929578466427134,0.24920183914276253,-0.08755203722367062,T→P
231,46,Q,39508,39497,39520,23,-0.24213649999999998,837,133.2126873679164,-0.01769320339618024,-0.01505476622120611,-0.059293998647311094,-0.013125187754778975,P→Q
232,46,R,39533,39520,39559,39,1.6740935,837,133.2126873679164,0.17425052045523837,0.23198520279395166,0.1919437238514186,0.24703996901515776,Q→R
233,46,S,39563,39559,39569,10,-0.0832155,837,133.2126873679164,-0.0020624048123387795,-0.004278257743177273,-0.17631292526757714,-0.23626346053712893,R→S
234,46,T,39810,39660,40060,400,0.4352765,837,133.2126873679164,-0.34533775438552106,0.04956913393051315,-0.3432753495731823,0.05384739167369042,S→T
235,47,P,40251,40222,40298,76,0.173977,861,137.0324060021219,0.050362415791262834,0.0026925974939767798,0.3957001701767839,-0.046876536436536366,T→P
236,47,Q,40358,40338,40365,27,-0.230244,861,137.0324060021219,-0.012718581330835714,-0.012206384904506488,-0.06308099712209855,-0.014898982398483267,P→Q
237,47,R,40386,40365,40404,39,1.735261,861,137.0324060021219,0.1685535345566919,0.2453305177074025,0.18127211588752762,0.257536902611909,Q→R
238,47,S,40407,40404,40414,10,-0.06381300000000001,861,137.0324060021219,-0.0009953459872434239,-0.002179300503095163,-0.16954888054393533,-0.24750981821049767,R→S
239,47,T,40650,40500,40758,258,0.461671,861,137.0324060021219,-0.33355410153591175,0.14948011659150576,-0.3325587555486683,0.15165941709460093,S→T
240,48,P,41112,41084,41155,71,0.140074,856,136.2366312866624,0.03780558763088583,0.0013493809204613958,0.37135968916679757,-0.14813073567104437,T→P
241,48,Q,41217,41194,41226,32,-0.301288,856,136.2366312866624,-0.01968908260124553,-0.018466192111935946,-0.05749467023213136,-0.01981557303239734,P→Q
242,48,R,41247,41226,41264,38,1.7367599999999999,856,136.2366312866624,0.1624975035282081,0.23810712127334377,0.18218658612945363,0.2565733133852797,Q→R
243,48,S,41269,41264,41281,17,-0.07393,856,136.2366312866624,-0.0024672493290785334,-0.005744687247420468,-0.16496475285728665,-0.24385180852076424,R→S
244,48,T,41508,41358,41576,218,0.426583,856,136.2366312866624,-0.27306822790814245,0.11996081646003354,-0.2706009785790639,0.125705503707454,S→T
245,49,P,41968,41925,41995,70,0.169335,799,127.16479953042438,0.03462692739652983,-0.001710208250095656,0.3076951553046723,-0.1216710247101292,T→P
246,49,Q,42061,42051,42071,20,-0.29115199999999997,799,127.16479953042438,-0.01974832704403568,-0.017690297002592992,-0.05437525444056551,-0.015980088752497335,P→Q
247,49,R,42086,42071,42112,41,1.645942,799,127.16479953042438,0.16840359269746003,0.24068656686964848,0.1881519197414957,0.25837686387224146,Q→R
248,49,S,42119,42112,42125,13,-0.12065200000000001,799,127.16479953042438,-0.003137492319581359,-0.007570571654429751,-0.17154108501704138,-0.24825713852407824,R→S
249,49,T,42367,42217,42415,198,0.35552,799,127.16479953042438,-0.24758960985693745,0.0747714427223603,-0.2444521175373561,0.08234201437679005,S→T
250,50,P,42767,42737,42813,76,0.173719,841,133.84930714028397,0.043258308302876775,0.0014034017391262377,0.29084791815981426,-0.07336804098323407,T→P
251,50,Q,42868,42852,42878,26,-0.20908300000000002,841,133.84930714028397,-0.016642646502519287,-0.0153608830008625,-0.05990095480539606,-0.016764284739988738,P→Q
252,50,R,42898,42878,42915,37,1.669451,841,133.84930714028397,0.16888254826894813,0.24360437449405897,0.18552519477146742,0.2589652574949215,Q→R
253,50,S,42920,42915,42927,12,-0.11919099999999999,841,133.84930714028397,-0.0025942446311904943,-0.005733512625965373,-0.17147679290013862,-0.24933788712002436,R→S
254,50,T,43166,43016,43233,217,0.422533,841,133.84930714028397,-0.28424163729452323,0.12136892026624063,-0.2816473926633327,0.12710243289220602,S→T
255,51,P,43608,43577,43652,75,0.17834250000000001,836,133.0535324248245,0.04256737277003398,0.0010096818083864814,0.3268090100645572,-0.12035923845785415,T→P
256,51,Q,43710,43692,43718,26,-0.21489149999999996,836,133.0535324248245,-0.016535293347222847,-0.0153183386479256,-0.05910266611725683,-0.01632802045631208,P→Q
257,51,R,43738,43718,43755,37,1.6926454999999998,836,133.0535324248245,0.17061604757426158,0.24633652643699208,0.18715134092148442,0.2616548650849177,Q→R
258,51,S,43760,43755,43767,12,-0.1336925,836,133.0535324248245,-0.0026746861113935527,-0.00586452586349056,-0.17329073368565512,-0.2522010523004826,R→S
259,51,T,44004,43854,44072,218,0.4190185,836,133.0535324248245,-0.2870241017283843,0.12053433250959987,-0.28434941561699073,0.12639885837309042,S→T
260,52,P,44444,44417,44476,59,0.166431,798,127.00564458733248,0.03605860277464009,0.0007103230040711241,0.32308270450302434,-0.11982400950552875,T→P
261,52,Q,44549,44529,44558,29,-0.24359799999999998,798,127.00564458733248,-0.01963255789017375,-0.02034253295784933,-0.05569116066481384,-0.021052855961920455,P→Q
262,52,R,44570,44558,44595,37,1.5972410000000001,798,127.00564458733248,0.15342655984525227,0.2569649807604078,0.17305911773542604,0.2773075137182571,Q→R
263,52,S,44600,44595,44607,12,-0.06148200000000001,798,127.00564458733248,-0.0011517473899180259,-0.0032063097892949142,-0.1545783072351703,-0.2601712905497027,R→S
264,52,T,44843,44693,44911,218,0.398413,798,127.00564458733248,-0.3007851736801036,0.07231432458886826,-0.2996334262901856,0.07552063437816317,S→T
265,53,P,45242,45233,45271,38,0.15892099999999998,739,117.61550294491066,0.025483377754048676,0.0018152282477192328,0.3262685514341523,-0.07049909634114902,T→P
266,53,Q,45343,45328,45353,25,-0.233721,739,117.61550294491066,-0.020646365820520454,-0.022960098154475996,-0.04612974357456913,-0.02477532640219523,P→Q
267,53,R,45366,45353,45390,37,1.698749,739,117.61550294491066,0.1527572210402415,0.29212310935941527,0.17340358686076196,0.31508320751389124,Q→R
268,53,S,45393,45390,45402,12,-0.09048500000000001,739,117.61550294491066,-0.0016964375858113101,-0.006225017730653876,-0.15445365862605281,-0.29834812709006914,R→S
269,53,T,45642,45492,45709,217,0.369448,739,117.61550294491066,-0.2921738088983805,0.006828138563354344,-0.29047737131256923,0.01305315629400822,S→T
270,54,P,45981,45953,46008,55,0.165858,799,127.16479953042438,0.0333406905022985,-0.0007248446858863721,0.325514499400679,-0.007552983249240716,T→P
271,54,Q,46072,46062,46081,19,-0.32015499999999997,799,127.16479953042438,-0.020397448207848626,-0.017727891723994457,-0.053738138710147126,-0.017003047038108086,P→Q
272,54,R,46101,46081,46123,42,1.6923679999999999,799,127.16479953042438,0.18224622748725783,0.24962334943852368,0.20264367569510644,0.2673512411625181,Q→R
273,54,S,46130,46123,46136,13,-0.11832199999999998,799,127.16479953042438,-0.002453500394382921,-0.005740426427268115,-0.18469972788164074,-0.2553637758657918,R→S
274,54,T,46361,46211,46429,218,0.40945600000000004,799,127.16479953042438,-0.2883933760869501,0.1086170352670401,-0.2859398756925672,0.11435746169430822,S→T
275,55,P,46780,46734,46808,74,0.1823745,819,130.3478983922623,0.04510962789839351,-0.0024877098892074545,0.3335030039853436,-0.11110474515624755,T→P
276,55,Q,46872,46863,46880,17,-0.2752265,819,130.3478983922623,-0.016821458497193898,-0.014278752739459078,-0.061931086395587406,-0.011791042850251624,P→Q
277,55,R,46901,46880,46922,42,1.7657065,819,130.3478983922623,0.1849799411701285,0.24430102247022173,0.2018013996673224,0.2585797752096808,Q→R
278,55,S,46928,46922,46935,13,-0.12385150000000002,819,130.3478983922623,-0.0031538687081349584,-0.006690979794785857,-0.18813380987826347,-0.25099200226500756,R→S
279,55,T,47179,47029,47247,218,0.4109165,819,130.3478983922623,-0.2948345794394619,0.11927426899869642,-0.29168071073132695,0.12596524879348228,S→T
280,56,P,47599,47553,47627,74,0.174273,838,133.3718423110083,0.04189810520226685,-0.00227030693590974,0.33673268464172873,-0.12154457593460616,T→P
281,56,Q,47693,47683,47702,19,-0.26705199999999996,838,133.3718423110083,-0.0163964342385877,-0.013765163579281016,-0.05829453944085455,-0.011494856643371276,P→Q
282,56,R,47722,47702,47741,39,1.759343,838,133.3718423110083,0.18076039621418907,0.23609178029332836,0.19715683045277677,0.24985694387260937,Q→R
283,56,S,47747,47741,47754,13,-0.154556,838,133.3718423110083,-0.0038832588588956873,-0.00782043791949473,-0.18464365507308475,-0.2439122182128231,R→S
284,56,T,47998,47848,48066,218,0.42134800000000006,838,133.3718423110083,-0.290623392158816,0.13225898061567185,-0.2867401332999203,0.1400794185351666,S→T
285,57,P,48437,48407,48465,58,0.1653025,820,130.5070533353542,0.0331921262826591,-0.00021208594802351276,0.3238155184414751,-0.13247106656369537,T→P
286,57,Q,48533,48522,48544,22,-0.25808050000000005,820,130.5070533353542,-0.01796796409189655,-0.016187055746579485,-0.05116009037455565,-0.015974969798555973,P→Q
287,57,R,48563,48544,48582,38,1.7201865,820,130.5070533353542,0.17270204262270977,0.24703631744678392,0.19067000671460632,0.2632233731933634,Q→R
288,57,S,48586,48582,48594,12,-0.1600865,820,130.5070533353542,-0.003554647778909444,-0.00802339711535698,-0.1762566904016192,-0.2550597145621409,R→S
289,57,T,48837,48687,48886,199,0.40309249999999996,820,130.5070533353542,-0.2716677300554939,0.09958719694059298,-0.2681130822765844,0.10761059405594996,S→T
290,58,P,49257,49227,49283,56,0.1548705,719,114.43240408307275,0.030594319783303504,-0.0005336943864722556,0.3022620498387974,-0.10012089132706524,T→P
291,58,Q,49352,49340,49362,22,-0.2766515,719,114.43240408307275,-0.020397299838976066,-0.021819207335275023,-0.05099161962227957,-0.02128551294880277,P→Q
292,58,R,49376,49362,49401,39,1.6447945,719,114.43240408307275,0.15523659296300082,0.2876695307125993,0.1756338928019769,0.30948873804787436,Q→R
293,58,S,49406,49401,49414,13,-0.11599150000000001,719,114.43240408307275,-0.002377702606993767,-0.008977538534725108,-0.1576142955699946,-0.2966470692473244,R→S
294,58,T,49636,49507,49704,197,0.3537805,719,114.43240408307275,-0.2725113719780623,-0.009162915624116568,-0.27013366937106853,-0.00018537708939145997,S→T
295,59,P,49976,49951,50002,51,0.16066,718,114.27324913998086,0.03562958728503627,0.0003456863051999639,0.3081409592630986,0.009508601929316532,T→P
296,59,Q,50072,50057,50083,26,-0.28129400000000004,718,114.27324913998086,-0.022204899651319776,-0.02430726798546879,-0.057834486936356046,-0.024652954290668754,P→Q
297,59,R,50097,50083,50122,39,1.662792,718,114.27324913998086,0.15469768462744313,0.2983824522129732,0.1769025842787629,0.322689720198442,Q→R
298,59,S,50128,50122,50133,11,-0.124111,718,114.27324913998086,-0.002223508311533433,-0.008743250836567138,-0.15692119293897655,-0.30712570304954034,R→S
299,59,T,50355,50226,50421,195,0.34218400000000004,718,114.27324913998086,-0.2572150603838117,-0.006646429246594218,-0.25499155207227825,0.00209682158997292,S→T
300,60,P,50694,50665,50721,56,0.159772,759,120.79860180674856,0.0359783232045698,-0.0005122357754733965,0.2931933835883815,0.006134193471120822,T→P
301,60,Q,50787,50776,50795,19,-0.325648,759,120.79860180674856,-0.021819776626502363,-0.02069153173479525,-0.05779809983107216,-0.020179295959321854,P→Q
302,60,R,50813,50795,50837,42,1.708293,759,120.79860180674856,0.17723742354516617,0.27530854380797315,0.19905720017166853,0.2960000755427684,Q→R
303,60,S,50842,50837,50849,12,-0.127885,759,120.79860180674856,-0.002628590690434874,-0.007369920994846113,-0.17986601423560103,-0.2826784648028193,R→S
304,60,T,51073,50923,51142,219,0.382506,759,120.79860180674856,-0.28599998202299437,0.05900170703943001,-0.2833713913325595,0.06637162803427613,S→T
305,61,P,51453,51445,51481,36,0.1490625,801,127.48310941660817,0.020174533418314926,0.00128413464662187,0.3061745154413093,-0.05771757239280814,T→P
306,61,Q,51554,51534,51564,30,-0.2540115,801,127.48310941660817,-0.023567745267376677,-0.02315069536649392,-0.0437422786856916,-0.02443483001311579,P→Q
307,61,R,51577,51564,51600,36,1.6303314999999998,801,127.48310941660817,0.1595033088271711,0.2548100388775436,0.18307105409454777,0.27796073424403756,Q→R
308,61,S,51606,51600,51615,15,-0.1704815,801,127.48310941660817,-0.004175054017105795,-0.010847101012770196,-0.1636783628442769,-0.2656571398903138,R→S
309,61,T,51852,51723,51898,175,0.3149385,801,127.48310941660817,-0.19220371553095958,0.05047288577042102,-0.18802866151385378,0.06131998678319121,S→T
310,62,P,52254,52227,52298,71,0.1395,896,142.60282901033824,0.03271673858279095,0.0014203406104685847,0.22492045411375053,-0.049052545159952436,T→P
311,62,Q,52360,52336,52369,33,-0.298976,896,142.60282901033824,-0.018788734292589284,-0.01661702592950256,-0.05150547287538024,-0.018037366539971143,P→Q
312,62,R,52389,52369,52406,37,1.70833,896,142.60282901033824,0.16190910448811702,0.21875219629339063,0.1806978387807063,0.2353692222228932,Q→R
313,62,S,52411,52406,52424,18,-0.09888200000000003,896,142.60282901033824,-0.003703417897989787,-0.007537183136276753,-0.1656125223861068,-0.22628937942966737,R→S
314,62,T,52651,52502,52716,214,0.37495999999999996,896,142.60282901033824,-0.19759738765556853,0.11861188760316914,-0.19389396975757875,0.1261490707394459,S→T
315,63,P,53150,53120,53179,59,0.18849649999999998,898,142.92113889652202,0.036250073804909945,7.754797130770513e-05,0.23384746146047847,-0.11853433963186144,T→P
316,63,Q,53252,53236,53261,25,-0.19023650000000003,898,142.92113889652202,-0.015818719067838074,-0.013339567099668728,-0.052068792872748015,-0.013417115070976433,P→Q
317,63,R,53281,53261,53298,37,1.6662504999999999,898,142.92113889652202,0.16945927124311758,0.21597847524077896,0.18527799031095565,0.22931804234044767,Q→R
318,63,S,53303,53298,53310,12,-0.16471050000000004,898,142.92113889652202,-0.004198004170946381,-0.007684152187003202,-0.17365727541406395,-0.22366262742778215,R→S
319,63,T,53550,53400,53638,238,0.4401965,898,142.92113889652202,-0.2729326739606647,0.16392919765209457,-0.2687346697897183,0.17161334983909776,S→T
320,64,P,54048,54003,54077,74,0.198652,839,133.53099725410019,0.049441669852605626,-0.002672841264091515,0.3223743438132703,-0.16660203891618608,T→P
321,64,Q,54142,54133,54151,18,-0.23516299999999998,839,133.53099725410019,-0.014134548476126801,-0.011914901390613962,-0.06357621832873242,-0.009242060126522447,P→Q
322,64,R,54171,54151,54192,41,1.75472,839,133.53099725410019,0.1825239352213428,0.23846397954877546,0.1966584836974696,0.2503788809393894,Q→R
323,64,S,54196,54192,54203,11,-0.11452999999999999,839,133.53099725410019,-0.002486472120079428,-0.005060674654137774,-0.18501040734142224,-0.24352465420291325,R→S
324,64,T,54448,54298,54516,218,0.42482600000000004,839,133.53099725410019,-0.2992338279471341,0.13484694550492207,-0.2967473558270547,0.13990762015905986,S→T
325,65,P,54887,54843,54915,72,0.18095100000000003,763,121.43522157911615,0.0412132086687114,-0.0014478631589205666,0.3404470366158455,-0.13629480866384264,T→P
326,65,Q,54984,54972,54995,23,-0.25922799999999996,763,121.43522157911615,-0.019605248087944564,-0.01987089933016621,-0.06081845675665597,-0.018423036171245646,P→Q
327,65,R,55008,54995,55034,39,1.651787,763,121.43522157911615,0.15844785153374533,0.2665493700495787,0.1780530996216899,0.2864202693797449,Q→R
328,65,S,55039,55034,55045,11,-0.107298,763,121.43522157911615,-0.002262000786699317,-0.006844948494310212,-0.16070985232044466,-0.2733943185438889,R→S
329,65,T,55286,55136,55335,199,0.34915700000000005,763,121.43522157911615,-0.2610966258303351,0.03768535020638414,-0.2588346250436358,0.04453029870069435,S→T
330,66,P,55650,55637,55693,56,0.15080149999999998,695,110.61268544886727,0.03302135141031441,0.003035925046273064,0.29411797724064953,-0.034649425160111075,T→P
331,66,Q,55753,55731,55761,30,-0.2806835000000001,695,110.61268544886727,-0.020993374666705734,-0.026369673489426378,-0.054014726077020146,-0.02940559853569944,P→Q
332,66,R,55775,55761,55800,39,1.6250775,695,110.61268544886727,0.14012792414057698,0.3272716725237965,0.1611212988072827,0.3536413460132229,Q→R
333,66,S,55814,55806,55817,11,-0.024359500000000006,695,110.61268544886727,-0.0001623302631152576,-0.0014211061242059926,-0.14029025440369225,-0.3286927786480025,R→S
334,66,T,56045,55895,56113,218,0.3706125,695,110.61268544886727,-0.31181859541859863,-0.04986241189458499,-0.3116562651554834,-0.048441305770379,S→T
335,67,P,56345,56316,56373,57,0.17168450000000002,798,127.00564458733248,0.04479011233159533,-2.801461548080111e-05,0.35660870775019393,0.049834397279104194,T→P
336,67,Q,56441,56430,56451,21,-0.2778165,798,127.00564458733248,-0.018620728382017754,-0.017204108304663922,-0.06341084071361308,-0.01717609368918312,P→Q
337,67,R,56465,56451,56491,40,1.7358535000000002,798,127.00564458733248,0.1763599615287662,0.26377290949816035,0.19498068991078396,0.28097701780282425,Q→R
338,67,S,56494,56491,56502,11,-0.11075650000000001,798,127.00564458733248,-0.0024100952915137998,-0.00596871236935349,-0.17877005682028,-0.2697416218675138,R→S
339,67,T,56724,56574,56813,239,0.39845050000000004,798,127.00564458733248,-0.3130681815880313,0.10703999394044311,-0.3106580862965175,0.1130087063097966,S→T
340,68,P,57143,57100,57171,71,0.151652,780,124.14085561167836,0.037337814101106565,-0.002081573857960283,0.3504059956891379,-0.1091215677984034,T→P
341,68,Q,57235,57225,57244,19,-0.309427,780,124.14085561167836,-0.019768805644277194,-0.01797469714223234,-0.05710661974538376,-0.015893123284272056,P→Q
342,68,R,57264,57244,57284,40,1.7466000000000002,780,124.14085561167836,0.17882405889646433,0.259448525416801,0.19859286454074151,0.27742322255903334,Q→R
343,68,S,57291,57284,57299,15,-0.137743,780,124.14085561167836,-0.00346910361984535,-0.008605913269559713,-0.18229316251630967,-0.26805443868636075,R→S
344,68,T,57523,57373,57610,237,0.407421,780,124.14085561167836,-0.3008158073037476,0.0762082350448142,-0.2973467036839022,0.08481414831437391,S→T
345,69,P,57923,57897,57969,72,0.1525405,818,130.1887434491704,0.03695768410929126,0.0021008477292227775,0.3377734914130388,-0.07410738731559141,T→P
346,69,Q,58030,58009,58038,29,-0.2783895,818,130.1887434491704,-0.0178594242272399,-0.018395305146199314,-0.05481710833653116,-0.020496152875422093,P→Q
347,69,R,58058,58038,58075,37,1.6999145,818,130.1887434491704,0.1569769671905503,0.2587608732948482,0.1748363914177902,0.2771561784410475,Q→R
348,69,S,58080,58075,58092,17,-0.1014895,818,130.1887434491704,-0.002031164574190751,-0.005424353837418434,-0.15900813176474105,-0.26418522713226666,R→S
349,69,T,58322,58172,58390,218,0.41818649999999996,818,130.1887434491704,-0.2987266696008253,0.09307283689603672,-0.29669550502663455,0.09849719073345516,S→T
350,70,P,58741,58712,58770,58,0.1664495,739,117.61550294491066,0.037859832021782905,-2.0412681387009174e-05,0.33658650162260817,-0.09309324957742374,T→P
351,70,Q,58838,58826,58851,25,-0.22330750000000002,739,117.61550294491066,-0.01992556803137194,-0.02180029071186743,-0.05778540005315484,-0.02177987803048042,P→Q
352,70,R,58864,58851,58889,38,1.6378405,739,117.61550294491066,0.15201904711716385,0.2869507411043016,0.1719446151485358,0.30875103181616903,Q→R
353,70,S,58893,58889,58900,11,-0.1026735,739,117.61550294491066,-0.0018729279878193434,-0.006724856189408666,-0.1538919751049832,-0.29367559729371023,R→S
354,70,T,59140,58990,59208,218,0.38799950000000005,739,117.61550294491066,-0.3110797368616917,0.00433588366996494,-0.30920680887387236,0.011060739859373607,S→T
355,71,P,59480,59437,59507,70,0.1638595,758,120.63944686365667,0.03892889115955077,-0.0017473026424280598,0.3500086280212425,-0.0060831863123929995,T→P
356,71,Q,59575,59564,59586,22,-0.2746165,758,120.63944686365667,-0.019938277702649585,-0.019909957631515415,-0.05886716886220035,-0.018162654989087354,P→Q
357,71,R,59600,59586,59625,39,1.6863015,758,120.63944686365667,0.1656430630139542,0.27648057235336004,0.1855813407166038,0.2963905299848755,Q→R
358,71,S,59629,59625,59638,13,-0.15106050000000001,758,120.63944686365667,-0.003070503988866313,-0.009165326393960232,-0.16871356700282053,-0.28564589874732027,R→S
359,71,T,59859,59709,59927,218,0.36976250000000005,758,120.63944686365667,-0.27864867348904343,0.05219623588544336,-0.2755781695001771,0.06136156227940359,S→T
360,72,P,60238,60210,60267,57,0.1728125,740,117.77465788800255,0.03863453700618785,9.076035256667664e-05,0.3172832104952313,-0.05210547553287668,T→P
361,72,Q,60336,60324,60348,24,-0.2116915,740,117.77465788800255,-0.018546405569021467,-0.020424159718085578,-0.05718094257520932,-0.020514920070652254,P→Q
362,72,R,60367,60348,60385,37,1.6645124999999998,740,117.77465788800255,0.15538976096672272,0.29557594639027573,0.17393616653574417,0.3160001061083613,Q→R
363,72,S,60390,60385,60397,12,-0.1624175,740,117.77465788800255,-0.00302861243636522,-0.010640269260676521,-0.15841837340308793,-0.30621621565095225,R→S
364,72,T,60637,60490,60687,197,0.3804535,740,117.77465788800255,-0.2876865311561077,0.005770583122915297,-0.2846579187197425,0.016410852383591818,S→T
365,73,P,60978,60968,61006,38,0.16530250000000002,741,117.93381283109444,0.02874940175247173,0.0018880428413447258,0.3164359329085794,-0.003882540281570571,T→P
366,73,Q,61079,61062,61089,27,-0.2122465,741,117.93381283109444,-0.020404421860907993,-0.022626953748326968,-0.04915382361337972,-0.024514996589671694,P→Q
367,73,R,61108,61089,61125,36,1.6140915,741,117.93381283109444,0.1495262419998977,0.2861208098609425,0.1699306638608057,0.3087477636092695,Q→R
368,73,S,61130,61125,61138,13,-0.1606415,741,117.93381283109444,-0.0029084544992836873,-0.010248306640995661,-0.15243469649918137,-0.2963691165019382,R→S
369,73,T,61376,61226,61425,199,0.3630665,741,117.93381283109444,-0.27548440228893417,0.01340655468690117,-0.2725759477896505,0.023654861327896834,S→T
370,74,P,61719,61692,61763,71,0.147306,855,136.0774763435705,0.032650299175214115,0.0011615943161447572,0.3081347014641483,-0.012244960370756414,T→P
371,74,Q,61825,61800,61833,33,-0.29868,855,136.0774763435705,-0.021517424290845272,-0.02003536419923687,-0.054167723466059386,-0.021196958515381628,P→Q
372,74,R,61854,61833,61870,37,1.671486,855,136.0774763435705,0.15735281282632177,0.2316288195716166,0.17887023711716704,0.2516641837708535,Q→R
373,74,S,61877,61870,61890,20,-0.09396199999999999,855,136.0774763435705,-0.0034127966157092337,-0.008138900063336275,-0.160765609442031,-0.23976771963495289,R→S
374,74,T,62116,61967,62182,215,0.387427,855,136.0774763435705,-0.23953988189682832,0.11034461240888391,-0.2361270852811191,0.11848351247222018,S→T
375,75,P,62574,62530,62602,72,0.14934,779,123.98170066858647,0.04154118126572179,-0.0030117725078058774,0.2810810631625501,-0.11335638491668978,T→P
376,75,Q,62664,62655,62674,19,-0.31,779,123.98170066858647,-0.01944147424793859,-0.017430805385020412,-0.060982655513660375,-0.014419032877214535,P→Q
377,75,R,62694,62674,62714,40,1.6549500000000001,779,123.98170066858647,0.1743794799506522,0.24522841347712687,0.1938209541985908,0.26265921886214727,Q→R
378,75,S,62722,62714,62729,15,-0.11452999999999999,779,123.98170066858647,-0.002670372621002104,-0.006579297650233752,-0.17704985257165431,-0.2518077111273606,R→S
379,75,T,62954,62805,63021,216,0.355243,779,123.98170066858647,-0.24504170479779558,0.06752188833420199,-0.24237133217679346,0.07410118598443574,S→T
380,76,P,63353,63323,63380,57,0.14993249999999997,779,123.98170066858647,0.03102796433787494,-0.0004359987247017566,0.27606966913567055,-0.06795788705890374,T→P
381,76,Q,63448,63437,63457,20,-0.28040550000000003,779,123.98170066858647,-0.018628557230724947,-0.017601102135638615,-0.049656521568599885,-0.01716510341093686,P→Q
382,76,R,63472,63457,63499,42,1.7065915,779,123.98170066858647,0.17274499516557584,0.26626453554032453,0.1913735523963008,0.2838656376759631,Q→R
383,76,S,63503,63499,63510,11,-0.09947350000000002,779,123.98170066858647,-0.0019698092754942462,-0.005316379673505959,-0.1747148044410701,-0.2715809152138305,R→S
384,76,T,63733,63583,63821,238,0.36915149999999997,779,123.98170066858647,-0.29701347482470264,0.07832831792609149,-0.2950436655492084,0.08364469759959745,S→T
385,77,P,64132,64103,64161,58,0.1771775,843,134.16761702646778,0.037736428678746006,0.00020909072976126958,0.33474990350344863,-0.07811922719633022,T→P
386,77,Q,64233,64218,64243,25,-0.19689450000000003,843,134.16761702646778,-0.01635504572769673,-0.014990791308378357,-0.05409147440644274,-0.015199882038139627,P→Q
387,77,R,64263,64243,64280,37,1.6676935,843,134.16761702646778,0.16827189164238165,0.24152061424386814,0.18462693737007838,0.2565114055522465,Q→R
388,77,S,64285,64280,64292,12,-0.1528355,843,134.16761702646778,-0.0035310686041159335,-0.007709952826271163,-0.17180296024649758,-0.2492305670701393,R→S
389,77,T,64532,64382,64599,217,0.4045355,843,134.16761702646778,-0.27245893822251793,0.12016456077300997,-0.268927869618402,0.12787451359928112,S→T
390,78,P,64975,64946,65018,72,0.1525405,895,142.44367406724632,0.0388608864680651,0.0014755509291566184,0.31131982469058306,-0.11868900984385335,T→P
391,78,Q,65080,65057,65089,32,-0.28072050000000004,895,142.44367406724632,-0.017739344945002775,-0.015622670834367783,-0.05660023141306787,-0.0170982217635244,P→Q
392,78,R,65110,65089,65127,38,1.7410875,895,142.44367406724632,0.1634220758917249,0.2199859041809214,0.18116142083672765,0.23560857501528917,Q→R
393,78,S,65132,65127,65142,15,-0.0869885,895,142.44367406724632,-0.002643955197123202,-0.005394711388813408,-0.1660660310888481,-0.2253806155697348,R→S
394,78,T,65371,65221,65499,278,0.4546975,895,142.44367406724632,-0.29933102929293126,0.16197175882667736,-0.2966870740958081,0.16736647021549075,S→T
395,79,P,65870,65841,65898,57,0.169667,802,127.64226435970006,0.034004201902626374,-7.356791575023496e-05,0.33333523119555764,-0.16204532674242758,T→P
396,79,Q,65966,65954,65979,25,-0.23573700000000003,802,127.64226435970006,-0.019566724792221005,-0.018490174624501424,-0.05357092669484738,-0.018416606708751188,P→Q
397,79,R,65992,65979,66016,37,1.62308,802,127.64226435970006,0.1598428614069549,0.24292106402724295,0.1794095861991759,0.26141123865174437,Q→R
398,79,S,66021,66016,66029,13,-0.13656000000000001,802,127.64226435970006,-0.0035038235978359427,-0.008746186261490955,-0.16334668500479083,-0.2516672502887339,R→S
399,79,T,66269,66119,66317,198,0.355815,802,127.64226435970006,-0.23600095256791703,0.06636080611782606,-0.2324971289700811,0.07510699237931702,S→T
400,80,P,66672,66641,66717,76,0.178343,855,136.0774763435705,0.049549735078923594,0.001930117635745552,0.2855506876468406,-0.06443068848208051,T→P
401,80,Q,66776,66764,66784,20,-0.22299300000000002,855,136.0774763435705,-0.011687891337014098,-0.011031536192608271,-0.06123762641593769,-0.012961653828353823,P→Q
402,80,R,66804,66784,66823,39,1.7378879999999999,855,136.0774763435705,0.17380430522308046,0.2458807506932984,0.18549219656009455,0.25691228688590667,Q→R
403,80,S,66826,66823,66829,6,-0.03451399999999999,855,136.0774763435705,-0.00036559342112352634,-0.0007704118337816371,-0.17416989864420399,-0.24665116252708003,R→S
404,80,T,67068,66918,67318,400,0.462522,855,136.0774763435705,-0.3776547061448444,0.09709836209187743,-0.3772891127237209,0.09786877392565907,S→T
405,81,P,67527,67483,67554,71,0.1508015,839,133.53099725410019,0.03931166156014689,-0.003231592749289867,0.4169663677049913,-0.1003299548411673,T→P
406,81,Q,67617,67607,67626,19,-0.3009925,839,133.53099725410019,-0.018877055477733568,-0.015093068098479356,-0.058188717037880464,-0.01186147534918949,P→Q
407,81,R,67647,67626,67664,38,1.7289174999999999,839,133.53099725410019,0.18356581436517305,0.22296298184563773,0.20244286984290663,0.23805604994411708,Q→R
408,81,S,67674,67664,67681,17,-0.11077449999999998,839,133.53099725410019,-0.003885098307403527,-0.007375720966096564,-0.18745091267257658,-0.2303387028117343,R→S
409,81,T,67907,67759,67975,216,0.40309249999999996,839,133.53099725410019,-0.24864354895385746,0.12519717068931668,-0.24475845064645393,0.13257289165541325,S→T
410,82,P,68366,68322,68394,72,0.17342200000000002,838,133.3718423110083,0.036209925687723535,-0.0015092437432747503,0.284853474641581,-0.12670641443259142,T→P
411,82,Q,68461,68450,68471,21,-0.276041,838,133.3718423110083,-0.01901722720117754,-0.01625680760842245,-0.05522715288890108,-0.014747563865147698,P→Q
412,82,R,68490,68471,68509,38,1.697602,838,133.3718423110083,0.1727983546434312,0.2306165357093675,0.19181558184460876,0.24687334331778993,Q→R
413,82,S,68514,68509,68524,15,-0.18034,838,133.3718423110083,-0.004981406988874193,-0.010376027639373663,-0.1777797616323054,-0.24099256334874117,R→S
414,82,T,68765,68616,68814,198,0.381063,838,133.3718423110083,-0.23695106848042352,0.10167442534773975,-0.23196966149154932,0.11205045298711341,S→T
415,83,P,69204,69162,69232,70,0.16530199999999998,780,124.14085561167836,0.03771625236692103,-0.0022335991847130007,0.2746673208473446,-0.10390802453245275,T→P
416,83,Q,69298,69288,69308,20,-0.300993,780,124.14085561167836,-0.020528765331993427,-0.019317646442485792,-0.05824501769891445,-0.01708404725777279,P→Q
417,83,R,69325,69308,69349,41,1.654672,780,124.14085561167836,0.1670227013441777,0.25300013147576683,0.18755146667617115,0.2723177779182526,Q→R
418,83,S,69354,69349,69362,13,-0.12586800000000004,780,124.14085561167836,-0.002563100437236199,-0.006911282222977351,-0.16958580178141391,-0.2599114136987442,R→S
419,83,T,69604,69454,69672,218,0.363066,780,124.14085561167836,-0.28126580327010314,0.05784507237631942,-0.27870270283286697,0.06475635459929677,S→T
420,84,P,69984,69954,70013,59,0.1678735,821,130.66620827844608,0.03715620443276994,0.00016168422690981986,0.3184220077028731,-0.0576833881494096,T→P
421,84,Q,70085,70068,70095,27,-0.2061985,821,130.66620827844608,-0.018618751673363,-0.01769018921220688,-0.05577495610613294,-0.0178518734391167,P→Q
422,84,R,70114,70095,70132,37,1.6613125000000002,821,130.66620827844608,0.16604751779702984,0.25091410324436014,0.18466626947039283,0.26860429245656703,Q→R
423,84,S,70137,70132,70144,12,-0.15688649999999998,821,130.66620827844608,-0.003602715179724169,-0.008552163065505287,-0.169650232976754,-0.2594662663098654,R→S
424,84,T,70383,70233,70450,217,0.4097325,821,130.66620827844608,-0.2799015206668742,0.09238450504916688,-0.27629880548715,0.10093666811467217,S→T
425,85,P,70805,70775,70834,59,0.1644155,876,139.41973014850032,0.033975689676511496,-2.246390412188465e-05,0.31387721034338567,-0.09240696895328877,T→P
426,85,Q,70909,70888,70918,30,-0.26070650000000006,876,139.41973014850032,-0.019964358401206018,-0.017621892304630057,-0.05394004807771752,-0.017599428400508172,P→Q
427,85,R,70937,70918,70954,36,1.6676944999999999,876,139.41973014850032,0.16574481673037986,0.2246957252921829,0.18570917513158589,0.24231761759681297,Q→R
428,85,S,70959,70954,70974,20,-0.13252650000000002,876,139.41973014850032,-0.0033809850006502923,-0.006893005895562418,-0.16912580173103015,-0.2315887311877453,R→S
429,85,T,71202,71052,71270,218,0.3998745,876,139.41973014850032,-0.22824948186822613,0.11799097987026096,-0.22486849686757585,0.12488398576582338,S→T
430,86,P,71681,71637,71709,72,0.17427299999999998,859,136.7140961159381,0.03860698686718592,-0.0018844130179993897,0.2668564687354121,-0.11987539288826035,T→P
431,86,Q,71776,71766,71786,20,-0.268235,859,136.7140961159381,-0.017248011991433936,-0.01425466106596187,-0.05585499885861986,-0.01237024804796248,P→Q
432,86,R,71805,71786,71826,40,1.712362,859,136.7140961159381,0.17629593111796854,0.2241777049698555,0.19354394310940248,0.23843236603581738,Q→R
433,86,S,71830,71826,71838,12,-0.148194,859,136.7140961159381,-0.0036060695720615205,-0.0070171226243156285,-0.17990200069003007,-0.23119482759417115,R→S
434,86,T,72081,71931,72169,238,0.417871,859,136.7140961159381,-0.2878951875853645,0.13929579893642247,-0.284289118013303,0.1463129215607381,S→T
435,87,P,72540,72510,72568,58,0.17166549999999997,839,133.53099725410019,0.032595711849475524,2.3331598200324996e-05,0.32049089943484,-0.13927246733822213,T→P
436,87,Q,72637,72625,72649,24,-0.2551955,839,133.53099725410019,-0.01921206873791393,-0.017023729712533197,-0.051807780587389454,-0.01704706131073352,P→Q
437,87,R,72662,72649,72687,38,1.6465334999999999,839,133.53099725410019,0.16506695064647955,0.22850851585749413,0.18427901938439348,0.2455322455700273,Q→R
438,87,S,72691,72687,72699,12,-0.1136605,839,133.53099725410019,-0.003042366736680267,-0.006625765838889631,-0.16810931738315982,-0.23513428169638376,R→S
439,87,T,72939,72789,73007,218,0.36942949999999997,839,133.53099725410019,-0.24517758843732895,0.10108082606130192,-0.2421352217006487,0.10770659190019155,S→T
440,88,P,73379,73352,73407,55,0.1557405,879,139.897194977776,0.029528342158409774,0.0003572684387116469,0.2747059305957387,-0.10072355762259028,T→P
441,88,Q,73485,73462,73494,32,-0.25721150000000004,879,139.897194977776,-0.020404597082164647,-0.018266398140425095,-0.04993293924057442,-0.018623666579136743,P→Q
442,88,R,73513,73494,73530,36,1.6596104999999999,879,139.897194977776,0.16264142015741173,0.22563278517587493,0.18304601723957636,0.24389918331630003,Q→R
443,88,S,73535,73530,73544,14,-0.12670050000000002,879,139.897194977776,-0.003018020309444577,-0.006233171551861327,-0.1656594404668563,-0.23186595672773624,R→S
444,88,T,73779,73629,73847,218,0.4393275,879,139.897194977776,-0.27189165141770305,0.14621587668357602,-0.26887363110825846,0.15244904823543734,S→T
445,89,P,74258,74232,74305,73,0.1653215,898,142.92113889652202,0.03606720626269862,0.0013453244753196328,0.30795885768040165,-0.1448705522082564,T→P
446,89,Q,74365,74344,74373,29,-0.2441525,898,142.92113889652202,-0.017309177628018802,-0.015312052330398477,-0.053376383890717416,-0.016657376805718112,P→Q
447,89,R,74392,74373,74409,36,1.6720774999999999,898,142.92113889652202,0.16427919261586624,0.21910811420018417,0.18158837024388505,0.23442016653058265,Q→R
448,89,S,74414,74409,74423,14,-0.12063349999999999,898,142.92113889652202,-0.0027494200212599272,-0.005359652283236527,-0.16702861263712618,-0.2244677664834207,R→S
449,89,T,74657,74507,74725,218,0.4280445,898,142.92113889652202,-0.2480970837878624,0.14668788086165896,-0.24534766376660247,0.1520475331448955,S→T
450,90,P,75156,75114,75183,69,0.1638415,799,127.16479953042438,0.03254873149132477,-0.001378483338106286,0.2806458152791872,-0.14806636419976524,T→P
451,90,Q,75249,75239,75259,20,-0.3024535,799,127.16479953042438,-0.02045775149636934,-0.018232048351075336,-0.053006482987694115,-0.01685356501296905,P→Q
452,90,R,75276,75259,75300,41,1.6242085,799,127.16479953042438,0.1685089967815373,0.23838722523744996,0.18896674827790663,0.2566192735885253,Q→R
453,90,S,75305,75300,75313,13,-0.12440650000000003,799,127.16479953042438,-0.0027305827352721236,-0.006615648160584186,-0.17123957951680943,-0.24500287339803414,R→S
454,90,T,75556,75406,75623,217,0.3761065,799,127.16479953042438,-0.2705566271953715,0.07524659220805166,-0.2678260444600994,0.08186224036863585,S→T
455,91,P,75955,75926,76002,76,0.176326,839,133.53099725410019,0.04080104557606359,0.0018014632933974382,0.31135767277143506,-0.07344512891465423,T→P
456,91,Q,76058,76042,76067,25,-0.20240699999999998,839,133.53099725410019,-0.015283338720089582,-0.0144368691212488,-0.05608438429615317,-0.01623833241464624,P→Q
457,91,R,76081,76067,76106,39,1.689482,839,133.53099725410019,0.17009813464579063,0.250688324196479,0.1853814733658802,0.2651251933177278,Q→R
458,91,S,76110,76106,76114,8,-0.05510100000000001,839,133.53099725410019,-0.0008507437709485273,-0.0019547974177483362,-0.17094887841673914,-0.25264312161422736,R→S
459,91,T,76355,76205,76605,400,0.45643599999999995,839,133.53099725410019,-0.3914868455646484,0.042402085012191164,-0.3906361017936999,0.0443568824299395,S→T
460,92,P,76794,76766,76823,57,0.1667265,879,139.897194977776,0.030759632357751313,0.0001508190194371207,0.4222464779223997,-0.04225126599275404,T→P
461,92,Q,76896,76878,76905,27,-0.20849149999999997,879,139.897194977776,-0.018304450130503688,-0.0157212591931249,-0.049064082488255,-0.01587207821256202,P→Q
462,92,R,76925,76905,76942,37,1.6775895,879,139.897194977776,0.1706809647500975,0.22566445410796435,0.1889854148806012,0.24138571330108924,Q→R
463,92,S,76947,76942,76954,12,-0.1684655,879,139.897194977776,-0.004259372317114348,-0.008254812109886975,-0.17494033706721185,-0.2339192662178513,R→S
464,92,T,77193,77043,77260,217,0.41901849999999996,879,139.897194977776,-0.2454531591838809,0.1343462558381611,-0.24119378686676654,0.14260106794804805,S→T
465,93,P,77673,77629,77700,71,0.16502499999999998,858,136.5549411728462,0.03475898584120717,-0.0016819335062771281,0.28021214502508807,-0.13602818934443822,T→P
466,93,Q,77768,77756,77778,22,-0.27286,858,136.5549411728462,-0.018293133487113162,-0.015038276602149379,-0.05305211932832034,-0.01335634309587225,P→Q
467,93,R,77797,77778,77816,38,1.718762,858,136.5549411728462,0.17634822132302203,0.22422188869437334,0.1946413548101352,0.23926016529652272,Q→R
468,93,S,77821,77816,77830,14,-0.18585200000000002,858,136.5549411728462,-0.0050362407272992555,-0.009736937909005577,-0.18138446205032127,-0.2339588266033789,R→S
469,93,T,78072,77922,78126,204,0.412655,858,136.5549411728462,-0.2441822528692474,0.1270217720843446,-0.23914601214194817,0.13675870999335016,S→T
470,94,P,78531,78489,78559,70,0.154278,799,127.16479953042438,0.03696972025746704,-0.0020410190659983043,0.28115197312671447,-0.1290627911503429,T→P
471,94,Q,78624,78614,78633,19,-0.305062,799,127.16479953042438,-0.01998481250925003,-0.017821100141147586,-0.05695453276671707,-0.01578008107514928,P→Q
472,94,R,78651,78633,78675,42,1.648864,799,127.16479953042438,0.17122477816165652,0.24106173704612127,0.19120959067090654,0.25888283718726884,Q→R
473,94,S,78680,78675,78688,13,-0.130493,799,127.16479953042438,-0.003065345038787653,-0.007377209741240333,-0.17429012320044418,-0.24843894678736161,R→S
474,94,T,78931,78781,78980,199,0.375237,799,127.16479953042438,-0.262456801833645,0.07647131412962783,-0.25939145679485737,0.08384852387086816,S→T
475,95,P,79330,79285,79359,74,0.168761,839,133.53099725410019,0.04123320266276237,-0.0014890761221431714,0.3036900044964074,-0.07796039025177101,T→P
476,95,Q,79426,79415,79436,21,-0.24186,839,133.53099725410019,-0.016299361247902152,-0.014154886452885812,-0.057532563910664525,-0.012665810330742641,P→Q
477,95,R,79456,79436,79476,40,1.71325,839,133.53099725410019,0.1766425856504356,0.24120201737123634,0.19294194689833777,0.25535690382412213,Q→R
478,95,S,79480,79476,79487,11,-0.146751,839,133.53099725410019,-0.0034285613726236144,-0.007265676566753334,-0.18007114702305924,-0.24846769393798968,R→S
479,95,T,79729,79579,79798,219,0.442508,839,133.53099725410019,-0.3119565727074199,0.13587399024787153,-0.3085280113347963,0.14313966681462487,S→T
480,96,P,80169,80123,80197,74,0.187036,842,134.0084620833759,0.04541870320031549,-0.0020504844754413915,0.3573752759077354,-0.13792447472331293,T→P
481,96,Q,80264,80254,80274,20,-0.243302,842,134.0084620833759,-0.015431218961049584,-0.013131371548739565,-0.060849922161365075,-0.011080887073298174,P→Q
482,96,R,80294,80274,80314,40,1.737333,842,134.0084620833759,0.17903837783099905,0.23863942067627333,0.19446959679204862,0.2517707922250129,Q→R
483,96,S,80317,80314,80326,12,-0.158626,842,134.0084620833759,-0.0037253845823203863,-0.007652661446995499,-0.18276376241331943,-0.24629208212326884,R→S
484,96,T,80568,80418,80636,218,0.43584999999999996,842,134.0084620833759,-0.3008183950580007,0.1357020934545612,-0.29709301047568026,0.1433547549015567,S→T
485,97,P,81011,80982,81054,72,0.1473245,796,126.68733470114869,0.04029142276642395,0.0008359556320908295,0.3411098178244246,-0.13486613782247037,T→P
486,97,Q,81115,81093,81123,30,-0.28649149999999995,796,126.68733470114869,-0.019177686536458155,-0.019745238610339395,-0.05946910930288211,-0.020581194242430226,P→Q
487,97,R,81144,81123,81163,40,1.6204535,796,126.68733470114869,0.1569310350167204,0.26117149124539946,0.17610872155317855,0.28091672985573884,Q→R
488,97,S,81175,81163,81179,16,-0.0272455,796,126.68733470114869,-0.0008268189145236163,-0.0025345371696211,-0.157757853931244,-0.26370602841502055,R→S
489,97,T,81407,81257,81476,219,0.3984685,796,126.68733470114869,-0.3076648302473454,0.07699780952191684,-0.3068380113328218,0.07953234669153794,S→T
490,98,P,81807,81779,81854,75,0.1687615,842,134.0084620833759,0.040688272166196485,0.0016144058244221052,0.3483531024135419,-0.07538340369749474,T→P
491,98,Q,81911,81893,81919,26,-0.20009449999999998,842,134.0084620833759,-0.014764377430494632,-0.014026044582342148,-0.05545264959669112,-0.015640450406764254,P→Q
492,98,R,81939,81919,81958,39,1.7045195,842,134.0084620833759,0.1702052988930858,0.2519837352803668,0.18496967632358044,0.26600977986270896,Q→R
493,98,S,81962,81958,81968,10,-0.0881545,842,134.0084620833759,-0.0015460373265769605,-0.003505012186681341,-0.17175133621966276,-0.2554887474670482,R→S
494,98,T,82206,82056,82275,219,0.4431005,842,134.0084620833759,-0.3082982868647449,0.13154611923521692,-0.30675224953816793,0.13505113142189826,S→T
495,99,P,82649,82619,82691,72,0.14615899999999998,855,136.0774763435705,0.03426324858223584,0.0007574334448288607,0.34256153544698076,-0.13078868579038805,T→P
496,99,Q,82753,82730,82763,33,-0.295758,855,136.0774763435705,-0.0209283935802652,-0.019276458666455887,-0.05519164216250104,-0.020033892111284746,P→Q
497,99,R,82784,82763,82799,36,1.700488,855,136.0774763435705,0.16173063279152577,0.2340574440376949,0.182659026371791,0.2533339027041508,Q→R
498,99,S,82804,82799,82819,20,-0.111348,855,136.0774763435705,-0.003914669541076109,-0.008913342013031974,-0.16564530233260188,-0.2429707860507269,R→S
499,99,T,83045,82897,83111,214,0.380472,855,136.0774763435705,-0.22658753529462705,0.09850629885111052,-0.22267286575355094,0.10741964086414249,S→T
500,100,P,83504,83477,83532,55,0.16789199999999999,779,123.98170066858647,0.03187098024052947,0.00024139826586191227,0.25845851553515653,-0.09826490058524862,T→P
501,100,Q,83605,83586,83615,29,-0.23692100000000002,779,123.98170066858647,-0.022781288576599487,-0.023195662838775503,-0.05465226881712896,-0.023437061104637415,P→Q
502,100,R,83628,83615,83651,36,1.609134,779,123.98170066858647,0.15421684631971375,0.2599302516197631,0.17699813489631322,0.2831259144585386,Q→R
503,100,S,83657,83651,83666,15,-0.166154,779,123.98170066858647,-0.0036255341727093626,-0.010452296704868694,-0.1578423804924231,-0.27038254832463177,R→S
504,100,T,83904,83754,83952,198,0.365101,779,123.98170066858647,-0.23955881124660322,0.03745574567463181,-0.23593327707389386,0.0479080423795005,S→T
505,101,P,84283,84239,84310,71,0.1638235,798,127.00564458733248,0.038348274692719536,-0.0020203706782899707,0.2779070859393228,-0.03947611635292178,T→P
506,101,Q,84376,84366,84386,20,-0.29026450000000004,798,127.00564458733248,-0.019556353160814173,-0.01756398576646482,-0.05790462785353371,-0.01554361508817485,P→Q
507,101,R,84403,84386,84428,42,1.6966964999999998,798,127.00564458733248,0.17649119400018523,0.2529290475524288,0.1960475471609994,0.2704930333188936,Q→R
508,101,S,84431,84428,84439,11,-0.1139565,798,127.00564458733248,-0.0024859335984633367,-0.0060203656613749094,-0.17897712759864856,-0.2589494132138037,R→S
509,101,T,84663,84513,84750,237,0.3871115,798,127.00564458733248,-0.2918324532495642,0.09848209373570249,-0.28934651965110086,0.1045024593970774,S→T
510,102,P,85081,85039,85108,69,0.14122,800,127.32395447351627,0.031940220857490764,-0.002145077062260006,0.32377267410705496,-0.1006271707979625,T→P
511,102,Q,85173,85162,85182,20,-0.306504,800,127.32395447351627,-0.01998640569195616,-0.017577938264108074,-0.05192662654944692,-0.015432861201848067,P→Q
512,102,R,85202,85182,85220,38,1.737314,800,127.32395447351627,0.17757142578651583,0.2452556291145298,0.197557831478472,0.2628335673786379,Q→R
513,102,S,85229,85220,85237,17,-0.152836,800,127.32395447351627,-0.00466158083512044,-0.010542480630043071,-0.18223300662163627,-0.2557981097445729,R→S
514,102,T,85461,85313,85529,216,0.40164999999999995,800,127.32395447351627,-0.2809985026134784,0.09335721761288841,-0.276336921778358,0.10389969824293148,S→T
515,103,P,85881,85872,85909,37,0.1623805,819,130.3478983922623,0.021996535030623487,0.001272377471572967,0.3029950376441019,-0.09208484014131545,T→P
516,103,Q,85983,85961,85993,32,-0.2435795,819,130.3478983922623,-0.022499127029111755,-0.021672911737101404,-0.04449566205973524,-0.02294528920867437,P→Q
517,103,R,86013,85993,86029,36,1.6697285,819,130.3478983922623,0.16178763728010953,0.25062052767907733,0.18428676430922128,0.27229343941617873,Q→R
518,103,S,86034,86029,86043,14,-0.1629715,819,130.3478983922623,-0.003783575786641888,-0.009195081636598388,-0.16557121306675143,-0.2598156093156757,R→S
519,103,T,86280,86130,86329,199,0.3851145,819,130.3478983922623,-0.2439133008548583,0.08122102692024029,-0.2401297250682164,0.09041610855683868,S→T
520,104,P,86700,86672,86728,56,0.16356349999999997,798,127.00564458733248,0.032945187884028775,0.0001265425546719733,0.2768584887388871,-0.08109448436556832,T→P
521,104,Q,86803,86783,86813,30,-0.2534195,798,127.00564458733248,-0.023277020242658382,-0.02344510704594436,-0.056222208126687157,-0.02357164960061633,P→Q
522,104,R,86825,86813,86849,36,1.6053605,798,127.00564458733248,0.15437392774188857,0.25277888574302293,0.17765094798454695,0.2762239927889673,Q→R
523,104,S,86856,86849,86863,14,-0.0904665,798,127.00564458733248,-0.001916257146411028,-0.005262723436478269,-0.1562901848882996,-0.2580416091795012,R→S
524,104,T,87099,86952,87166,214,0.3625115,798,127.00564458733248,-0.25062757036116423,0.05353670085767217,-0.2487113132147532,0.058799424294150436,S→T
525,105,P,87498,87468,87526,58,0.17371899999999998,839,133.53099725410019,0.03585295085293885,-4.6299034204737714e-05,0.28648052121410306,-0.053582999891876905,T→P
526,105,Q,87599,87584,87609,25,-0.19632100000000002,839,133.53099725410019,-0.016330197669928468,-0.014955007255256416,-0.05218314852286732,-0.014908708221051678,P→Q
527,105,R,87622,87609,87646,37,1.660758,839,133.53099725410019,0.16897698984057144,0.24309414388952708,0.1853071875104999,0.2580491511447835,Q→R
528,105,S,87651,87646,87657,11,-0.12962300000000004,839,133.53099725410019,-0.0030408034372249536,-0.0067198192806442745,-0.1720177932777964,-0.24981396317017135,R→S
529,105,T,87898,87748,87966,218,0.42889499999999997,839,133.53099725410019,-0.2970484937809147,0.124063792782733,-0.29400769034368973,0.13078361206337727,S→T
530,106,P,88337,88308,88366,58,0.1745885,839,133.53099725410019,0.03552140574670382,0.00018287588487579505,0.3325698995276185,-0.1238809168978572,T→P
531,106,Q,88439,88421,88449,28,-0.21805449999999998,839,133.53099725410019,-0.01874223729823532,-0.017506674040711465,-0.05426364304493914,-0.017689549925587262,P→Q
532,106,R,88469,88449,88485,36,1.6714675,839,133.53099725410019,0.1652523827661613,0.2422424117223909,0.18399462006439662,0.25974908576310235,Q→R
533,106,S,88491,88485,88498,13,-0.15601749999999998,839,133.53099725410019,-0.00390373489272129,-0.008748282357693794,-0.16915611765888258,-0.2509906940800847,R→S
534,106,T,88737,88587,88804,217,0.4111945,839,133.53099725410019,-0.2772647551266383,0.10807375365029852,-0.273361020233917,0.11682203600799232,S→T
535,107,P,89176,89145,89207,62,0.19169699999999998,778,123.82254572549458,0.04063940130393141,5.738646097608521e-06,0.3179041564305697,-0.1080680150042009,T→P
536,107,Q,89277,89262,89286,24,-0.203276,778,123.82254572549458,-0.016928889616524917,-0.017200109670843095,-0.05756829092045633,-0.017205848316940702,P→Q
537,107,R,89299,89286,89325,39,1.6717819999999999,778,123.82254572549458,0.16064994728059734,0.2681621066974895,0.17757883689712226,0.2853622163683326,Q→R
538,107,S,89329,89325,89335,10,-0.06525500000000001,778,123.82254572549458,-0.0011385785651218357,-0.003297897807383421,-0.16178852584571918,-0.27146000450487295,R→S
539,107,T,89575,89425,89644,219,0.41728,778,123.82254572549458,-0.336396258170426,0.06481998967140978,-0.33525767960530417,0.0681178874787932,S→T
540,108,P,89954,89910,89983,73,0.18414999999999998,819,130.3478983922623,0.04371972698234457,-0.0010971327260965939,0.38011598515277056,-0.06591712239750638,T→P
541,108,Q,90052,90040,90063,23,-0.22184700000000002,819,130.3478983922623,-0.01652434204609614,-0.015413462274908784,-0.060244069028440705,-0.014316329548812191,P→Q
542,108,R,90081,90063,90102,39,1.691498,819,130.3478983922623,0.17239640098563064,0.25676118848183793,0.1889207430317268,0.27217465075674674,Q→R
543,108,S,90106,90102,90112,10,-0.11105300000000001,819,130.3478983922623,-0.002313948817011897,-0.005463777339880594,-0.17471034980264252,-0.2622249658217185,R→S
544,108,T,90354,90204,90421,217,0.405109,819,130.3478983922623,-0.28734565315446875,0.1086863483416617,-0.28503170433745684,0.1141501256815423,S→T
545,109,P,90773,90729,90801,72,0.1565915,879,139.897194977776,0.0339469842134179,-0.001465160287504124,0.32129263736788666,-0.11015150862916583,T→P
546,109,Q,90869,90857,90881,24,-0.26098449999999995,879,139.897194977776,-0.019071884532584446,-0.015609207977401458,-0.05301886874600235,-0.014144047689897334,P→Q
547,109,R,90899,90881,90919,38,1.6917945,879,139.897194977776,0.17371234898301086,0.21899736754878382,0.19278423351559532,0.23460657552618527,Q→R
548,109,S,90923,90919,90931,12,-0.1704995,879,139.897194977776,-0.004499909568701102,-0.00841752896309638,-0.17821225855171197,-0.2274148965118802,R→S
549,109,T,91172,91022,91241,219,0.4216445,879,139.897194977776,-0.2550694895895791,0.14495368994584026,-0.250569580020878,0.15337121890893665,S→T
550,110,P,91652,91609,91660,51,0.125849,779,123.98170066858647,0.026682533345146905,-0.003192626539563651,0.281752022934726,-0.1481463164854039,T→P
551,110,Q,91741,91696,91751,55,-0.340446,779,123.98170066858647,-0.03912344870449598,-0.029269800738700617,-0.06580598204964289,-0.026077174199136965,P→Q
552,110,R,91771,91751,91787,36,1.609411,779,123.98170066858647,0.17297266152672316,0.23590175356332058,0.21209611023121916,0.2651715543020212,Q→R
553,110,S,91799,91787,91809,22,-0.11715700000000001,779,123.98170066858647,-0.004312123360735274,-0.010191170479294074,-0.17728478488745844,-0.24609292404261465,R→S
554,110,T,92031,91921,92081,160,0.31898899999999997,779,123.98170066858647,-0.19772652523039635,0.04269800388160007,-0.19341440186966108,0.052889174360894145,S→T
555,111,P,92431,92401,92461,60,0.17255350000000003,818,130.1887434491704,0.03905762461449677,0.00014570776822979032,0.23678414984489313,-0.04255229611337028,T→P
556,111,Q,92532,92517,92542,25,-0.21139549999999996,818,130.1887434491704,-0.01732524194601239,-0.01659812337238474,-0.056382866560509164,-0.01674383114061453,P→Q
557,111,R,92555,92542,92580,38,1.6769785,818,130.1887434491704,0.16798196599314674,0.25562260662575614,0.18530720793915914,0.2722207299981409,Q→R
558,111,S,92585,92580,92590,10,-0.07918349999999996,818,130.1887434491704,-0.0015230922903327526,-0.0037034783123279123,-0.1695050582834795,-0.25932608493808407,R→S
559,111,T,92830,92680,93080,400,0.42366050000000005,818,130.1887434491704,-0.37491899704063053,0.017810729905642895,-0.37339590475029777,0.021514208217970808,S→T
560,112,P,93249,93206,93277,71,0.1786195,839,133.53099725410019,0.03870019898833072,-0.001573216916461477,0.41361919602896124,-0.019383946822104373,T→P
561,112,Q,93344,93334,93353,19,-0.2557875,839,133.53099725410019,-0.016189169318214913,-0.013856487035997542,-0.05488936830654563,-0.012283270119536066,P→Q
562,112,R,93374,93353,93393,40,1.7433815000000001,839,133.53099725410019,0.17798414472901627,0.2380434362633511,0.19417331404723118,0.2518999232993486,Q→R
563,112,S,93398,93393,93406,13,-0.16877950000000003,839,133.53099725410019,-0.004097755212769132,-0.008476790354672647,-0.18208189994178542,-0.24652022661802372,R→S
564,112,T,93629,93479,93698,219,0.4042395,839,133.53099725410019,-0.27093652851707206,0.13182387772981452,-0.26683877330430295,0.14030066808448716,S→T
565,113,P,94088,94045,94098,53,0.1429595,782,124.45916549786216,0.02788618856194012,-0.002860219848713795,0.2988227170790122,-0.1346840975785283,T→P
566,113,Q,94181,94170,94191,21,-0.3065045,782,124.45916549786216,-0.02145727646132943,-0.019768988462839858,-0.04934346502326955,-0.016908768614126064,P→Q
567,113,R,94211,94191,94230,39,1.6561154999999999,782,124.45916549786216,0.16668649703861282,0.2469695106448327,0.18814377349994227,0.26673849910767256,Q→R
568,113,S,94237,94230,94246,16,-0.17081449999999998,782,124.45916549786216,-0.004648304571700982,-0.01186696976086387,-0.1713348016103138,-0.25883648040569657,R→S
569,113,T,94487,94359,94533,174,0.3198585,782,124.45916549786216,-0.20314404290013618,0.04008233749842868,-0.1984957383284352,0.05194930725929255,S→T
570,114,P,94870,94840,94898,58,0.154556,796,126.68733470114869,0.03329731717268693,-2.4404111518014372e-05,0.23644136007282313,-0.0401067416099467,T→P
571,114,Q,94972,94949,94981,32,-0.266497,796,126.68733470114869,-0.02299038068077015,-0.022787143658550325,-0.05628769785345708,-0.02276273954703231,P→Q
572,114,R,95001,94981,95019,38,1.606822,796,126.68733470114869,0.15985384830875615,0.2588382690547328,0.1828442289895263,0.2816254127132831,Q→R
573,114,S,95022,95019,95038,19,-0.075096,796,126.68733470114869,-0.001739327283909758,-0.0048152738508062095,-0.16159317559266592,-0.263653542905539,R→S
574,114,T,95267,95117,95334,217,0.37495900000000004,796,126.68733470114869,-0.27741178631882996,0.06796406155845978,-0.2756724590349202,0.072779335409266,S→T
575,115,P,95666,95621,95695,74,0.1800995,818,130.1887434491704,0.04718273572310593,-0.002251045941500923,0.3245945220419359,-0.07021510749996071,T→P
576,115,Q,95761,95751,95771,20,-0.23632950000000003,818,130.1887434491704,-0.015720117150592083,-0.014040280138621113,-0.06290285287369801,-0.01178923419712019,P→Q
577,115,R,95791,95771,95811,40,1.7251435,818,130.1887434491704,0.17705792526835457,0.25149378731499983,0.19277804241894664,0.26553406745362096,Q→R
578,115,S,95815,95811,95823,12,-0.15805249999999998,818,130.1887434491704,-0.0037462347902396773,-0.008408941169303297,-0.18080416005859423,-0.2599027284843031,R→S
579,115,T,96065,95915,96134,219,0.4463005,818,130.1887434491704,-0.3281708458917752,0.11824441199440734,-0.32442461110153553,0.12665335316371062,S→T
580,116,P,96484,96440,96493,53,0.133988,759,120.79860180674856,0.03331370738516449,-0.004270636557081271,0.3614845532769397,-0.12251504855148862,T→P
581,116,Q,96574,96546,96584,38,-0.325352,759,120.79860180674856,-0.028772856220637827,-0.02488660304337508,-0.062086563605802315,-0.02061596648629381,P→Q
582,116,R,96604,96584,96623,39,1.674371,759,120.79860180674856,0.17430414168828465,0.25768441518880525,0.20307699790892247,0.28257101823218034,Q→R
583,116,S,96632,96623,96640,17,-0.126442,759,120.79860180674856,-0.0036999263645483517,-0.009919130369891992,-0.178004068052833,-0.26760354555869725,R→S
584,116,T,96864,96734,96930,196,0.357277,759,120.79860180674856,-0.2535121272704702,0.042432007937221156,-0.24981220090592182,0.052351138307113146,S→T
585,117,P,97243,97200,97270,70,0.15137499999999998,780,124.14085561167836,0.03854682308265513,-0.0028004099472679475,0.2920589503531253,-0.045232417884489104,T→P
586,117,Q,97334,97323,97343,20,-0.308557,780,124.14085561167836,-0.0201854791595193,-0.01804575907878807,-0.058732302242174426,-0.015245349131520123,P→Q
587,117,R,97363,97343,97385,42,1.723683,780,124.14085561167836,0.18281279051878435,0.2597218325968865,0.20299826967830364,0.2777675916756746,Q→R
588,117,S,97391,97385,97397,12,-0.106132,780,124.14085561167836,-0.0021912978310443237,-0.005427920239715986,-0.18500408834982868,-0.2651497528366025,R→S
589,117,T,97623,97473,97711,238,0.413507,780,124.14085561167836,-0.3239132013528675,0.09375301205344459,-0.32172190352182317,0.09918093229316058,S→T
590,118,P,98023,97994,98069,75,0.169945,858,136.5549411728462,0.0448828523997835,0.00184185758435125,0.368796053752651,-0.09191115446909334,T→P
591,118,Q,98129,98108,98138,30,-0.252884,858,136.5549411728462,-0.017293041095263063,-0.016315697555820952,-0.06217589349504656,-0.018157555140172203,P→Q
592,118,R,98158,98138,98175,37,1.709773,858,136.5549411728462,0.16428490961787864,0.24161922929586716,0.1815779507131417,0.2579349268516881,Q→R
593,118,S,98179,98175,98188,13,-0.113679,858,136.5549411728462,-0.002315244306305696,-0.00516561294323682,-0.16660015392418434,-0.24678484223910396,R→S
594,118,T,98421,98271,98510,239,0.44310000000000005,858,136.5549411728462,-0.30212175916683653,0.13428565014569896,-0.29980651486053084,0.13945126308893577,S→T
595,119,P,98881,98837,98909,72,0.1774735,861,137.0324060021219,0.0394869004828598,-0.0014920965625023507,0.34160865964969633,-0.1357777467082013,T→P
596,119,Q,98977,98966,98989,23,-0.2459095,861,137.0324060021219,-0.017448496051661697,-0.01466319146984916,-0.056935396534521496,-0.01317109490734681,P→Q
597,119,R,99007,98989,99026,37,1.6900374999999999,861,137.0324060021219,0.17448899605010804,0.22734521504999347,0.19193749210176975,0.24200840651984262,Q→R
598,119,S,99030,99026,99039,13,-0.1734035,861,137.0324060021219,-0.004540837927597043,-0.008904725241946715,-0.17902983397770508,-0.23624994029194019,R→S
599,119,T,99280,99130,99333,203,0.39669350000000003,861,137.0324060021219,-0.24066140620925955,0.12585796259566148,-0.2361205682816625,0.1347626878376082,S→T
600,120,P,99742,99712,99786,74,0.171647,819,130.3478983922623,0.041626604963286726,0.0011290235058278668,0.28228801117254626,-0.12472893908983361,T→P
601,120,Q,99846,99824,99854,30,-0.240121,819,130.3478983922623,-0.019663642766945773,-0.019005619061324405,-0.0612902477302325,-0.02013464256715227,P→Q
602,120,R,99874,99854,99892,38,1.58507,819,130.3478983922623,0.15850568915709987,0.24389524305063806,0.17816933192404563,0.26290086211196245,Q→R
603,120,S,99896,99892,99905,13,-0.06381300000000001,819,130.3478983922623,-0.00134156941084374,-0.003331479743547445,-0.1598472585679436,-0.2472267227941855,R→S
604,120,T,100139,99989,100206,217,0.376957,819,130.3478983922623,-0.26616874772401805,0.08640502868012599,-0.2648271783131743,0.08973650842367344,S→T
605,121,P,100561,100530,100606,76,0.16761500000000001,856,136.2366312866624,0.047425349555449456,0.0016639934707692082,0.3135940972794675,-0.08474103520935679,T→P
606,121,Q,100666,100645,100675,30,-0.262168,856,136.2366312866624,-0.014967974712347811,-0.014252304394998012,-0.06239332426779727,-0.01591629786576722,P→Q
607,121,R,100696,100675,100713,38,1.723091,856,136.2366312866624,0.16501449362641193,0.24160754817490934,0.17998246833875975,0.25585985256990734,Q→R
608,121,S,100717,100713,100728,15,-0.060335000000000014,856,136.2366312866624,-0.001574716437463772,-0.003613475286675249,-0.1665892100638757,-0.2452210234615846,R→S
609,121,T,100958,100808,101026,218,0.429746,856,136.2366312866624,-0.2947528250910454,0.14219185323240935,-0.2931781086535816,0.1458053285190846,S→T
610,122,P,101417,101372,101445,73,0.19166,859,136.7140961159381,0.043018049336526906,-0.001805915230341348,0.3377708744275723,-0.1439977684627507,T→P
611,122,Q,101511,101502,101521,19,-0.24792599999999998,859,136.7140961159381,-0.016007374079937558,-0.01313776520316604,-0.05902542341646447,-0.011331849972824692,P→Q
612,122,R,101541,101521,101561,40,1.744251,859,136.7140961159381,0.1811135764954597,0.22960635254736492,0.19712095057539725,0.24274411775053095,Q→R
613,122,S,101565,101561,101573,12,-0.144124,859,136.7140961159381,-0.003493389255552778,-0.006717755665455225,-0.1846069657510125,-0.23632410821282016,R→S
614,122,T,101798,101648,101884,236,0.418464,859,136.7140961159381,-0.27983390640615013,0.1613251630541798,-0.2763405171505974,0.16804291871963503,S→T
615,123,P,102276,102234,102303,69,0.178324,779,123.98170066858647,0.03755680165418677,-0.0016025392569742486,0.3173907080603369,-0.16292770231115405,T→P
616,123,Q,102370,102359,102380,21,-0.270547,779,123.98170066858647,-0.018408124674769707,-0.017213904128723128,-0.05596492632895647,-0.015611364871748879,P→Q
617,123,R,102396,102380,102421,41,1.653193,779,123.98170066858647,0.1687957871141054,0.2556765693256958,0.1872039117888751,0.27289047345441897,Q→R
618,123,S,102424,102421,102433,12,-0.126164,779,123.98170066858647,-0.0026714441811020533,-0.007055758503143897,-0.17146723129520744,-0.2627323278288397,R→S
619,123,T,102675,102525,102724,199,0.35174700000000003,779,123.98170066858647,-0.2662582783849763,0.060811724289148654,-0.26358683420387424,0.06786748279229254,S→T
620,124,P,103055,103011,103102,91,0.172257,799,127.16479953042438,0.04876400045013111,-0.00043180833116633616,0.3150222788351074,-0.06124353262031499,T→P
621,124,Q,103150,103140,103161,21,-0.23718,799,127.16479953042438,-0.01615458369303209,-0.014948264412995526,-0.0649185841431632,-0.01451645608182919,P→Q
622,124,R,103180,103161,103201,40,1.724256,799,127.16479953042438,0.1768586884423637,0.26469710109581795,0.19301327213539576,0.27964536550881347,Q→R
623,124,S,103204,103201,103212,11,-0.10382000000000001,799,127.16479953042438,-0.002111228394522275,-0.005190494751006394,-0.17896991683688596,-0.26988759584682437,R→S
624,124,T,103454,103304,103704,400,0.439642,799,127.16479953042438,-0.3776516921822318,0.0450142624433356,-0.37554046378770956,0.05020475719434199,S→T
625,125,P,103854,103826,103900,74,0.1653025,839,133.53099725410019,0.042324852901071505,0.001693732484452244,0.41997654508330334,-0.04332052995888335,T→P
626,125,Q,103960,103935,103969,34,-0.27258249999999995,839,133.53099725410019,-0.022264497690544127,-0.02134792640022944,-0.06458935059161564,-0.023041658884681685,P→Q
627,125,R,103988,103969,104005,36,1.6679895,839,133.53099725410019,0.15867100423574115,0.2431054189881953,0.18093550192628527,0.26445334538842474,Q→R
628,125,S,104010,104005,104025,20,-0.1554255,839,133.53099725410019,-0.004073766369705979,-0.009931699037952844,-0.16274477060544712,-0.25303711802614814,R→S
629,125,T,104253,104123,104305,182,0.36828249999999996,839,133.53099725410019,-0.21672800077215865,0.07390267550759923,-0.21265423440245268,0.08383437454555207,S→T
630,126,P,104693,104662,104719,57,0.1716655,801,127.48310941660817,0.030888582098034363,-0.0005904419787412563,0.247616582870193,-0.07449311748634048,T→P
631,126,Q,104788,104775,104799,24,-0.2905605,801,127.48310941660817,-0.021062519139153257,-0.01916603765997522,-0.051951101237187616,-0.018575595681233965,P→Q
632,126,R,104812,104799,104837,38,1.6384325000000002,801,127.48310941660817,0.1670077655420048,0.24364408571689306,0.18807028468115805,0.26281012337686827,Q→R
633,126,S,104842,104837,104850,13,-0.1508015,801,127.48310941660817,-0.003979794989113134,-0.009585772151262835,-0.17098756053111794,-0.2532298578681559,R→S
634,126,T,105091,104943,105140,197,0.3485655,801,127.48310941660817,-0.23463980066179546,0.06516499564724997,-0.23066000567268233,0.07475076779851281,S→T
635,127,P,105494,105466,105524,58,0.1293635,776,123.50423583931078,0.03280958543685741,6.366661046623921e-05,0.2674493860986529,-0.06510132903678373,T→P
636,127,Q,105599,105575,105607,32,-0.29808850000000003,776,123.50423583931078,-0.021518741587697354,-0.023063843247335916,-0.05432832702455476,-0.023127509857802157,P→Q
637,127,R,105628,105607,105647,40,1.6082645,776,123.50423583931078,0.15163567775341982,0.27191809726579674,0.17315441934111717,0.29498194051313265,Q→R
638,127,S,105659,105651,105662,11,-0.03710350000000001,776,123.50423583931078,-0.0005025076953400909,-0.0019400327461170258,-0.15213818544875993,-0.2738581300119138,R→S
639,127,T,105890,105740,105979,239,0.3810635,776,123.50423583931078,-0.3075768717639734,0.03992065758784321,-0.3070743640686333,0.041860690333960233,S→T
640,128,P,106270,106226,106317,91,0.1806545,802,127.64226435970006,0.048786341225648136,2.8539454577204186e-05,0.35636321298962154,-0.03989211813326601,T→P
641,128,Q,106367,106356,106377,21,-0.24620650000000002,802,127.64226435970006,-0.016939084835365072,-0.015829033818479818,-0.06572542606101321,-0.01585757327305702,P→Q
642,128,R,106394,106377,106417,40,1.7123815,802,127.64226435970006,0.17477039489978569,0.26363900349863306,0.19170947973515076,0.2794680373171129,Q→R
643,128,S,106420,106417,106427,10,-0.1290495,802,127.64226435970006,-0.0026613955810915265,-0.006538993623906796,-0.1774317904808772,-0.27017799712253987,R→S
644,128,T,106669,106519,106919,400,0.42946850000000003,802,127.64226435970006,-0.37250380335038685,0.0107403030955332,-0.36984240776929533,0.017279296719439997,S→T
645,129,P,107072,107042,107116,74,0.143532,855,136.0774763435705,0.04022698335845456,0.0014632494468451503,0.4127307867088414,-0.00927705364868805,T→P
646,129,Q,107177,107169,107186,17,-0.273451,855,136.0774763435705,-0.01394121842780704,-0.013627268377032023,-0.0541682017862616,-0.015090517823877174,P→Q
647,129,R,107207,107186,107224,38,1.762229,855,136.0774763435705,0.1661443049317858,0.2456574350061439,0.18008552335959285,0.25928470338317594,Q→R
648,129,S,107230,107224,107238,14,-0.073394,855,136.0774763435705,-0.001792186639341449,-0.0041704337714563834,-0.16793649157112725,-0.24982786877760027,R→S
649,129,T,107468,107318,107556,238,0.442805,855,136.0774763435705,-0.3047932269536299,0.13984260911716587,-0.3030010403142885,0.14401304288862224,S→T
650,130,P,107927,107885,107954,69,0.1528355,779,123.98170066858647,0.030178561605421875,-0.0016377534755501887,0.3349717885590518,-0.14148036259271607,T→P
651,130,Q,108021,107970,108032,62,-0.31985949999999996,779,123.98170066858647,-0.035625155923625806,-0.02855399001803584,-0.06580371752904768,-0.026916236542485653,P→Q
652,130,R,108051,108032,108070,38,1.6288505,779,123.98170066858647,0.16247150055202617,0.24715046389096623,0.19809665647565197,0.27570445390900206,Q→R
653,130,S,108076,108070,108085,15,-0.1806555,779,123.98170066858647,-0.004891981638257777,-0.012945710477979924,-0.16736348219028394,-0.26009617436894616,R→S
654,130,T,108327,108199,108373,174,0.32045049999999997,779,123.98170066858647,-0.21098784536001342,0.036747107158570595,-0.20609586372175565,0.04969281763655052,S→T
655,131,P,108706,108676,108735,59,0.18239350000000001,799,127.16479953042438,0.036054515969669444,0.0003613187146844142,0.24704236132968285,-0.03638578844388618,T→P
656,131,Q,108808,108792,108817,25,-0.22415849999999998,799,127.16479953042438,-0.018475950218244774,-0.01837751597890174,-0.05453046618791422,-0.018738834693586157,P→Q
657,131,R,108831,108817,108856,39,1.6781255,799,127.16479953042438,0.1639398098974742,0.26438719861735105,0.18241576011571897,0.2827647145962528,Q→R
658,131,S,108861,108856,108866,10,-0.07163649999999999,799,127.16479953042438,-0.0012147788771123015,-0.0032566467144907875,-0.1651545887745865,-0.2676438453318418,R→S
659,131,T,109105,108955,109174,219,0.3882585,799,127.16479953042438,-0.302587700814983,0.0852608772427416,-0.3013729219378707,0.08851752395723239,S→T
660,132,P,109505,109462,109532,70,0.15370499999999998,819,130.3478983922623,0.03498098098211582,-0.001987539749173194,0.3375686817970988,-0.0872484169919148,T→P
661,132,Q,109598,109586,109608,22,-0.30215800000000004,819,130.3478983922623,-0.02052320467335531,-0.017634509474223348,-0.05550418565547113,-0.015646969725050155,P→Q
662,132,R,109628,109608,109646,38,1.724866,819,130.3478983922623,0.1764045714593535,0.23826160304394609,0.19692777613270881,0.25589611251816946,Q→R
663,132,S,109654,109646,109661,15,-0.178639,819,130.3478983922623,-0.005029079507170878,-0.010837445406735273,-0.1814336509665244,-0.24909904845068137,R→S
664,132,T,109885,109755,109951,196,0.36075399999999996,819,130.3478983922623,-0.22704146399009373,0.08544220388094916,-0.22201238448292285,0.09627964928768443,S→T
665,133,P,110324,110297,110353,56,0.15977199999999997,819,130.3478983922623,0.0317208779306703,0.0002842478285192069,0.258762341920764,-0.08515795605242994,T→P
666,133,Q,110428,110408,110437,29,-0.22994800000000004,819,130.3478983922623,-0.020631184179037126,-0.020243399376892155,-0.05235206210970743,-0.02052764720541136,P→Q
667,133,R,110456,110437,110473,36,1.674667,819,130.3478983922623,0.16100053127310998,0.25288586038583033,0.1816317154521471,0.2731292597627225,Q→R
668,133,S,110479,110473,110487,14,-0.15744200000000003,819,130.3478983922623,-0.0035702624949635366,-0.008857575336906726,-0.16457079376807351,-0.26174343572273706,R→S
669,133,T,110723,110573,110790,217,0.380768,819,130.3478983922623,-0.24993735057169225,0.07563529832218407,-0.24636708807672872,0.0844928736590908,S→T
670,134,P,111143,111118,111171,53,0.14527099999999998,778,123.82254572549458,0.031366897355660735,0.0004149846479338137,0.281304247927353,-0.07522031367425026,T→P
671,134,Q,111247,111225,111257,32,-0.264166,778,123.82254572549458,-0.021805318098796274,-0.023358388109166392,-0.05317221545445701,-0.023773372757100206,P→Q
672,134,R,111277,111257,111295,38,1.5743420000000001,778,123.82254572549458,0.14781866194074375,0.26424535486961737,0.16962398003954002,0.28760374297878377,Q→R
673,134,S,111300,111295,111307,12,-0.07975700000000002,778,123.82254572549458,-0.0014207951946089987,-0.004555300992278525,-0.14923945713535275,-0.2688006558618959,R→S
674,134,T,111543,111393,111609,216,0.349434,778,123.82254572549458,-0.25339170985197235,0.03839251426435109,-0.2519709146573633,0.04294781525662962,S→T
675,135,P,111921,111876,111950,74,0.15949449999999998,780,124.14085561167836,0.05020672578512986,-0.003683341507233931,0.3035984356371022,-0.04207585577158502,T→P
676,135,Q,112011,111988,112019,31,-0.28996849999999996,780,124.14085561167836,-0.019443387963922244,-0.01653446055139362,-0.0696501137490521,-0.012851119044159687,P→Q
677,135,R,112040,112019,112063,44,1.7155624999999999,780,124.14085561167836,0.1906251239565252,0.26237190127553023,0.21006851192044745,0.27890636182692385,Q→R
678,135,S,112069,112063,112072,9,-0.04348450000000004,780,124.14085561167836,-0.000758855869507089,-0.001844263092688964,-0.19138397982603228,-0.2642161643682192,R→S
679,135,T,112301,112151,112390,239,0.42687949999999997,780,124.14085561167836,-0.3527375507441652,0.11039934202696798,-0.3519786948746581,0.11224360511965695,S→T
680,136,P,112701,112657,112748,91,0.1879055,819,130.3478983922623,0.051463981230141856,0.00037250862803851726,0.404201531974307,-0.11002683339892946,T→P
681,136,Q,112799,112788,112810,22,-0.1734035,819,130.3478983922623,-0.01265877813578201,-0.011883830572627513,-0.06412275936592386,-0.01225633920066603,P→Q
682,136,R,112830,112810,112848,38,1.7149705000000002,819,130.3478983922623,0.1765012115361293,0.26268400050525725,0.1891599896719113,0.27456783107788474,Q→R
683,136,S,112853,112848,112859,11,-0.11018249999999996,819,130.3478983922623,-0.002257448598858378,-0.005246525410603902,-0.17875866013498767,-0.26793052591586114,R→S
684,136,T,113100,112950,113350,400,0.49413250000000003,819,130.3478983922623,-0.4381441040920525,0.023262639441821824,-0.4358866554931941,0.028509164852425724,S→T
685,137,P,113520,113489,113545,56,0.1360045,778,123.82254572549458,0.022884764462307416,-0.000686609628017682,0.4610288685543599,-0.023949249069839505,T→P
686,137,Q,113614,113561,113625,64,-0.3123125,778,123.82254572549458,-0.038091184395876485,-0.030005878910464977,-0.0609759488581839,-0.029319269282447297,P→Q
687,137,R,113643,113625,113663,38,1.6456835,778,123.82254572549458,0.1643126487909631,0.25083410498043746,0.20240383318683958,0.2808399838909024,Q→R
688,137,S,113668,113663,113678,15,-0.17081449999999998,778,123.82254572549458,-0.004360800105859639,-0.011479747086766318,-0.16867344889682276,-0.26231385206720376,R→S
689,137,T,113899,113790,113966,176,0.3163815,778,123.82254572549458,-0.21233067468548902,0.03573541832804091,-0.20796987457962937,0.047215165414807234,S→T
690,138,P,114298,114255,114325,70,0.170241,799,127.16479953042438,0.03865924346554923,-0.0016655577029187731,0.25098991815103827,-0.03740097603095968,T→P
691,138,Q,114392,114382,114401,19,-0.29143,799,127.16479953042438,-0.01898081749660183,-0.01707981163284546,-0.05764006096215106,-0.015414253929926687,P→Q
692,138,R,114418,114401,114443,42,1.6955680000000002,799,127.16479953042438,0.1767611852064665,0.2537239928849633,0.19574200270306832,0.2708038045178087,Q→R
693,138,S,114447,114443,114454,11,-0.112236,799,127.16479953042438,-0.00233928253413573,-0.0056424687885036845,-0.17910046774060223,-0.25936646167346694,R→S
694,138,T,114678,114528,114767,239,0.394677,799,127.16479953042438,-0.31459764951690367,0.1035135848837518,-0.31225836698276793,0.10915605367225549,S→T
695,139,P,115097,115053,115125,72,0.173977,840,133.69015219719208,0.04141860179372149,-0.0015695214369257243,0.35601625131062514,-0.10508310632067752,T→P
696,139,Q,115194,115183,115206,23,-0.21748100000000004,840,133.69015219719208,-0.01599197098818468,-0.014328373559667531,-0.05741057278190617,-0.012758852122741807,P→Q
697,139,R,115223,115206,115244,38,1.689464,840,133.69015219719208,0.1729752207001543,0.24300015398657654,0.18896719168833898,0.2573285275462441,Q→R
698,139,S,115249,115244,115255,11,-0.146714,840,133.69015219719208,-0.003662684168302554,-0.007891937641895653,-0.17663790486845687,-0.2508920916284722,R→S
699,139,T,115497,115347,115565,218,0.417575,840,133.69015219719208,-0.2877438399850928,0.12275087483789453,-0.2840811558167902,0.13064281247979018,S→T
700,140,P,115937,115907,115966,59,0.18355899999999997,817,130.02958850607848,0.039773811385847305,-7.611751264262865e-05,0.3275176513709401,-0.12282699235053715,T→P
701,140,Q,116040,116022,116049,27,-0.23168600000000003,817,130.02958850607848,-0.019552076843400743,-0.019079369222826364,-0.059325888229248044,-0.019003251710183734,P→Q
702,140,R,116068,116049,116085,36,1.6340860000000001,817,130.02958850607848,0.16055031678850307,0.24867474021064148,0.1801023936319038,0.26775410943346784,Q→R
703,140,S,116091,116085,116099,14,-0.14874800000000002,817,130.02958850607848,-0.003281286896400351,-0.008046702379425856,-0.1638316036849034,-0.25672144259006735,R→S
704,140,T,116336,116186,116385,199,0.360459,817,130.02958850607848,-0.23479420471739137,0.07570128571864464,-0.23151291782099104,0.08374798809807049,S→T
705,141,P,116754,116712,116782,70,0.16556149999999997,800,127.32395447351627,0.04030169652487385,-0.0022623768824976682,0.27509590124226524,-0.0779636626011423,T→P
706,141,Q,116848,116838,116857,19,-0.2885255,800,127.32395447351627,-0.0183042654954073,-0.01644598082248814,-0.05860596202028115,-0.01418360393999047,P→Q
707,141,R,116878,116857,116900,43,1.6746855,800,127.32395447351627,0.17686682947836127,0.2523144471063382,0.19517109497376856,0.2687604279288264,Q→R
708,141,S,116904,116900,116910,10,-0.09250050000000004,800,127.32395447351627,-0.0016520951158332435,-0.004019020435482956,-0.17851892459419452,-0.2563334675418212,R→S
709,141,T,117135,116985,117385,400,0.39525049999999995,800,127.32395447351627,-0.35879723534804014,0.036077721426496026,-0.3571451402322069,0.04009674186197898,S→T
710,142,P,117554,117510,117601,91,0.1780465,819,130.3478983922623,0.04856198715037361,6.887814999564617e-05,0.4073592224984138,-0.03600884327650038,T→P
711,142,Q,117655,117640,117664,24,-0.19602550000000002,819,130.3478983922623,-0.016101742193913,-0.01531582988201699,-0.0646637293442866,-0.015384708032012636,P→Q
712,142,R,117684,117664,117702,38,1.6871335,819,130.3478983922623,0.16908339818493265,0.255951592949644,0.18518514037884565,0.27126742283166094,Q→R
713,142,S,117707,117702,117713,11,-0.1397585,819,130.3478983922623,-0.003060839043932049,-0.007254707702682199,-0.1721442372288647,-0.2632063006523262,R→S
714,142,T,117953,117803,118021,218,0.4268605,819,130.3478983922623,-0.31047195922448284,0.1064217119941995,-0.3074111201805508,0.1136764196968817,S→T
715,143,P,118373,118344,118419,75,0.164988,802,127.64226435970006,0.04082920964025735,0.0014070728666165312,0.35130116886474017,-0.10501463912758296,T→P
716,143,Q,118478,118458,118487,29,-0.22765400000000002,802,127.64226435970006,-0.017876311909160825,-0.01842257576602105,-0.058705521549418174,-0.01982964863263758,P→Q
717,143,R,118506,118487,118523,36,1.680474,802,127.64226435970006,0.15893686825987338,0.26441218482821477,0.17681318016903422,0.28283476059423585,Q→R
718,143,S,118528,118523,118536,13,-0.136023,802,127.64226435970006,-0.002562931848443492,-0.006960626268453413,-0.16149980010831688,-0.27137281109666817,R→S
719,143,T,118772,118622,118839,217,0.38946,802,127.64226435970006,-0.2841904112951253,0.07415308566155206,-0.2816274794466818,0.08111371193000547,S→T
720,144,P,119175,119146,119218,72,0.1617885,758,120.63944686365667,0.04224723707151252,0.0014982035455943193,0.3264376483666378,-0.07265488211595773,T→P
721,144,Q,119278,119257,119286,29,-0.2638885,758,120.63944686365667,-0.018500269780101056,-0.020329098197610262,-0.06074750685161358,-0.02182730174320458,P→Q
722,144,R,119307,119286,119327,41,1.6239315,758,120.63944686365667,0.15437257565389784,0.28325405821008737,0.1728728454339989,0.3035831564076976,Q→R
723,144,S,119334,119327,119337,10,-0.01681350000000001,758,120.63944686365667,-0.00021976518169569838,-0.0007779228766676978,-0.15459234083559353,-0.2840319810867551,R→S
724,144,T,119571,119421,119639,218,0.3781225,758,120.63944686365667,-0.3225859168356254,0.04099036460911604,-0.3223661516539297,0.041768287485783734,S→T
725,145,P,119933,119904,119976,72,0.145844,799,127.16479953042438,0.038677003773894006,0.0009850306340488102,0.36126292060951937,-0.040005333975067225,T→P
726,145,Q,120038,120016,120047,31,-0.287971,799,127.16479953042438,-0.018118930340715565,-0.018831242580425286,-0.05679593411460957,-0.019816273214474097,P→Q
727,145,R,120068,120047,120086,39,1.704243,799,127.16479953042438,0.16012530168221867,0.2718819501694273,0.17824423202293424,0.2907131927498526,Q→R
728,145,S,120095,120086,120100,14,-0.04089599999999999,799,127.16479953042438,-0.0009489920413073344,-0.0029370788217198346,-0.161074293723526,-0.27481902899114713,R→S
729,145,T,120329,120179,120418,239,0.416114,799,127.16479953042438,-0.3300781572890513,0.08530314221179694,-0.329129165247744,0.08824022103351678,S→T
730,146,P,120732,120705,120757,52,0.132231,855,136.0774763435705,0.027214074908000912,5.1091309979627086e-05,0.35729223219705225,-0.08525205090181731,T→P
731,146,Q,120837,120813,120846,33,-0.299846,855,136.0774763435705,-0.022013535002196535,-0.020318470958146317,-0.04922760991019745,-0.020369562268125946,P→Q
732,146,R,120867,120846,120883,37,1.705723,855,136.0774763435705,0.16114408979591047,0.23605403173720657,0.183157624798107,0.2563725026953529,Q→R
733,146,S,120888,120883,120901,18,-0.10034299999999999,855,136.0774763435705,-0.003326303922303655,-0.007718563889766944,-0.16447039371821412,-0.2437725956269735,R→S
734,146,T,121128,120978,121195,217,0.383376,855,136.0774763435705,-0.23935309842685631,0.10782915028777436,-0.23602679450455266,0.1155477141775413,S→T
735,147,P,121587,121557,121615,58,0.1713695,879,139.897194977776,0.030603480101704404,-0.00017229188421751969,0.2699565785285607,-0.10800144217199188,T→P
736,147,Q,121684,121672,121695,23,-0.26303750000000004,879,139.897194977776,-0.018712946723981848,-0.015493007790473606,-0.04931642682568625,-0.015320715906256086,P→Q
737,147,R,121713,121695,121733,38,1.6793095,879,139.897194977776,0.17223481432232116,0.2183673928358252,0.190947761046303,0.23386040062629881,Q→R
738,147,S,121737,121733,121746,13,-0.1777695,879,139.897194977776,-0.004721453694534916,-0.008880734725073499,-0.17695626801685607,-0.2272481275608987,R→S
739,147,T,121987,121837,122035,198,0.37494150000000004,879,139.897194977776,-0.2205332625473055,0.13025147316654206,-0.21581180885277057,0.13913220789161557,S→T
740,148,P,122466,122424,122492,68,0.14094199999999998,799,127.16479953042438,0.03060768689074005,-0.0021010088798392953,0.25114094943804555,-0.13235248204638136,T→P
741,148,Q,122558,122530,122567,37,-0.313774,799,127.16479953042438,-0.02523922155334084,-0.020907901736083156,-0.05584690844408089,-0.01880689285624386,P→Q
742,148,R,122587,122567,122608,41,1.630312,799,127.16479953042438,0.17288865914759735,0.23731861449272115,0.1981278807009382,0.2582265162288043,Q→R
743,148,S,122615,122608,122622,14,-0.12525799999999998,799,127.16479953042438,-0.0028779768080176493,-0.006737730973768722,-0.175766635955615,-0.24405634546648988,R→S
744,148,T,122845,122716,122913,197,0.33349,799,127.16479953042438,-0.2392090334930994,0.07718078027169174,-0.23633105668508175,0.08391851124546046,S→T
745,149,P,123265,123235,123294,59,0.17051850000000002,819,130.3478983922623,0.03589023647828106,0.00017754651971880876,0.27509926997138046,-0.07700323375197293,T→P
746,149,Q,123362,123352,123373,21,-0.2163155,819,130.3478983922623,-0.015655463460286102,-0.014491575824763629,-0.05154569993856716,-0.014669122344482437,P→Q
747,149,R,123388,123373,123414,41,1.7329495,819,130.3478983922623,0.1747810377207208,0.2570807316853801,0.19043650118100688,0.2715723075101437,Q→R
748,149,S,123418,123414,123422,8,-0.04870050000000001,819,130.3478983922623,-0.0008163013332510275,-0.0019199117699738118,-0.17559733905397182,-0.2590006434553539,R→S
749,149,T,123664,123514,123914,400,0.4401965,819,130.3478983922623,-0.3953543518996725,0.027357664584656334,-0.3945380505664215,0.029277576354630144,S→T
750,150,P,124084,124056,124131,75,0.1597905,859,136.7140961159381,0.03525140392967983,0.001466577853515783,0.43060575582935234,-0.02589108673114055,T→P
751,150,Q,124188,124168,124197,29,-0.23399850000000003,859,136.7140961159381,-0.019666653456562423,-0.018017936242880245,-0.05491805738624225,-0.019484514096396028,P→Q
752,150,R,124217,124197,124234,37,1.6903335,859,136.7140961159381,0.16551221966442398,0.23648336727054184,0.1851788731209864,0.2545013035134221,Q→R
753,150,S,124239,124234,124246,12,-0.1446975,859,136.7140961159381,-0.0031743117383568414,-0.006788908263011224,-0.1686865314027808,-0.24327227553355307,R→S
754,150,T,124483,124333,124551,218,0.4283215,859,136.7140961159381,-0.26955759096913556,0.12671401429121273,-0.2663832792307787,0.13350292255422397,S→T
755,151,P,124943,124914,124976,62,0.17370000000000002,881,140.2155048639598,0.03593968317247911,0.0002624368896517293,0.30549727414161465,-0.12645157740156102,T→P
756,151,Q,125045,125028,125055,27,-0.207918,881,140.2155048639598,-0.0168467466052164,-0.014635746789893229,-0.05278642977769551,-0.014898183679544957,P→Q
757,151,R,125074,125055,125091,36,1.676979,881,140.2155048639598,0.17078575362692155,0.2262537405249948,0.18763250023213796,0.24088948731488805,Q→R
758,151,S,125096,125091,125103,12,-0.137743,881,140.2155048639598,-0.0030513338822157916,-0.005928605901907992,-0.17383708750913734,-0.2321823464269028,R→S
759,151,T,125341,125191,125409,218,0.412637,881,140.2155048639598,-0.2565003850218151,0.14663248899903056,-0.2534490511395993,0.15256109490093855,S→T
760,152,P,125824,125795,125868,73,0.14878550000000001,856,136.2366312866624,0.03940797884503972,0.0015145219005551287,0.2959083638668548,-0.14511796709847544,T→P
761,152,Q,125929,125906,125938,32,-0.2873605,856,136.2366312866624,-0.01857991598750892,-0.017521274288777793,-0.05798789483254864,-0.01903579618933292,P→Q
762,152,R,125959,125938,125976,38,1.7257175,856,136.2366312866624,0.1620271353186361,0.23763307481495033,0.18060705130614502,0.25515434910372814,Q→R
763,152,S,125981,125976,125992,16,-0.062332499999999985,856,136.2366312866624,-0.0019983331500690116,-0.004675805840564547,-0.1640254684687051,-0.24230888065551487,R→S
764,152,T,126220,126070,126288,218,0.40163150000000003,856,136.2366312866624,-0.2591892079270371,0.11543520315329081,-0.25719087477696806,0.12011100899385535,S→T
765,153,P,126680,126650,126706,56,0.14062850000000002,778,123.82254572549458,0.026429896206182146,-0.00041295864379064346,0.2856191041332192,-0.11584816179708145,T→P
766,153,Q,126775,126762,126785,23,-0.29840350000000004,778,123.82254572549458,-0.02185478326687587,-0.020729726561522527,-0.04828467947305802,-0.020316767917731883,P→Q
767,153,R,126799,126785,126825,40,1.6468295,778,123.82254572549458,0.16259809412203718,0.25125693968430657,0.18445287738891306,0.2719866662458291,Q→R
768,153,S,126830,126825,126838,13,-0.1220955,778,123.82254572549458,-0.003100536952787392,-0.008431339588913612,-0.16569863107482458,-0.2596882792732202,R→S
769,153,T,127078,126930,127127,197,0.33957550000000003,778,123.82254572549458,-0.23346969793376607,0.04601807656743679,-0.23036916098097868,0.054449416156350405,S→T
770,154,P,127458,127415,127485,70,0.154834,759,120.79860180674856,0.032378181904331435,-0.0012097971264122822,0.2658478798380975,-0.04722787369384907,T→P
771,154,Q,127554,127542,127564,22,-0.287675,759,120.79860180674856,-0.020422078223687315,-0.020413258971077142,-0.05280026012801875,-0.01920346184466486,P→Q
772,154,R,127578,127564,127605,41,1.7213699999999998,759,120.79860180674856,0.1679138692246734,0.2807618729677276,0.18833594744836074,0.30117513193880474,Q→R
773,154,S,127610,127605,127615,10,-0.09279700000000002,759,120.79860180674856,-0.0018272183551167865,-0.005554126604543588,-0.1697410875797902,-0.28631599957227116,R→S
774,154,T,127841,127691,127930,239,0.379861,759,120.79860180674856,-0.3409520057265826,0.061265360393085236,-0.3391247873714658,0.06681948699762882,S→T
775,155,P,128217,128187,128245,58,0.17049999999999998,802,127.64226435970006,0.03352487800116773,-0.00012289169972330675,0.3744768837277503,-0.06138825209280854,T→P
776,155,Q,128314,128302,128326,24,-0.230836,802,127.64226435970006,-0.017345256496930105,-0.016554892802876236,-0.05087013449809783,-0.01643200110315293,P→Q
777,155,R,128340,128326,128364,38,1.680771,802,127.64226435970006,0.1699403859706588,0.26186544295440983,0.18728564246758891,0.2784203357572861,Q→R
778,155,S,128368,128364,128375,11,-0.138612,802,127.64226435970006,-0.0031818958089288355,-0.007969366692221874,-0.17312228177958763,-0.2698348096466317,R→S
779,155,T,128616,128466,128684,218,0.38568800000000003,802,127.64226435970006,-0.2868019112099646,0.08777856520028396,-0.28362001540103576,0.09574793189250583,S→T
780,156,P,129019,128989,129062,73,0.1609375,836,133.0535324248245,0.03732793808132143,0.0007776454024066978,0.3241298492912861,-0.08700091979787726,T→P
781,156,Q,129124,129099,129132,33,-0.2914485,836,133.0535324248245,-0.021949753045378377,-0.020814215897926248,-0.059277691126699804,-0.021591861300332946,P→Q
782,156,R,129153,129132,129169,37,1.7071275,836,133.0535324248245,0.1616473169853568,0.245564739075357,0.1835970700307352,0.26637895497328323,Q→R
783,156,S,129173,129169,129187,18,-0.1145485,836,133.0535324248245,-0.003458592960238937,-0.008387438487247545,-0.16510590994559574,-0.2539521775626046,R→S
784,156,T,129415,129265,129482,217,0.3900345,836,133.0535324248245,-0.25830464470478853,0.1017781974503703,-0.2548460517445496,0.11016563593761784,S→T
785,157,P,129855,129827,129883,56,0.147009,779,123.98170066858647,0.031086836973017756,4.818308992346756e-05,0.28939148167780626,-0.10173001436044683,T→P
786,157,Q,129957,129938,129967,29,-0.243894,779,123.98170066858647,-0.021450686979896685,-0.02239830005178284,-0.052537523952914444,-0.02244648314170631,P→Q
787,157,R,129986,129967,130003,36,1.6207310000000001,779,123.98170066858647,0.15481557844389918,0.2673506730627252,0.17626626542379586,0.28974897311450803,Q→R
788,157,S,130009,130003,130017,14,-0.12614599999999998,779,123.98170066858647,-0.0024455729748066226,-0.007230809063862215,-0.1572611514187058,-0.2745814821265874,R→S
789,157,T,130254,130104,130321,217,0.373221,779,123.98170066858647,-0.2628546200327506,0.039241262301740375,-0.260409047057944,0.046472071365602594,S→T
790,158,P,130634,130607,130679,72,0.14904399999999998,761,121.11691169293236,0.03851825111575943,0.0012039694434809798,0.3013728711485101,-0.038037292858259394,T→P
791,158,Q,130740,130717,130748,31,-0.272009,761,121.11691169293236,-0.021974113271033695,-0.024690101991304104,-0.06049236438679313,-0.025894071434785084,P→Q
792,158,R,130769,130748,130787,39,1.613481,761,121.11691169293236,0.14818114604753052,0.28495562898908383,0.1701552593185642,0.30964573098038795,Q→R
793,158,S,130790,130787,130805,18,-0.042320000000000024,761,121.11691169293236,-0.0006765169487241929,-0.0026121189894230453,-0.14885766299625472,-0.28756774797850687,R→S
794,158,T,131033,130883,131101,218,0.35320799999999997,761,121.11691169293236,-0.28410289360489294,0.02445838707811552,-0.28342637665616877,0.027070506067538566,S→T
795,159,P,131395,131367,131439,72,0.1528365,819,130.3478983922623,0.03639859333426679,0.0009783737140599286,0.3205014869391597,-0.023480013364055592,T→P
796,159,Q,131500,131476,131508,32,-0.28504850000000004,819,130.3478983922623,-0.022078963854544262,-0.02145260083513609,-0.05847755718881105,-0.02243097454919602,P→Q
797,159,R,131528,131508,131545,37,1.6717635,819,130.3478983922623,0.16150695143277996,0.2534964269633431,0.1835859152873242,0.27494902779847924,Q→R
798,159,S,131549,131545,131563,18,-0.1041165,819,130.3478983922623,-0.002383569611497458,-0.006074042641148812,-0.16389052104427743,-0.2595704696044919,R→S
799,159,T,131792,131642,131860,218,0.4074215,819,130.3478983922623,-0.2879699020001032,0.09799295278767504,-0.28558633238860576,0.10406699542882386,S→T
800,160,P,132214,132185,132259,74,0.151671,896,142.60282901033824,0.040930532678055,0.0016219769813356176,0.3289004346781582,-0.09637097580633942,T→P
801,160,Q,132320,132311,132329,18,-0.28159,896,142.60282901033824,-0.014437105174319754,-0.013276969390455872,-0.05536763785237475,-0.01489894637179149,P→Q
802,160,R,132350,132329,132368,39,1.770367,896,142.60282901033824,0.16734877440241355,0.2281893294386673,0.1817858795767333,0.24146629882912315,Q→R
803,160,S,132372,132368,132381,13,-0.06292500000000001,896,142.60282901033824,-0.0016914978572164989,-0.0035295164306288797,-0.16904027225963006,-0.23171884586929617,R→S
804,160,T,132613,132463,132859,396,0.425973,896,142.60282901033824,-0.3152929470353698,0.12874488507170595,-0.3136014491781533,0.13227440150233483,S→T
805,161,P,133110,133085,133138,53,0.153113,819,130.3478983922623,0.028321166420931947,0.0003534258004984019,0.3436141134563018,-0.12839145927120754,T→P
806,161,Q,133213,133193,133222,29,-0.220995,819,130.3478983922623,-0.020366117345671828,-0.019602317162514586,-0.04868728376660378,-0.019955742963012987,P→Q
807,161,R,133241,133222,133259,37,1.607673,819,130.3478983922623,0.1586956305919752,0.24459819460876128,0.179061747937647,0.26420051177127585,Q→R
808,161,S,133264,133259,133272,13,-0.137465,819,130.3478983922623,-0.002901360718616158,-0.007124038242497689,-0.16159699131059135,-0.251722232851259,R→S
809,161,T,133509,133359,133576,217,0.38916500000000004,819,130.3478983922623,-0.2636974535664112,0.07738941244445025,-0.2607960928477951,0.08451345068694793,S→T
810,162,P,133929,133904,133975,71,0.14728750000000002,820,130.5070533353542,0.036424594292389256,0.0016648056617951856,0.3001220478588005,-0.07572460678265507,T→P
811,162,Q,134037,134013,134046,33,-0.3039145,820,130.5070533353542,-0.019623153081117277,-0.02041834264089803,-0.05604774737350653,-0.022083148302693218,P→Q
812,162,R,134067,134046,134090,44,1.6453875,820,130.5070533353542,0.1527130883416024,0.25573095955297065,0.1723362414227197,0.2761493021938687,Q→R
813,162,S,134095,134090,134099,9,-0.0417835,820,130.5070533353542,-0.000475459192790271,-0.0015191739568753075,-0.15318854753439268,-0.25725013350984594,R→S
814,162,T,134328,134178,134578,400,0.4181495,820,130.5070533353542,-0.35905954035143683,0.024823583650878153,-0.35858408115864654,0.02634275760775346,S→T
815,163,P,134749,134719,134794,75,0.149914,841,133.84930714028397,0.037380728063511025,0.0010954969345133726,0.39644026841494784,-0.023728086716364782,T→P
816,163,Q,134855,134833,134863,30,-0.26070699999999997,841,133.84930714028397,-0.01866071787524911,-0.017888191933286453,-0.056041445938760134,-0.018983688867799824,P→Q
817,163,R,134883,134863,134900,37,1.697288,841,133.84930714028397,0.16356618297820205,0.2471495607302903,0.18222690085345117,0.26503775266357676,Q→R
818,163,S,134904,134900,134917,17,-0.108741,841,133.84930714028397,-0.0026163324541178547,-0.006237273485209729,-0.1661825154323199,-0.2533868342155,R→S
819,163,T,135147,134997,135215,218,0.432391,841,133.84930714028397,-0.29413849972449535,0.11767817357601924,-0.2915221672703775,0.12391544706122898,S→T
820,164,P,135590,135561,135633,72,0.16064099999999998,814,129.5521236768028,0.038999008842391776,0.0006366185166738708,0.3331375085668871,-0.11704155505934537,T→P
821,164,Q,135693,135671,135702,31,-0.258673,814,129.5521236768028,-0.019292041549209358,-0.018720454947325556,-0.05829105039160114,-0.019357073463999428,P→Q
822,164,R,135721,135702,135739,37,1.699322,814,129.5521236768028,0.16460709719291505,0.2569678723898338,0.1838991387421244,0.27568832733715937,Q→R
823,164,S,135743,135739,135757,18,-0.11484499999999999,814,129.5521236768028,-0.0025794436502028033,-0.006564173567765567,-0.16718654084311785,-0.2635320459575994,R→S
824,164,T,135986,135836,136052,216,0.38452200000000003,814,129.5521236768028,-0.2643547402089607,0.08215076786610308,-0.2617752965587579,0.08871494143386864,S→T
825,165,P,136404,136362,136431,69,0.15601700000000002,780,124.14085561167836,0.03657982017370224,-0.0021622095963829747,0.300934560382663,-0.08431297746248605,T→P
826,165,Q,136498,136487,136507,20,-0.28823,780,124.14085561167836,-0.018709421424186364,-0.017376061452701468,-0.0552892415978886,-0.015213851856318494,P→Q
827,165,R,136525,136507,136550,43,1.6581489999999999,780,124.14085561167836,0.17216561994374802,0.2575199035829955,0.19087504136793437,0.27489596503569697,Q→R
828,165,S,136554,136550,136561,11,-0.11887699999999998,780,124.14085561167836,-0.0022061779373040496,-0.005887459791365525,-0.17437179788105206,-0.263407363374361,R→S
829,165,T,136784,136634,136853,219,0.348565,780,124.14085561167836,-0.2657473817102615,0.07046374947153987,-0.2635412037729575,0.0763512092629054,S→T
830,166,P,137184,137140,137231,91,0.1905135,821,130.66620827844608,0.050259915191066026,-0.0005630283407719133,0.31600729690132756,-0.07102677781231179,T→P
831,166,Q,137281,137270,137292,22,-0.22706249999999997,821,130.66620827844608,-0.015854096601048334,-0.014480697789236007,-0.06611401179211436,-0.013917669448464095,P→Q
832,166,R,137306,137292,137331,39,1.6787365,821,130.66620827844608,0.17383091381158308,0.25279282620451954,0.18968501041263142,0.26727352399375554,Q→R
833,166,S,137335,137331,137342,11,-0.1209295,821,130.66620827844608,-0.0027198824173207694,-0.006261840551576875,-0.17655079622890385,-0.2590546667560964,R→S
834,166,T,137583,137433,137654,221,0.43007950000000006,821,130.66620827844608,-0.31489811798727607,0.11603051408560575,-0.3121782355699553,0.12229235463718262,S→T
835,167,P,138005,137978,138049,71,0.151393,876,139.41973014850032,0.0361442093127705,0.0009109225997203026,0.3510423273000466,-0.11511959148588545,T→P
836,167,Q,138111,138086,138119,33,-0.28649100000000005,876,139.41973014850032,-0.020619453427842053,-0.018501595967332016,-0.05676366274061255,-0.01941251856705232,P→Q
837,167,R,138139,138119,138156,37,1.685413,876,139.41973014850032,0.16268426570925898,0.22676369426813336,0.18330371913710103,0.2452652902354654,Q→R
838,167,S,138160,138156,138175,19,-0.106706,876,139.41973014850032,-0.0033886223292215623,-0.007254886343404724,-0.16607288803848055,-0.2340185806115381,R→S
839,167,T,138403,138253,138470,217,0.390922,876,139.41973014850032,-0.2360784254231961,0.12215030231451506,-0.23268980309397452,0.12940518865791978,S→T
840,168,P,138881,138838,138908,70,0.1559995,859,136.7140961159381,0.03612795330055612,-0.0021307136530458602,0.2722063787237522,-0.12428101596756091,T→P
841,168,Q,138973,138963,138982,19,-0.2818855,859,136.7140961159381,-0.018018273934906747,-0.014305796916288676,-0.05414622723546286,-0.012175083263242816,P→Q
842,168,R,139003,138982,139022,40,1.7370005000000002,859,136.7140961159381,0.1827614144753747,0.2209723154362197,0.20077968841028143,0.23527811235250837,Q→R
843,168,S,139029,139022,139036,14,-0.1316575,859,136.7140961159381,-0.0035858130954632248,-0.006679241719840328,-0.1863472275708379,-0.22765155715606003,R→S
844,168,T,139280,139130,139349,219,0.41698349999999995,859,136.7140961159381,-0.27560125832012544,0.14502005225129835,-0.2720154452246622,0.15169929397113868,S→T
845,169,P,139740,139697,139767,70,0.156018,798,127.00564458733248,0.0390533010252587,-0.0021882809307588657,0.31465455934538417,-0.14720833318205723,T→P
846,169,Q,139832,139822,139841,19,-0.286491,798,127.00564458733248,-0.019006361254755664,-0.016702995732237515,-0.05805966228001437,-0.014514714801478649,P→Q
847,169,R,139862,139841,139883,42,1.645387,798,127.00564458733248,0.17527691993259725,0.242623674141185,0.1942832811873529,0.2593266698734225,Q→R
848,169,S,139889,139883,139895,12,-0.098604,798,127.00564458733248,-0.002063928016736246,-0.004861751990190195,-0.1773408479493335,-0.2474854261313752,R→S
849,169,T,140120,139970,140187,217,0.346827,798,127.00564458733248,-0.2661122025004984,0.09470222377966982,-0.2640482744837621,0.09956397576986001,S→T
850,170,P,140538,140495,140566,71,0.17923,820,130.5070533353542,0.046407878209774114,-0.0021784836987248663,0.3125200807102725,-0.09688070747839468,T→P
851,170,Q,140632,140623,140641,18,-0.274302,820,130.5070533353542,-0.01658084454585525,-0.014398922136738816,-0.06298872275562936,-0.01222043843801395,P→Q
852,170,R,140659,140641,140684,43,1.720205,820,130.5070533353542,0.18260384877181157,0.2485595377760536,0.19918469331766683,0.26295845991279243,Q→R
853,170,S,140688,140684,140694,10,-0.09392499999999998,820,130.5070533353542,-0.0018771918948728154,-0.004201827589793964,-0.1844810406666844,-0.2527613653658476,R→S
854,170,T,140938,140788,141188,400,0.418167,820,130.5070533353542,-0.3570191196365102,0.0481284570537066,-0.35514192774163733,0.05233028464350056,S→T
855,171,P,141358,141328,141387,59,0.1786575,859,136.7140961159381,0.035975764824562675,0.00014527279308572145,0.39299488446107284,-0.04798318426062088,T→P
856,171,Q,141459,141443,141468,25,-0.20007550000000002,859,136.7140961159381,-0.01675521954633052,-0.014828147290511514,-0.0527309843708932,-0.014973420083597236,P→Q
857,171,R,141488,141468,141506,38,1.6790505,859,136.7140961159381,0.17127976278863663,0.2345557457497581,0.18803498233496715,0.24938389304026962,Q→R
858,171,S,141511,141506,141517,11,-0.13918550000000002,859,136.7140961159381,-0.003376842429245076,-0.006964056967579581,-0.1746566052178817,-0.24151980271733767,R→S
859,171,T,141757,141607,141826,219,0.4297645,859,136.7140961159381,-0.28501668423590004,0.13881997546116462,-0.28163984180665497,0.1457840324287442,S→T
860,172,P,142217,142172,142248,76,0.1850195,799,127.16479953042438,0.048549213266013934,-0.0019042510047931995,0.33356589750191395,-0.1407242264659578,T→P
861,172,Q,142313,142302,142324,22,-0.2314095,799,127.16479953042438,-0.016644950110051255,-0.015604547309801386,-0.06519416337606519,-0.013700296305008186,P→Q
862,172,R,142343,142324,142362,38,1.6987305,799,127.16479953042438,0.17191789908725896,0.25942175972663234,0.18856284919731023,0.2750263070364337,Q→R
863,172,S,142366,142362,142375,13,-0.1519485,799,127.16479953042438,-0.0034403579610331595,-0.00848925402444608,-0.1753582570482921,-0.2679110137510784,R→S
864,172,T,142616,142466,142668,202,0.3804525,799,127.16479953042438,-0.2691144989407029,0.07566783673174711,-0.26567414097966974,0.0841570907561932,S→T
865,173,P,143016,142991,143045,54,0.129623,781,124.30001055477027,0.02969653199442552,0.0007011580220694768,0.2988110309351284,-0.07496667870967763,T→P
866,173,Q,143124,143099,143133,34,-0.317547,781,124.30001055477027,-0.022869430076003613,-0.025471710481239716,-0.05256596207042913,-0.026172868503309195,P→Q
867,173,R,143154,143133,143175,42,1.6294250000000001,781,124.30001055477027,0.1430636865508288,0.2700692794062038,0.1659331166268324,0.2955409898874435,Q→R
868,173,S,143183,143175,143190,15,-0.066994,781,124.30001055477027,-0.001024923314263445,-0.004265099022661835,-0.14408860986509223,-0.2743343784288656,R→S
869,173,T,143415,143286,143464,178,0.304784,781,124.30001055477027,-0.19844388243558347,0.023583817996088045,-0.19741895912132004,0.02784891701874988,S→T
870,174,P,143797,143768,143841,73,0.145289,815,129.7112786198947,0.04185467642154354,0.0014984470213018285,0.240298558857127,-0.022085370974786217,T→P
871,174,Q,143903,143879,143911,32,-0.28564100000000003,815,129.7112786198947,-0.019452201386214788,-0.019566661741717527,-0.06130687780775833,-0.021065108763019355,P→Q
872,174,R,143932,143911,143951,40,1.7141199999999999,815,129.7112786198947,0.15999087179948257,0.2628648796995545,0.17944307318569735,0.282431541441272,Q→R
873,174,S,143959,143951,143965,14,-0.053621,815,129.7112786198947,-0.0013257877334270462,-0.003834930717956005,-0.1613166595329096,-0.2666998104175105,R→S
874,174,T,144194,144044,144262,218,0.392957,815,129.7112786198947,-0.2949553748237179,0.09284683619872146,-0.29362958709029086,0.09668176691667746,S→T
875,175,P,144612,144569,144640,71,0.151079,780,124.14085561167836,0.0430624842814285,-0.00339854762420211,0.3380178591051464,-0.09624538382292357,T→P
876,175,Q,144703,144693,144712,19,-0.28621399999999997,780,124.14085561167836,-0.01870953752790802,-0.01683938487192274,-0.06177202180933652,-0.013440837247720631,P→Q
877,175,R,144733,144712,144752,40,1.752389,780,124.14085561167836,0.1815721984260594,0.26019093246421093,0.20028173595396742,0.2770303173361337,Q→R
878,175,S,144760,144752,144766,14,-0.10702,780,124.14085561167836,-0.0028618454133628084,-0.006939090923948773,-0.18443404383942222,-0.2671300233881597,R→S
879,175,T,144993,144843,145061,218,0.39697099999999996,780,124.14085561167836,-0.29472897584528385,0.0822285404333445,-0.29186713043192103,0.08916763135729328,S→T
880,176,P,145392,145366,145421,55,0.153409,761,121.11691169293236,0.032758034710751616,0.0005430441270189326,0.32748701055603546,-0.08168549630632557,T→P
881,176,Q,145497,145455,145506,51,-0.25258800000000003,761,121.11691169293236,-0.02808996818116332,-0.028567693739593475,-0.060848002891914936,-0.029110737866612408,P→Q
882,176,R,145526,145506,145543,37,1.577819,761,121.11691169293236,0.14468690439391235,0.2759017104400669,0.17277687257507568,0.3044694041796604,Q→R
883,176,S,145548,145543,145564,21,-0.083234,761,121.11691169293236,-0.0018346978355950649,-0.007019877947037441,-0.1465216022295074,-0.28292158838710435,R→S
884,176,T,145791,145641,145858,217,0.348842,761,121.11691169293236,-0.25859786333389456,0.021699245764454006,-0.2567631654982995,0.02871912371149145,S→T
885,177,P,146153,146122,146197,75,0.1719805,796,126.68733470114869,0.04563931617755178,0.0010453737223881186,0.30423717951144635,-0.02065387204206589,T→P
886,177,Q,146257,146236,146265,29,-0.2514035,796,126.68733470114869,-0.0194861621975737,-0.01979270371661644,-0.06512547837512547,-0.02083807743900456,P→Q
887,177,R,146286,146265,146304,39,1.6758505000000001,796,126.68733470114869,0.16168083602381167,0.2697203836222275,0.18116699822138538,0.28951308733884396,Q→R
888,177,S,146308,146304,146315,11,-0.06754850000000001,796,126.68733470114869,-0.0011137252558270693,-0.0030795414107417096,-0.16279456127963873,-0.27279992503296924,R→S
889,177,T,146550,146400,146800,400,0.4091785,796,126.68733470114869,-0.3459233795486516,0.020685926435353726,-0.3448096542928245,0.023765467846095435,S→T
890,178,P,146949,146906,146977,71,0.16038249999999998,839,133.53099725410019,0.04117657404604341,-0.0018986253946019366,0.387099953594695,-0.02258455182995566,T→P
891,178,Q,147046,147034,147056,22,-0.2490915,839,133.53099725410019,-0.017249868570057673,-0.015078235519939297,-0.05842644261610108,-0.01317961012533736,P→Q
892,178,R,147075,147056,147095,39,1.7077205,839,133.53099725410019,0.1740537480595475,0.23954956582875123,0.19130361662960516,0.2546278013486905,Q→R
893,178,S,147099,147095,147107,12,-0.16615349999999998,839,133.53099725410019,-0.00419052537719977,-0.00891210495582238,-0.17824427343674726,-0.2484616707845736,R→S
894,178,T,147349,147199,147416,217,0.39236550000000003,839,133.53099725410019,-0.25585806766894925,0.10782326419411539,-0.2516675422917495,0.11673536914993778,S→T
895,179,P,147788,147745,147801,56,0.1380385,802,127.64226435970006,0.02874470561213912,-0.0031001882330691623,0.28460277328108835,-0.11092345242718456,T→P
896,179,Q,147881,147831,147891,60,-0.31667749999999995,802,127.64226435970006,-0.03663024280798372,-0.02761332606312381,-0.06537494842012284,-0.024513137830054647,P→Q
897,179,R,147911,147891,147930,39,1.6447945000000002,802,127.64226435970006,0.1685964555623469,0.23518286064466484,0.2052266983703306,0.26279618670778865,Q→R
898,179,S,147936,147930,147946,16,-0.1623805,802,127.64226435970006,-0.004603710715933524,-0.010761763284007058,-0.17320016627828042,-0.2459446239286719,R→S
899,179,T,148168,148039,148234,195,0.31782350000000004,802,127.64226435970006,-0.20658686339717114,0.06252231115964792,-0.20198315268123762,0.07328407444365498,S→T
900,180,P,148590,148544,148615,71,0.1760495,836,133.0535324248245,0.041722236126759966,-0.0018011133303445206,0.2483090995239311,-0.06432342448999244,T→P
901,180,Q,148684,148673,148697,24,-0.20153749999999998,836,133.0535324248245,-0.01700466889394676,-0.014864857726895005,-0.058726905020706724,-0.013063744396550484,P→Q
902,180,R,148710,148697,148736,39,1.6868745,836,133.0535324248245,0.17817665966615392,0.24394139702175416,0.19518132856010068,0.25880625474864916,Q→R
903,180,S,148740,148736,148746,10,-0.08205049999999997,836,133.0535324248245,-0.0017137157727176832,-0.0036238198076873687,-0.1798903754388716,-0.24756521682944152,R→S
904,180,T,148986,148836,149236,400,0.4439885,836,133.0535324248245,-0.388991870828204,0.052312263997762884,-0.38727815505548635,0.05593608380545025,S→T
905,181,P,149426,149395,149454,59,0.157165,859,136.7140961159381,0.030417570654067083,-0.00034128394384022256,0.4194094414822711,-0.05265354794160311,T→P
906,181,Q,149523,149511,149535,24,-0.215761,859,136.7140961159381,-0.017699361196555068,-0.015384194348623422,-0.04811693185062215,-0.0150429104047832,P→Q
907,181,R,149555,149535,149573,38,1.663366,859,136.7140961159381,0.17193866806472194,0.23126441907921738,0.189638029261277,0.2466486134278408,Q→R
908,181,S,149578,149573,149584,11,-0.155425,859,136.7140961159381,-0.004135028261989687,-0.008355779544547802,-0.17607369632671163,-0.23962019862376518,R→S
909,181,T,149825,149675,149893,218,0.42281,859,136.7140961159381,-0.2732455938354696,0.13140672445839396,-0.2691105655734799,0.13976250400294177,S→T
910,182,P,150285,150256,150331,75,0.173718,819,130.3478983922623,0.043216291975642196,0.0011328467592103164,0.3164618858111118,-0.13027387769918364,T→P
911,182,Q,150388,150370,150397,27,-0.20849199999999998,819,130.3478983922623,-0.017415477828998976,-0.016862474298762243,-0.060631769804641175,-0.01799532105797256,P→Q
912,182,R,150416,150397,150434,37,1.686282,819,130.3478983922623,0.16668736509238036,0.2575172439827144,0.18410284292137932,0.27437971828147667,Q→R
913,182,S,150439,150434,150445,11,-0.126701,819,130.3478983922623,-0.002431599166515036,-0.0059180283109376095,-0.1691189642588954,-0.26343527229365205,R→S
914,182,T,150684,150534,150753,219,0.428895,819,130.3478983922623,-0.312006798344021,0.09992313191688319,-0.309575199177506,0.10584116022782081,S→T
915,183,P,151104,151077,151148,71,0.1551295,758,120.63944686365667,0.039016296541053104,0.0017020729848648828,0.3510230948850741,-0.09822105893201831,T→P
916,183,Q,151208,151188,151217,29,-0.2688085,758,120.63944686365667,-0.02166660434214968,-0.024241800960108643,-0.06068290088320279,-0.025943873944973526,P→Q
917,183,R,151230,151217,151255,38,1.5807235,758,120.63944686365667,0.14627751524262497,0.2763656506283448,0.16794411958477465,0.3006074515884534,Q→R
918,183,S,151260,151255,151274,19,-0.0565435,758,120.63944686365667,-0.0010417979993235249,-0.00389110924536504,-0.1473193132419485,-0.28025675987370985,R→S
919,183,T,151502,151353,151570,217,0.3587015,758,120.63944686365667,-0.2742930319921222,0.014152521281457744,-0.27325123399279866,0.018043630526822785,S→T
920,184,P,151862,151819,151889,70,0.147028,778,123.82254572549458,0.035756724078226144,-0.0015245440229393634,0.31004975607034835,-0.01567706530439711,T→P
921,184,Q,151957,151944,151967,23,-0.28216299999999994,778,123.82254572549458,-0.020241886692542503,-0.01927069672586567,-0.05599861077076865,-0.017746152702926305,P→Q
922,184,R,151985,151967,152007,40,1.670024,778,123.82254572549458,0.16901875819338658,0.2643916858919538,0.18926064488592909,0.28366238261781945,Q→R
923,184,S,152011,152007,152019,12,-0.152244,778,123.82254572549458,-0.0034831853555760722,-0.009321556332911015,-0.17250194354896264,-0.2737132422248648,R→S
924,184,T,152261,152111,152310,199,0.36450899999999997,778,123.82254572549458,-0.27596118583574386,0.06424759255696867,-0.2724780004801678,0.07356914888987968,S→T
925,185,P,152640,152597,152668,71,0.16672700000000001,799,127.16479953042438,0.040717697668608444,-0.0018090912289253996,0.3166788835043523,-0.06605668378589408,T→P
926,185,Q,152735,152723,152744,21,-0.26941899999999996,799,127.16479953042438,-0.01829207012475512,-0.016667568343118975,-0.05900976779336356,-0.014858477114193575,P→Q
927,185,R,152764,152744,152784,40,1.734966,799,127.16479953042438,0.1750100566982009,0.2566627313752604,0.19330212682295603,0.2733302997183794,Q→R
928,185,S,152789,152784,152797,13,-0.161547,799,127.16479953042438,-0.00387364984551787,-0.009291838396128311,-0.17888370654371877,-0.2659545697713887,R→S
929,185,T,153040,152890,153108,218,0.40858700000000003,799,127.16479953042438,-0.3015798911085937,0.08757298987096655,-0.2977062412630758,0.09686482826709486,S→T
930,186,P,153439,153396,153466,70,0.168761,739,117.61550294491066,0.04260727618133323,-0.0024786984018124085,0.34418716728992693,-0.09005168827277896,T→P
931,186,Q,153534,153523,153543,20,-0.276633,739,117.61550294491066,-0.019072736787740123,-0.01946370219058985,-0.061680012969073356,-0.01698500378877744,P→Q
932,186,R,153563,153543,153584,41,1.667416,739,117.61550294491066,0.16420601051926548,0.2823135282327679,0.1832787473070056,0.30177723042335775,Q→R
933,186,S,153587,153584,153596,12,-0.11771100000000001,739,117.61550294491066,-0.0023434146154506096,-0.007695504071713787,-0.1665494251347161,-0.29000903230448166,R→S
934,186,T,153838,153688,153906,218,0.376994,739,117.61550294491066,-0.3132369642261965,0.01812929478152341,-0.3108935496107459,0.025824798853237196,S→T
935,187,P,154178,154149,154211,62,0.15427849999999999,739,117.61550294491066,0.04355797184078638,0.00040643100001644785,0.35679493606698287,-0.01772286378150696,T→P
936,187,Q,154281,154264,154290,26,-0.2197925,739,117.61550294491066,-0.017030397807159394,-0.01974582999599721,-0.06058836964794577,-0.02015226099601366,P→Q
937,187,R,154304,154290,154330,40,1.6697285,739,117.61550294491066,0.15174915590830038,0.30514312514404757,0.16877955371545977,0.3248889551400448,Q→R
938,187,S,154333,154330,154338,8,-0.044076500000000005,739,117.61550294491066,-0.00048037946163548506,-0.0018770754341705055,-0.15222953536993586,-0.30702020057821805,R→S
939,187,T,154577,154427,154665,238,0.3909225,739,117.61550294491066,-0.34652648404593606,0.003985064509701051,-0.3460461045843006,0.005862139943871557,S→T
940,188,P,154917,154873,154963,90,0.1696305,778,123.82254572549458,0.04762163648827494,-0.0002969625167653706,0.394148120534211,-0.004282027026466422,T→P
941,188,Q,155014,155003,155025,22,-0.22127249999999998,778,123.82254572549458,-0.015637057122754178,-0.015489215262752428,-0.06325869361102912,-0.015192252745987057,P→Q
942,188,R,155039,155025,155064,39,1.6961415,778,123.82254572549458,0.16876294519496968,0.2768158358002389,0.18440000231772385,0.2923050510629913,Q→R
943,188,S,155068,155064,155075,11,-0.1301965,778,123.82254572549458,-0.002733174262480251,-0.007594273662492613,-0.17149611945744994,-0.2844101094627315,R→S
944,188,T,155316,155166,155364,198,0.3598855,778,123.82254572549458,-0.27237850327350044,0.06729510770733728,-0.2696453290110202,0.0748893813698299,S→T
945,189,P,155695,155652,155724,72,0.1534095,799,127.16479953042438,0.03840961914405907,-0.0013058324569972207,0.3107881224175595,-0.0686009401643345,T→P
946,189,Q,155792,155779,155803,24,-0.25954150000000004,799,127.16479953042438,-0.01838738772247798,-0.017405601838541236,-0.05679700686653705,-0.016099769381544015,P→Q
947,189,R,155822,155803,155841,38,1.7013385,799,127.16479953042438,0.16934420816895857,0.2596047121596593,0.18773159589143654,0.27701031399820053,Q→R
948,189,S,155845,155841,155854,13,-0.1789345,799,127.16479953042438,-0.004166824393751816,-0.010378594895832377,-0.1735110325627104,-0.2699833070554917,R→S
949,189,T,156095,155945,156162,217,0.4068475,799,127.16479953042438,-0.2868280555964516,0.0784631721264173,-0.28266123120269976,0.08884176702224968,S→T
950,190,P,156494,156466,156522,56,0.138316,760,120.95775674984046,0.028297275896465333,1.1770938699545048e-05,0.31512533149291694,-0.07845140118771776,T→P
951,190,Q,156595,156577,156605,28,-0.242155,760,120.95775674984046,-0.021273088547737417,-0.02267838366607223,-0.04957036444420275,-0.022690154604771775,P→Q
952,190,R,156618,156605,156642,37,1.636971,760,120.95775674984046,0.15446283903412542,0.27719957495421377,0.17573592758186282,0.299877958620286,Q→R
953,190,S,156647,156642,156655,13,-0.129031,760,120.95775674984046,-0.0027177413237695317,-0.008820478602889151,-0.15718058035789495,-0.2860200535571029,R→S
954,190,T,156894,156744,156942,198,0.337819,760,120.95775674984046,-0.24449034721621501,0.030266965940926687,-0.24177260589244548,0.03908744454381584,S→T
955,191,P,157254,157226,157282,56,0.156591,798,127.00564458733248,0.03112451965111976,0.00013264639881719521,0.2756148668673348,-0.030134319542109492,T→P
956,191,Q,157356,157338,157366,28,-0.22794999999999999,798,127.00564458733248,-0.019298448506849343,-0.019365858225392156,-0.0504229681579691,-0.01949850462420935,P→Q
957,191,R,157379,157366,157404,38,1.6558009999999999,798,127.00564458733248,0.16166349873409563,0.2634681195085914,0.18096194724094497,0.28283397773398355,Q→R
958,191,S,157408,157404,157415,11,-0.09743899999999998,798,127.00564458733248,-0.0017780544407359324,-0.004799716562827981,-0.16344155317483156,-0.26826783607141935,R→S
959,191,T,157653,157503,157903,400,0.411768,798,127.00564458733248,-0.35446872179142863,-0.03718313752134212,-0.3526906673506927,-0.03238342095851414,S→T
960,192,P,158052,158007,158079,72,0.1316575,819,130.3478983922623,0.03757992869987302,-0.0032831393560160405,0.39204865049130166,0.03389999816532608,T→P
961,192,Q,158142,158133,158151,18,-0.29287250000000004,819,130.3478983922623,-0.018706825740803977,-0.015537875916619148,-0.056286754440676996,-0.012254736560603108,P→Q
962,192,R,158172,158151,158189,38,1.7329675,819,130.3478983922623,0.1836355730326653,0.2348710433215422,0.2023423987734693,0.25040891923816133,Q→R
963,192,S,158199,158189,158206,17,-0.11541749999999999,819,130.3478983922623,-0.0041458407543045715,-0.008408427759706245,-0.1877814137869699,-0.24327947108124845,R→S
964,192,T,158432,158282,158497,215,0.3572765,819,130.3478983922623,-0.22492059012646495,0.10282934160349141,-0.22077474937216038,0.11123776936319765,S→T
965,193,P,158871,158846,158900,54,0.15980899999999998,839,133.53099725410019,0.031005367634105416,0.00029442652216300536,0.25592595776057037,-0.1025349150813284,T→P
966,193,Q,158976,158952,158985,33,-0.255473,839,133.53099725410019,-0.022457595222291064,-0.021371162622958243,-0.053462962856396484,-0.021665589145121247,P→Q
967,193,R,159004,158985,159021,36,1.654987,839,133.53099725410019,0.15990350822440286,0.24145253925017898,0.18236110344669393,0.26282370187313725,Q→R
968,193,S,159026,159021,159035,14,-0.16151100000000002,839,133.53099725410019,-0.003622351211655119,-0.008413998993150148,-0.16352585943605796,-0.24986653824332913,R→S
969,193,T,159270,159120,159320,200,0.379621,839,133.53099725410019,-0.22804143265006857,0.08637351648817172,-0.22441908143841346,0.09478751548132187,S→T
970,194,P,159710,159703,159738,35,0.136578,779,123.98170066858647,0.017938421714857215,0.00109033546561122,0.24597985436492578,-0.08528318102256051,T→P
971,194,Q,159812,159791,159822,31,-0.25199499999999997,779,123.98170066858647,-0.0239990077383132,-0.024930903121542218,-0.041937429453170416,-0.02602123858715344,P→Q
972,194,R,159835,159822,159859,37,1.6038999999999999,779,123.98170066858647,0.14957776006181822,0.25834145124685676,0.17357676780013143,0.283272354368399,Q→R
973,194,S,159865,159859,159885,26,-0.10583600000000001,779,123.98170066858647,-0.0025926722222819544,-0.008447798993159693,-0.15217043228410018,-0.26678925024001643,R→S
974,194,T,160109,159961,160175,214,0.345957,779,123.98170066858647,-0.2465127318074461,0.037973338883310406,-0.24392005958516413,0.0464211378764701,S→T
975,195,P,160489,160445,160516,71,0.14641750000000003,819,130.3478983922623,0.03911028526182617,-0.0028588687622843776,0.2856230170692723,-0.04083220764559478,T→P
976,195,Q,160580,160571,160589,18,-0.2833285,819,130.3478983922623,-0.01751686653226404,-0.014684171783739394,-0.05662715179409021,-0.011825303021455017,P→Q
977,195,R,160610,160589,160630,41,1.7419575,819,130.3478983922623,0.18661843308801743,0.24228656550489513,0.20413529962028146,0.2569707372886345,Q→R
978,195,S,160637,160630,160642,12,-0.09658849999999997,819,130.3478983922623,-0.0022676719009986543,-0.004716007052440157,-0.1888861049890161,-0.2470025725573353,R→S
979,195,T,160868,160718,161118,400,0.43118850000000003,819,130.3478983922623,-0.36589381582825187,0.07031958479011836,-0.36362614392725323,0.07503559184255852,S→T
980,196,P,161308,161263,161355,92,0.17891600000000002,859,136.7140961159381,0.04782339229044153,-4.057323733392886e-05,0.4137172081186934,-0.0703601580274523,T→P
981,196,Q,161409,161393,161419,26,-0.20910199999999998,859,136.7140961159381,-0.01706317227422482,-0.015130152154536078,-0.06488656456466635,-0.015089578917202149,P→Q
982,196,R,161438,161419,161456,37,1.685672,859,136.7140961159381,0.1712692467921445,0.23529508853978265,0.18833241906636933,0.2504252406943187,Q→R
983,196,S,161461,161456,161467,11,-0.139481,859,136.7140961159381,-0.0033448295691586236,-0.00689876990875127,-0.17461407636130313,-0.24219385844853392,R→S
984,196,T,161707,161557,161796,239,0.430061,859,136.7140961159381,-0.2924993518128895,0.13607976165156985,-0.2891545222437309,0.14297853156032111,S→T
985,197,P,162167,162139,162213,74,0.1719425,779,123.98170066858647,0.041020936359090175,0.0014074832424169237,0.33352028817197965,-0.1346722784091529,T→P
986,197,Q,162268,162253,162278,25,-0.20386749999999998,779,123.98170066858647,-0.016796714968900953,-0.017383874584592566,-0.05781765132799113,-0.01879135782700949,P→Q
987,197,R,162291,162278,162315,37,1.6375625,779,123.98170066858647,0.15858073147961793,0.2686268086926011,0.17537744644851888,0.28601068327719364,Q→R
988,197,S,162320,162315,162327,12,-0.10409750000000001,779,123.98170066858647,-0.001789071358528782,-0.005176029228821413,-0.16036980283814672,-0.2738028379214225,R→S
989,197,T,162566,162416,162634,218,0.3911995,779,123.98170066858647,-0.3160919941558265,0.055971125056793136,-0.3143029227972977,0.06114715428561455,S→T
990,198,P,162946,162916,162994,78,0.183855,838,133.3718423110083,0.04956110595553179,0.0019810134778328495,0.3656531001113583,-0.05399011157896029,T→P
991,198,Q,163048,163033,163057,24,-0.193139,838,133.3718423110083,-0.014107379865866328,-0.013272761140762295,-0.06366848582139811,-0.015253774618595145,P→Q
992,198,R,163071,163057,163096,39,1.684248,838,133.3718423110083,0.17276749190213272,0.2529507100947818,0.18687487176799905,0.26622347123554413,Q→R
993,198,S,163100,163096,163104,8,-0.059150999999999995,838,133.3718423110083,-0.0009223863826404659,-0.0020835826638211804,-0.1736898782847732,-0.255034292758603,R→S
994,198,T,163345,163195,163595,400,0.447133,838,133.3718423110083,-0.39392861782659827,0.07683559723363859,-0.3930062314439578,0.07891917989745977,S→T
995,199,P,163784,163756,163812,56,0.158329,863,137.35071588830567,0.02894399268195913,-5.506212210899418e-05,0.4228726105085574,-0.07689065935574758,T→P
996,199,Q,163881,163869,163893,24,-0.253476,863,137.35071588830567,-0.018194196070918645,-0.015497126938165368,-0.04713818875287777,-0.015442064816056374,P→Q
997,199,R,163911,163893,163930,37,1.679587,863,137.35071588830567,0.17178462528581945,0.2261371460896511,0.1899788213567381,0.24163427302781648,Q→R
998,199,S,163934,163930,163943,13,-0.169946,863,137.35071588830567,-0.004675524075073935,-0.009260713132837875,-0.17646014936089338,-0.235397859222489,R→S
999,199,T,164183,164033,164233,200,0.38043400000000005,863,137.35071588830567,-0.22335642549515997,0.1151676324969923,-0.21868090142008603,0.12442834562983017,S→T
1000,200,P,164647,164618,164690,72,0.144125,854,135.91832140047862,0.041909433377374024,0.0018417001596222405,0.265265858872534,-0.11332593233737007,T→P
1001,200,Q,164753,164728,164762,34,-0.293168,854,135.91832140047862,-0.01960375789114178,-0.01852307346051764,-0.0615131912685158,-0.02036477362013988,P→Q
1002,200,R,164782,164762,164800,38,1.716432,854,135.91832140047862,0.15814846963491047,0.23645179812030037,0.17775222752605224,0.254974871580818,Q→R
1003,200,S,164810,164800,164817,17,-0.10062000000000001,854,135.91832140047862,-0.002955226246505329,-0.007227546276738653,-0.1611036958814158,-0.24367934439703903,R→S
1004,200,T,165043,164913,165108,195,0.333787,854,135.91832140047862,-0.20356527631328797,0.08157067366007419,-0.20061005006678265,0.08879821993681283,S→T
1005,201,P,165501,165458,165511,53,0.134562,800,127.32395447351627,0.0282126156988048,-0.0031411763309787057,0.23177789201209276,-0.0847118499910529,T→P
1006,201,Q,165592,165566,165602,36,-0.31841600000000003,800,127.32395447351627,-0.027048429075640344,-0.022204290049474443,-0.05526104477444514,-0.019063113718495738,P→Q
1007,201,R,165622,165602,165642,40,1.6163850000000002,800,127.32395447351627,0.17373697455875908,0.2350332007164429,0.20078540363439942,0.25723749076591734,Q→R
1008,201,S,165650,165642,165658,16,-0.121799,800,127.32395447351627,-0.00294594187677246,-0.006927534811715789,-0.17668291643553155,-0.2419607355281587,R→S
1009,201,T,165882,165754,165947,193,0.30794699999999997,800,127.32395447351627,-0.20665703761791288,0.06814003537446157,-0.2037110957411404,0.07506757018617737,S→T
1010,202,P,166301,166256,166328,72,0.14208949999999998,838,133.3718423110083,0.04005218090961251,-0.003190407594896351,0.2467092185275254,-0.07133044296935792,T→P
1011,202,Q,166390,166365,166399,34,-0.29579449999999996,838,133.3718423110083,-0.02206238415893706,-0.016674218384901716,-0.062114565068549565,-0.013483810790005366,P→Q
1012,202,R,166420,166399,166438,39,1.7306375,838,133.3718423110083,0.18825457747299112,0.2263547117969803,0.21031696163192817,0.243028930181882,Q→R
1013,202,S,166443,166438,166454,16,-0.09803150000000002,838,133.3718423110083,-0.0035577786208738495,-0.006685474681823466,-0.19181235609386496,-0.23304018647880376,R→S
1014,202,T,166680,166530,166748,218,0.4030745,838,133.3718423110083,-0.2604280895211448,0.1433806619970476,-0.25687031090027096,0.15006613667887106,S→T
1015,203,P,167139,167111,167168,57,0.159199,840,133.69015219719208,0.0308508099903895,0.0002567982910186998,0.2912788995115343,-0.1431238637060289,T→P
1016,203,Q,167241,167223,167251,28,-0.21894200000000003,840,133.69015219719208,-0.019710593934204736,-0.01817456202604874,-0.05056140392459424,-0.018431360317067443,P→Q
1017,203,R,167270,167251,167287,36,1.657262,840,133.69015219719208,0.16498119563891125,0.23956928802892233,0.184691789573116,0.2577438500549711,Q→R
1018,203,S,167292,167287,167301,14,-0.17137000000000002,840,133.69015219719208,-0.004573745931656651,-0.010227056820387105,-0.1695549415705679,-0.24979634484930943,R→S
1019,203,T,167539,167389,167605,216,0.391181,840,133.69015219719208,-0.23927791599959677,0.08954356749137068,-0.23470417006794012,0.09977062431175779,S→T
1020,204,P,167979,167936,168006,70,0.1702225,778,123.82254572549458,0.03856627545363374,-0.00172544382383329,0.2778441914532305,-0.09126901131520397,T→P
1021,204,Q,168073,168061,168083,22,-0.2722855,778,123.82254572549458,-0.019276713431180592,-0.01811908207278032,-0.05784298888481433,-0.01639363824894703,P→Q
1022,204,R,168098,168083,168124,41,1.6410595000000001,778,123.82254572549458,0.1676378874344075,0.2568651434931554,0.1869146008655881,0.27498422556593577,Q→R
1023,204,S,168127,168124,168135,11,-0.12379649999999998,778,123.82254572549458,-0.0026092906972383085,-0.006894635526275168,-0.1702471781316458,-0.2637597790194306,R→S
1024,204,T,168377,168227,168427,200,0.3558165,778,123.82254572549458,-0.26846390246404045,0.06464484802650666,-0.26585461176680214,0.07153948355278184,S→T
1025,205,P,168757,168727,168790,63,0.1745695,819,130.3478983922623,0.037189243120759365,7.845508276734031e-05,0.30565314558479983,-0.06456639294373932,T→P
1026,205,Q,168858,168844,168868,24,-0.2059025,819,130.3478983922623,-0.016580348995137748,-0.015893282710979638,-0.053769592115897116,-0.015971737793746978,P→Q
1027,205,R,168882,168868,168906,38,1.6772935,819,130.3478983922623,0.1691089351933068,0.2575202934436984,0.18568928418844455,0.27341357615467804,Q→R
1028,205,S,168910,168906,168917,11,-0.10439350000000003,819,130.3478983922623,-0.002096629045005379,-0.005078222227598617,-0.17120556423831218,-0.26259851567129705,R→S
1029,205,T,169157,169007,169245,238,0.4135065,819,130.3478983922623,-0.31878074542981866,0.10559761621782093,-0.31668411638481325,0.11067583844541955,S→T
1030,206,P,169576,169531,169609,78,0.19254749999999998,859,136.7140961159381,0.04545873583667762,-0.0014300357031864228,0.3642394812664963,-0.10702765192100736,T→P
1031,206,Q,169678,169663,169687,24,-0.19543349999999998,859,136.7140961159381,-0.01496224986226884,-0.013471835816514028,-0.06042098569894647,-0.012041800113327606,P→Q
1032,206,R,169707,169687,169725,38,1.7016345,859,136.7140961159381,0.1731187920019956,0.24088028507566292,0.18808104186426444,0.25435212089217696,Q→R
1033,206,S,169730,169725,169735,10,-0.12818049999999998,859,136.7140961159381,-0.0026397274714928583,-0.005516677881491675,-0.17575851947348844,-0.2463969629571546,R→S
1034,206,T,169975,169825,170224,399,0.4599325,859,136.7140961159381,-0.34344254692670595,0.10550827152701055,-0.34080281945521307,0.11102494940850222,S→T
1035,207,P,170435,170410,170463,53,0.146751,819,130.3478983922623,0.031035042267977854,0.0005431230900395576,0.3744775891946838,-0.104965148436971,T→P
1036,207,Q,170541,170519,170550,31,-0.258654,819,130.3478983922623,-0.020554891905508216,-0.02059887106353773,-0.05158993417348607,-0.021141994153577287,P→Q
1037,207,R,170570,170550,170588,38,1.581001,819,130.3478983922623,0.1530166437595744,0.24598352712540278,0.17357153566508263,0.26658239818894053,Q→R
1038,207,S,170591,170588,170606,18,-0.05974299999999999,819,130.3478983922623,-0.0014519137612990227,-0.004004491186902724,-0.15446855752087343,-0.2499880183123055,R→S
1039,207,T,170834,170684,170900,216,0.35668500000000003,819,130.3478983922623,-0.24897180549659087,0.07721590164711022,-0.24751989173529185,0.08122039283401294,S→T
1040,208,P,171254,171225,171300,75,0.18326299999999998,861,137.0324060021219,0.044392426368612264,0.0013890831720630569,0.2933642318652031,-0.07582681847504716,T→P
1041,208,Q,171358,171340,171366,26,-0.21981100000000003,861,137.0324060021219,-0.01645130018111123,-0.01506883514182547,-0.06084372654972349,-0.016457918313888528,P→Q
1042,208,R,171386,171366,171405,39,1.6662700000000001,861,137.0324060021219,0.16906685642321223,0.237877630806144,0.18551815660432347,0.25294646594796943,Q→R
1043,208,S,171409,171405,171416,11,-0.09570000000000001,861,137.0324060021219,-0.0017349529069055542,-0.0036928653753092143,-0.1708018093301178,-0.2415704961814532,R→S
1044,208,T,171653,171503,171721,218,0.414653,861,137.0324060021219,-0.27833237226311625,0.14356921687696023,-0.2765974193562107,0.14726208225226944,S→T
1045,209,P,172115,172085,172159,74,0.152522,877,139.5788850915922,0.03533751156127493,0.0005474202952317682,0.3136698838243912,-0.14302179658172845,T→P
1046,209,Q,172219,172197,172227,30,-0.24940599999999996,877,139.5788850915922,-0.01904667581377832,-0.01667196446461398,-0.05438418737505325,-0.01721938475984575,P→Q
1047,209,R,172247,172227,172264,37,1.6737790000000001,877,139.5788850915922,0.16664413511007595,0.22437563411976125,0.18569081092385425,0.24104759858437522,Q→R
1048,209,S,172269,172264,172283,19,-0.14209,877,139.5788850915922,-0.003820613418891621,-0.007714070949876283,-0.17046474852896756,-0.23208970506963753,R→S
1049,209,T,172512,172362,172579,217,0.40192700000000003,877,139.5788850915922,-0.24368625526545265,0.13219588494735995,-0.23986564184656103,0.13990995589723623,S→T
1050,210,P,172992,172966,173037,71,0.156887,818,130.1887434491704,0.03703507482097297,0.0015961959082418063,0.28072133008642564,-0.13059968903911814,T→P
1051,210,Q,173099,173076,173107,31,-0.28506699999999996,818,130.1887434491704,-0.01987405463619205,-0.020280456283183174,-0.05690912945716502,-0.02187665219142498,P→Q
1052,210,R,173127,173107,173145,38,1.6149229999999999,818,130.1887434491704,0.15201407149052298,0.24879694564823696,0.17188812612671503,0.26907740193142016,Q→R
1053,210,S,173155,173145,173163,18,-0.05830099999999999,818,130.1887434491704,-0.0018360974342687883,-0.00523999295313208,-0.15385016892479178,-0.25403693860136906,R→S
1054,210,T,173390,173240,173458,218,0.376698,818,130.1887434491704,-0.27350970609092246,0.08166944815226285,-0.2716736086566537,0.08690944110539493,S→T
1055,211,P,173810,173784,173839,55,0.15919850000000002,822,130.82536322153797,0.030793756367201445,0.000396667170616801,0.3043034624581239,-0.08127278098164605,T→P
1056,211,Q,173914,173895,173923,28,-0.2485365,822,130.82536322153797,-0.02020586613711296,-0.019872668229127637,-0.050999622504314404,-0.02026933539974444,P→Q
1057,211,R,173937,173923,173962,39,1.6340664999999999,822,130.82536322153797,0.16007266119435262,0.2507439214230536,0.18027852733146557,0.2706165896521812,Q→R
1058,211,S,173967,173962,173974,12,-0.06989849999999997,822,130.82536322153797,-0.001383942601356815,-0.003537600755396309,-0.16145660379570945,-0.2542815221784499,R→S
1059,211,T,174209,174059,174318,259,0.4022045,822,130.82536322153797,-0.30772817692188875,0.08745393132647035,-0.3063442343205319,0.09099153208186665,S→T
1060,212,P,174632,174603,174677,74,0.15714499999999998,875,139.26057520540843,0.045513957541607614,0.001830534049473735,0.3532421344634964,-0.08562339727699661,T→P
1061,212,Q,174737,174728,174746,18,-0.2517,875,139.26057520540843,-0.013025231162794323,-0.012294948190225256,-0.05853918870440194,-0.014125482239698992,P→Q
1062,212,R,174767,174746,174785,39,1.7567169999999999,875,139.26057520540843,0.16806563472570377,0.2372537284995211,0.1810908658884981,0.24954867668974634,Q→R
1063,212,S,174790,174785,174799,14,-0.066144,875,139.26057520540843,-0.0015762853630134342,-0.0034332356515750207,-0.1696419200887172,-0.2406869641510961,R→S
1064,212,T,175029,174879,175137,258,0.455863,875,139.26057520540843,-0.31504329090973227,0.15633968881162846,-0.31346700554671886,0.1597729244632035,S→T
1065,213,P,175507,175464,175536,72,0.17486600000000002,859,136.7140961159381,0.039606959182065804,-0.0010895257987062095,0.35465025009179807,-0.15742921461033468,T→P
1066,213,Q,175605,175592,175617,25,-0.234016,859,136.7140961159381,-0.019097044561063647,-0.016713884957839903,-0.05870400374312945,-0.015624359159133693,P→Q
1067,213,R,175636,175617,175654,37,1.6590189999999998,859,136.7140961159381,0.17086439936578707,0.23172706321464376,0.18996144392685071,0.24844094817248366,Q→R
1068,213,S,175659,175654,175667,13,-0.163286,859,136.7140961159381,-0.0043361179044834565,-0.008878694833485329,-0.17520051727027053,-0.2406057580481291,R→S
1069,213,T,175906,175756,175973,217,0.406256,859,136.7140961159381,-0.2496905669352954,0.1218046818333139,-0.24535444903081194,0.13068337666679924,S→T
1070,214,P,176366,176324,176394,70,0.1568685,799,127.16479953042438,0.032296541845145396,-0.0010899954922622681,0.2819871087804408,-0.12289467732557617,T→P
1071,214,Q,176463,176450,176472,22,-0.27927749999999996,799,127.16479953042438,-0.020164751516087383,-0.018696349602169125,-0.05246129336123278,-0.017606354109906856,P→Q
1072,214,R,176486,176472,176513,41,1.6590005,799,127.16479953042438,0.16618114573291556,0.24807640638487888,0.18634589724900294,0.266772755987048,Q→R
1073,214,S,176516,176513,176524,11,-0.1064465,799,127.16479953042438,-0.002372081607552461,-0.005954754931200921,-0.16855322734046801,-0.2540311613160798,R→S
1074,214,T,176766,176616,176833,217,0.37494150000000004,799,127.16479953042438,-0.27515695923489825,0.07342785315787048,-0.27278487762734577,0.0793826080890714,S→T
1075,215,P,177165,177120,177213,93,0.195174,838,133.3718423110083,0.055877473738189014,0.0003052285792843165,0.33103443297308727,-0.07312262457858616,T→P
1076,215,Q,177262,177252,177274,22,-0.19399100000000002,838,133.3718423110083,-0.013868694298065191,-0.012441387844223308,-0.0697461680362542,-0.012746616423507624,P→Q
1077,215,R,177291,177274,177313,39,1.705408,838,133.3718423110083,0.17767213000496446,0.25082828105536586,0.19154082430302966,0.2632696688995892,Q→R
1078,215,S,177317,177313,177323,10,-0.09192800000000001,838,133.3718423110083,-0.0019325623253924754,-0.004217409454110577,-0.17960469233035692,-0.25504569050947645,R→S
1079,215,T,177564,177414,177814,400,0.459636,838,133.3718423110083,-0.38348473961149465,0.08430474571291849,-0.3815521772861022,0.08852215516702906,S→T
1080,216,P,178003,177960,178031,71,0.14904399999999998,843,134.16761702646778,0.03756533647122291,-0.002050835236430972,0.42105007608271755,-0.08635558094934946,T→P
1081,216,Q,178095,178087,178105,18,-0.267347,843,134.16761702646778,-0.01702886740560242,-0.014047369533505761,-0.05459420387682533,-0.011996534297074788,P→Q
1082,216,R,178125,178105,178145,40,1.742845,843,134.16761702646778,0.18210173636675273,0.23017208993443136,0.19913060377235514,0.24421945946793713,Q→R
1083,216,S,178152,178145,178159,14,-0.153705,843,134.16761702646778,-0.004218463961259339,-0.008375173319129427,-0.18632020032801205,-0.2385472632535608,R→S
1084,216,T,178383,178235,178451,216,0.37525600000000003,843,134.16761702646778,-0.23059826151889584,0.11145144414075603,-0.22637979755763651,0.11982661745988546,S→T
1085,217,P,178846,178818,178889,71,0.13975949999999998,815,129.7112786198947,0.037848801832629723,0.0014545627279492607,0.26844706335152557,-0.10999688141280677,T→P
1086,217,Q,178952,178907,178961,54,-0.3282745,815,129.7112786198947,-0.02965913294078406,-0.027848243812528053,-0.06750793477341378,-0.029302806540477313,P→Q
1087,217,R,178982,178961,178999,38,1.6830645,815,129.7112786198947,0.15042804249035713,0.24987802972148718,0.1800871754311412,0.27772627353401524,Q→R
1088,217,S,179010,178999,179019,20,-0.11308750000000001,815,129.7112786198947,-0.003069586043643847,-0.009139380717651973,-0.15349762853400098,-0.2590174104391392,R→S
1089,217,T,179242,179115,179295,180,0.32594449999999997,815,129.7112786198947,-0.20792261761995626,0.052260565297041844,-0.2048530315763124,0.06139994601469382,S→T
1090,218,P,179661,179619,179688,69,0.157738,780,124.14085561167836,0.0320306053977174,-0.0012201464128571687,0.23995322301767366,-0.053480711709899015,T→P
1091,218,Q,179757,179742,179767,25,-0.306227,780,124.14085561167836,-0.023245453478382243,-0.022223367063616703,-0.05527605887609964,-0.021003220650759533,P→Q
1092,218,R,179781,179767,179807,40,1.670302,780,124.14085561167836,0.1653056583269908,0.25884088041121334,0.18855111180537304,0.28106424747483005,Q→R
1093,218,S,179811,179807,179819,12,-0.10616900000000001,780,124.14085561167836,-0.002540363586956911,-0.006940023407906506,-0.1678460219139477,-0.26578090381911984,R→S
1094,218,T,180061,179911,180129,218,0.37348000000000003,780,124.14085561167836,-0.2949255808564146,0.05692527134544949,-0.2923852172694577,0.06386529475335599,S→T
1095,219,P,180441,180412,180488,76,0.1676145,818,130.1887434491704,0.04302555820568036,0.001440909747224569,0.337951139062095,-0.05548436159822492,T→P
1096,219,Q,180544,180526,180553,27,-0.2157425,818,130.1887434491704,-0.01709113860512072,-0.016699881167959296,-0.060116696810801076,-0.018140790915183863,P→Q
1097,219,R,180573,180553,180591,38,1.7138425000000002,818,130.1887434491704,0.16824814358710766,0.262997198200619,0.18533928219222837,0.2796970793685783,Q→R
1098,219,S,180595,180591,180602,11,-0.11423449999999999,818,130.1887434491704,-0.0020958155301626655,-0.005181051951077671,-0.17034395911727032,-0.26817825015169666,R→S
1099,219,T,180840,180690,180909,219,0.4170205,818,130.1887434491704,-0.31633839861066815,0.10420341996747223,-0.31424258308050546,0.1093844719185499,S→T
1100,220,P,181259,181215,181287,72,0.16443400000000002,803,127.80141930279196,0.03947003151451079,-0.0016202249896051866,0.35580843012517893,-0.10582364495707743,T→P
1101,220,Q,181355,181344,181366,22,-0.25144,803,127.80141930279196,-0.017447333489590704,-0.016136809915938265,-0.056917365004101494,-0.014516584926333079,P→Q
1102,220,R,181385,181366,181404,38,1.7210560000000001,803,127.80141930279196,0.1734145268186646,0.2582848730367821,0.1908618603082553,0.27442168295272035,Q→R
1103,220,S,181408,181404,181417,13,-0.173126,803,127.80141930279196,-0.0042560301074196505,-0.010271755376046767,-0.17767055692608424,-0.26855662841282885,R→S
1104,220,T,181658,181508,181725,217,0.39989300000000005,803,127.80141930279196,-0.2837815628464435,0.08455321120657085,-0.27952553273902386,0.09482496658261762,S→T
1105,221,P,182062,182034,182087,53,0.130807,775,123.34508089621889,0.03002181529726956,0.0004168540735020423,0.31380337814371306,-0.0841363571330688,T→P
1106,221,Q,182167,182140,182177,37,-0.323318,775,123.34508089621889,-0.025286261287677757,-0.02719034264507812,-0.05530807658494732,-0.02760719671858016,P→Q
1107,221,R,182197,182177,182215,38,1.64511,775,123.34508089621889,0.14430987429870762,0.2670418894769111,0.16959613558638537,0.29423223212198923,Q→R
1108,221,S,182225,182215,182234,19,-0.11745199999999999,775,123.34508089621889,-0.0022458298033980343,-0.008605171740482533,-0.14655570410210567,-0.27564706121739363,R→S
1109,221,T,182458,182349,182510,161,0.304784,775,123.34508089621889,-0.19648612341297306,0.014648308894996971,-0.194240293609575,0.023253480635479502,S→T
1110,222,P,182837,182793,182864,71,0.17251550000000002,798,127.00564458733248,0.04030930801837766,-0.0023493276984956754,0.23679543143135073,-0.016997636593492647,T→P
1111,222,Q,182932,182919,182942,23,-0.29085649999999996,798,127.00564458733248,-0.020772597995564596,-0.018928276023689277,-0.061081906013942255,-0.0165789483251936,P→Q
1112,222,R,182960,182942,182981,39,1.6891495,798,127.00564458733248,0.17334353305548986,0.25377355179611844,0.19411613105105446,0.27270182781980773,Q→R
1113,222,S,182985,182981,182994,13,-0.1476205,798,127.00564458733248,-0.0035999472745707156,-0.008730949322514555,-0.17694348033006058,-0.262504501118633,R→S
1114,222,T,183236,183086,183303,217,0.36336250000000003,798,127.00564458733248,-0.2680087756397218,0.07500925802072285,-0.2644088283651511,0.08374020734323741,S→T
1115,223,P,183635,183605,183664,59,0.16528400000000001,839,133.53099725410019,0.03472316359408817,4.9720479858330144e-06,0.30273193923381,-0.07500428597273702,T→P
1116,223,Q,183736,183720,183746,26,-0.21400399999999997,839,133.53099725410019,-0.01899843909830731,-0.017554987683655526,-0.05372160269239548,-0.01755995973164136,P→Q
1117,223,R,183766,183746,183783,37,1.687725,839,133.53099725410019,0.1690933028504136,0.24562941848992834,0.18809174194872091,0.26318440617358385,Q→R
1118,223,S,183788,183783,183795,12,-0.15137499999999998,839,133.53099725410019,-0.0037051931914271826,-0.00828064530412123,-0.17279849604184078,-0.25391006379404957,R→S
1119,223,T,184035,183885,184103,218,0.411213,839,133.53099725410019,-0.282010450458895,0.11071962595950942,-0.2783052572674678,0.11900027126363065,S→T
1120,224,P,184474,184429,184500,71,0.132823,779,123.98170066858647,0.03808993311000408,-0.0037517114047326615,0.3201003835688991,-0.11447133736424207,T→P
1121,224,Q,184563,184538,184573,35,-0.303915,779,123.98170066858647,-0.024475179982095422,-0.020508592595872788,-0.0625651130920995,-0.016756881191140126,P→Q
1122,224,R,184593,184573,184613,40,1.687707,779,123.98170066858647,0.18151052017723987,0.2515133250070765,0.2059857001593353,0.2720219176029493,Q→R
1123,224,S,184621,184613,184629,16,-0.09453500000000001,779,123.98170066858647,-0.002488642186431024,-0.005995132173210721,-0.1839991623636709,-0.25750845718028725,R→S
1124,224,T,184854,184704,184921,217,0.342165,779,123.98170066858647,-0.24634454482195306,0.06663528411989623,-0.24385590263552204,0.07263041629310696,S→T
1125,225,P,185253,185211,185280,69,0.165876,801,127.48310941660817,0.0373498371316218,-0.0014430305313584619,0.2836943819535749,-0.06807831465125469,T→P
1126,225,Q,185348,185337,185358,21,-0.273747,801,127.48310941660817,-0.019047881998910835,-0.01742799276606522,-0.05639771913053264,-0.01598496223470676,P→Q
1127,225,R,185373,185358,185399,41,1.7080339999999998,801,127.48310941660817,0.17520360545602298,0.25802417577702846,0.1942514874549338,0.2754521685430937,Q→R
1128,225,S,185402,185399,185410,11,-0.10206300000000001,801,127.48310941660817,-0.002282066365467951,-0.005591708070004183,-0.17748567182149094,-0.26361588384703266,R→S
1129,225,T,185652,185502,185902,400,0.395565,801,127.48310941660817,-0.3395334948037096,0.004694385838278965,-0.33725142843824163,0.010286093908283148,S→T
1130,226,P,186054,186025,186099,74,0.162676,816,129.8704335629866,0.0459546233290087,0.0017601096740170153,0.38548811813271827,-0.00293427616426195,T→P
1131,226,Q,186159,186136,186168,32,-0.287971,816,129.8704335629866,-0.019726739862430353,-0.019856502769082813,-0.06568136319143905,-0.021616612443099828,P→Q
1132,226,R,186189,186168,186205,37,1.711789,816,129.8704335629866,0.15995360717269352,0.25951569483504794,0.17968034703512387,0.27937219760413073,Q→R
1133,226,S,186209,186205,186222,17,-0.09135399999999999,816,129.8704335629866,-0.002482740440514662,-0.006637677244175111,-0.1624363476132082,-0.26615337207922307,R→S
1134,226,T,186451,186301,186539,238,0.424844,816,129.8704335629866,-0.3184614127009253,0.08889126506703116,-0.31597867226041065,0.09552894231120626,S→T
1135,227,P,186870,186844,186899,55,0.15629500000000002,782,124.45916549786216,0.03113594183171293,0.0006266199163723025,0.34959735453263824,-0.08826464515065885,T→P
1136,227,Q,186976,186933,186985,52,-0.278075,782,124.45916549786216,-0.029765885724303314,-0.02962497288189909,-0.060901827556016246,-0.030251592798271394,P→Q
1137,227,R,187005,186985,187022,37,1.614369,782,124.45916549786216,0.1476059397440244,0.26751701854312104,0.1773718254683277,0.2971419914250201,Q→R
1138,227,S,187027,187022,187044,22,-0.09829,782,124.45916549786216,-0.0022886932958736286,-0.007803435816338737,-0.14989463303989803,-0.2753204543594598,R→S
1139,227,T,187270,187140,187321,181,0.327387,782,124.45916549786216,-0.22397696440314732,0.027346577275153345,-0.22168827110727368,0.035150013091492086,S→T
1140,228,P,187652,187624,187695,71,0.132249,815,129.7112786198947,0.0354690458455431,0.0013073608715732392,0.2594460102486904,-0.026039216403580107,T→P
1141,228,Q,187757,187734,187766,32,-0.29808900000000005,815,129.7112786198947,-0.01995762538555623,-0.020277351584816628,-0.05542667123109933,-0.021584712456389866,P→Q
1142,228,R,187788,187766,187807,41,1.709773,815,129.7112786198947,0.1587638029682155,0.2604591327221515,0.17872142835377172,0.2807364843069681,Q→R
1143,228,S,187816,187807,187822,15,-0.065552,815,129.7112786198947,-0.001316815945082039,-0.003948007977848843,-0.16008061891329753,-0.2644071407000003,R→S
1144,228,T,188048,187898,188136,238,0.39552699999999996,815,129.7112786198947,-0.30499379185009445,0.0892220910251928,-0.3036769759050124,0.09317009900304164,S→T
1145,229,P,188467,188423,188496,73,0.178361,819,130.3478983922623,0.04479100774266566,-0.0015343429230919683,0.3497847995927601,-0.09075643394828477,T→P
1146,229,Q,188565,188553,188576,23,-0.227044,819,130.3478983922623,-0.016334910818876225,-0.015120474841007045,-0.061125918561541884,-0.013586131917915077,P→Q
1147,229,R,188594,188576,188614,38,1.708312,819,130.3478983922623,0.17344794077282952,0.25534741144256135,0.18978285159170574,0.2704678862835684,Q→R
1148,229,S,188618,188614,188626,12,-0.153983,819,130.3478983922623,-0.0035987344945957902,-0.008367971321788107,-0.17704667526742532,-0.26371538276434947,R→S
1149,229,T,188867,188717,188955,238,0.42717499999999997,819,130.3478983922623,-0.32532012069179694,0.106062254632469,-0.32172138619720114,0.11443022595425711,S→T
1150,230,P,189286,189242,189313,71,0.14963600000000002,779,123.98170066858647,0.03852373515012862,-0.0031012476977994273,0.3638438558419256,-0.10916350233026843,T→P
1151,230,Q,189378,189349,189388,39,-0.313182,779,123.98170066858647,-0.02752808108913845,-0.023678303416815923,-0.06605181623926706,-0.020577055719016496,P→Q
1152,230,R,189408,189388,189427,39,1.685395,779,123.98170066858647,0.17351019480646854,0.25301672181732976,0.201038275895607,0.2766950252341457,Q→R
1153,230,S,189434,189427,189443,16,-0.15022799999999997,779,123.98170066858647,-0.004142365029783133,-0.010500919998892626,-0.17765255983625167,-0.2635176418162224,R→S
1154,230,T,189685,189538,189732,194,0.316659,779,123.98170066858647,-0.21813699121199018,0.05035277794858824,-0.21399462618220705,0.06085369794748086,S→T
1155,231,P,190065,190020,190092,72,0.1798225,780,124.14085561167836,0.04372080866671414,-0.0022334685028418404,0.26185779987870433,-0.05258624645143008,T→P
1156,231,Q,190159,190149,190169,20,-0.2708245,780,124.14085561167836,-0.018676399147578314,-0.01753478323481841,-0.062397207814292456,-0.01530131473197657,P→Q
1157,231,R,190184,190169,190211,42,1.7010805,780,124.14085561167836,0.17401278885459126,0.2678397818848715,0.19268918800216958,0.2853745651196899,Q→R
1158,231,S,190214,190211,190221,10,-0.0806075,780,124.14085561167836,-0.0014925717367819558,-0.003988627544264889,-0.17550536059137323,-0.2718284094291364,R→S
1159,231,T,190464,190314,190714,400,0.4112125,780,124.14085561167836,-0.37021111425322567,-0.04472458731420564,-0.3687185425164437,-0.040735959769940745,S→T
1160,232,P,190845,190814,190890,76,0.174255,817,130.02958850607848,0.04234818668562437,0.0008219208099493974,0.41255930093885007,0.04554650812415503,T→P
1161,232,Q,190948,190929,190956,27,-0.21546500000000002,817,130.02958850607848,-0.01771908702555167,-0.017105141246558712,-0.06006727371117604,-0.017927062056508108,P→Q
1162,232,R,190976,190956,190993,37,1.701912,817,130.02958850607848,0.1686407498405752,0.25980709107031835,0.18635983686612687,0.27691223231687706,Q→R
1163,232,S,190999,190993,191005,12,-0.125017,817,130.02958850607848,-0.002447810663001493,-0.00593832384328599,-0.17108856050357668,-0.2657454149136043,R→S
1164,232,T,191243,191093,191311,218,0.412637,817,130.02958850607848,-0.30579085525794125,0.10221021425814222,-0.30334304459493977,0.10814853810142822,S→T
1165,233,P,191662,191618,191691,73,0.174865,822,130.82536322153797,0.04269112304886257,-0.0011495589655693482,0.34848197830680383,-0.10335977322371157,T→P
1166,233,Q,191764,191747,191774,27,-0.221254,822,130.82536322153797,-0.018866373724260567,-0.01809992972626592,-0.06155749677312314,-0.01695037076069657,P→Q
1167,233,R,191793,191774,191810,36,1.6886130000000001,822,130.82536322153797,0.16694555667056735,0.2552433357459491,0.1858119303948279,0.273343265472215,Q→R
1168,233,S,191816,191810,191823,13,-0.139463,822,130.82536322153797,-0.0031359005215283193,-0.007534967639002158,-0.17008145719209566,-0.26277830338495123,R→S
1169,233,T,192061,191911,192128,217,0.410917,822,130.82536322153797,-0.2851098641899741,0.09889738830758601,-0.28197396366844574,0.10643235594658818,S→T
1170,234,P,192484,192452,192509,57,0.157775,755,120.16198203438098,0.03649192610042969,-0.0004281774990256828,0.32160179029040376,-0.0993255658066117,T→P
1171,234,Q,192584,192565,192594,29,-0.24241400000000002,755,120.16198203438098,-0.021815611357156543,-0.02300317809562353,-0.05830753745758624,-0.022575000596597845,P→Q
1172,234,R,192606,192594,192631,37,1.598425,755,120.16198203438098,0.15535321226088725,0.27668387123094734,0.17716882361804379,0.29968704932657086,Q→R
1173,234,S,192636,192631,192644,13,-0.074799,755,120.16198203438098,-0.0012598367594219876,-0.004027944666650671,-0.15661304902030923,-0.280711815897598,R→S
1174,234,T,192880,192730,192948,218,0.365971,755,120.16198203438098,-0.30099839191201355,0.028680007051353065,-0.29973855515259157,0.03270795171800374,S→T
1175,235,P,193239,193209,193286,77,0.1870175,779,123.98170066858647,0.04882495237018949,0.0018011352110060763,0.349823344282203,-0.02687887184034699,T→P
1176,235,Q,193342,193325,193351,26,-0.2224195,779,123.98170066858647,-0.017471652425530594,-0.01848865032826323,-0.06629660479572008,-0.020289785539269307,P→Q
1177,235,R,193371,193351,193390,39,1.6821945,779,123.98170066858647,0.16328432608639692,0.28503219505341143,0.1807559785119275,0.3035208453816747,Q→R
1178,235,S,193394,193390,193399,9,-0.0814765,779,123.98170066858647,-0.0011363829053567375,-0.0034202542503626184,-0.16442070899175365,-0.28845244930377406,R→S
1179,235,T,193639,193489,193727,238,0.4080125,779,123.98170066858647,-0.3455881866313033,0.06267789598514341,-0.3444518037259466,0.06609815023550603,S→T
1180,236,P,194018,193975,194044,69,0.14270049999999998,738,117.45634800181877,0.03225595407655687,-0.0017061466704122107,0.37784414070786015,-0.06438404265555563,T→P
1181,236,Q,194114,194099,194124,25,-0.2946295,738,117.45634800181877,-0.023171767096647273,-0.024091998770670916,-0.055427721173204145,-0.022385852100258705,P→Q
1182,236,R,194143,194124,194162,38,1.6343635,738,117.45634800181877,0.15781516109192958,0.2807704493698718,0.18098692818857687,0.3048624481405427,Q→R
1183,236,S,194167,194162,194177,15,-0.1699265,738,117.45634800181877,-0.0037400590300080416,-0.01261127804567062,-0.16155522012193763,-0.2933817274155424,R→S
1184,236,T,194397,194268,194464,196,0.3236325,738,117.45634800181877,-0.23241258602108697,0.009292867822848251,-0.22867252699107893,0.02190414586851887,S→T
1185,237,P,194756,194713,194784,71,0.16498849999999998,739,117.61550294491066,0.04296419479378538,-0.002126299952161271,0.2753767808148724,-0.011419167775009523,T→P
1186,237,Q,194851,194838,194861,23,-0.2827365,739,117.61550294491066,-0.020143226757599324,-0.020726912327696283,-0.06310742155138471,-0.018600612375535012,P→Q
1187,237,R,194880,194861,194900,39,1.6804745,739,117.61550294491066,0.16298847086068927,0.28542036104208024,0.1831316976182886,0.30614727336977654,Q→R
1188,237,S,194905,194900,194913,13,-0.17542049999999998,739,117.61550294491066,-0.0034843467512524202,-0.011416889963205583,-0.1664728176119417,-0.2968372510052858,R→S
1189,237,T,195155,195005,195204,199,0.3645275,739,117.61550294491066,-0.28490073558252066,0.019511434889795266,-0.28141638883126824,0.03092832485300085,S→T
1190,238,P,195495,195452,195522,70,0.157442,799,127.16479953042438,0.03946485307518443,-0.0023860840624146686,0.3243655886577051,-0.021897518952209934,T→P
1191,238,Q,195589,195578,195599,21,-0.27752,799,127.16479953042438,-0.018849382645474942,-0.017122234702550383,-0.05831423572065937,-0.014736150640135713,P→Q
1192,238,R,195619,195599,195638,39,1.7112159999999998,799,127.16479953042438,0.17349914660478208,0.25231297700367217,0.19234852925025703,0.26943521170622253,Q→R
1193,238,S,195643,195638,195652,14,-0.162103,799,127.16479953042438,-0.003949896262971877,-0.00942851146939929,-0.17744904286775395,-0.26174148847307144,R→S
1194,238,T,195874,195724,195943,219,0.372629,799,127.16479953042438,-0.27305718793423395,0.09361549896279565,-0.26910729167126207,0.10304401043219494,S→T
1195,239,P,196294,196251,196320,69,0.1496545,762,121.27606663602425,0.038097111393246494,-0.0026698591528100213,0.31115429932748045,-0.09628535811560568,T→P
1196,239,Q,196386,196375,196397,22,-0.29696049999999996,762,121.27606663602425,-0.021207331888223945,-0.020137060495062305,-0.05930444328147044,-0.017467201342252284,P→Q
1197,239,R,196417,196397,196437,40,1.6262615,762,121.27606663602425,0.16663195121390786,0.2595493168898709,0.1878392831021318,0.2796863773849332,Q→R
1198,239,S,196444,196437,196451,14,-0.1339695,762,121.27606663602425,-0.003166960823014682,-0.008905426651331544,-0.16979891203692254,-0.2684547435412024,R→S
1199,239,T,196693,196543,196741,198,0.31667749999999995,762,121.27606663602425,-0.23651247310005286,0.037566446103852486,-0.23334551227703818,0.04647187275518403,S→T
1200,240,P,197056,197025,197099,74,0.1621215,818,130.1887434491704,0.04123730396676412,0.0009470634531508865,0.27774977706681697,-0.036619382650701596,T→P
1201,240,Q,197160,197137,197168,31,-0.2850485,818,130.1887434491704,-0.02138309815973442,-0.020732569168096314,-0.06262040212649854,-0.0216796326212472,P→Q
1202,240,R,197188,197168,197206,38,1.6561145,818,130.1887434491704,0.16286743807561696,0.25305982602728266,0.18425053623535137,0.27379239519537896,Q→R
1203,240,S,197209,197206,197225,19,-0.06175950000000001,818,130.1887434491704,-0.0020352183441698507,-0.005410565610430623,-0.1649026564197868,-0.2584703916377133,R→S
1204,240,T,197451,197302,197519,217,0.3436455,818,130.1887434491704,-0.23327172936616544,0.07793483962073268,-0.2312365110219956,0.08334540523116331,S→T
1205,241,P,197874,197844,197903,59,0.1551295,855,136.0774763435705,0.0341812545760355,-0.0002597048298102607,0.26745298394220096,-0.07819454445054294,T→P
1206,241,Q,197978,197955,197986,31,-0.26706949999999996,855,136.0774763435705,-0.02119245633134678,-0.019160961947273018,-0.05537371090738227,-0.018901257117462756,P→Q
1207,241,R,198006,197986,198023,37,1.6880024999999999,855,136.0774763435705,0.16488086698408747,0.2338650878974427,0.18607332331543425,0.2530260498447157,Q→R
1208,241,S,198028,198023,198042,19,-0.12671949999999998,855,136.0774763435705,-0.0033985523244696838,-0.007399741048921139,-0.16827941930855714,-0.24126482894636384,R→S
1209,241,T,198270,198120,198337,217,0.3807495,855,136.0774763435705,-0.2387081850869304,0.10707368553289845,-0.23530963276246072,0.11447342658181958,S→T
1210,242,P,198729,198685,198756,71,0.171684,799,127.16479953042438,0.038166880588455666,-0.002347104303553302,0.27687506567538606,-0.10942078983645175,T→P
1211,242,Q,198822,198791,198832,41,-0.299272,799,127.16479953042438,-0.026247136220694398,-0.021904752510542358,-0.06441401680915007,-0.019557648206989055,P→Q
1212,242,R,198851,198832,198870,38,1.703373,799,127.16479953042438,0.17379816464110887,0.2443757674667838,0.20004530086180328,0.26628051997732616,Q→R
1213,242,S,198878,198870,198885,15,-0.153706,799,127.16479953042438,-0.00425532595972784,-0.009868521931641797,-0.1780534906008367,-0.2542442893984256,R→S
1214,242,T,199108,198980,199175,195,0.335229,799,127.16479953042438,-0.22248530546041942,0.06741350563841485,-0.2182299795006916,0.07728202757005664,S→T
1215,243,P,199528,199484,199555,71,0.1826705,779,123.98170066858647,0.03993416000726025,-0.0016358131707190063,0.2624194654676797,-0.06904931880913386,T→P
1216,243,Q,199624,199611,199636,25,-0.2644615,779,123.98170066858647,-0.020603160493093596,-0.020056169405053056,-0.06053732050035385,-0.01842035623433405,P→Q
1217,243,R,199649,199636,199675,39,1.6703015,779,123.98170066858647,0.16350703975799813,0.2619336198790845,0.18411020025109173,0.28198978928413754,Q→R
1218,243,S,199680,199675,199686,11,-0.09455349999999998,779,123.98170066858647,-0.002139110977323449,-0.0059563522216351545,-0.16564615073532157,-0.26788997210071963,R→S
1219,243,T,199927,199777,199996,219,0.3740715,779,123.98170066858647,-0.294296558609092,0.06345396659727982,-0.29215744763176854,0.06941031881891498,S→T
1220,244,P,200307,200263,200334,71,0.17630849999999998,798,127.00564458733248,0.04321389340158946,-0.0022684437765898616,0.3375104520106814,-0.06572241037386968,T→P
1221,244,Q,200401,200390,200411,21,-0.2824405,798,127.00564458733248,-0.01971940405038221,-0.017917557075462255,-0.06293329745197167,-0.015649113298872395,P→Q
1222,244,R,200431,200411,200450,39,1.7178745,798,127.00564458733248,0.17412059555049725,0.25423674337494545,0.19383999960087947,0.2721543004504077,Q→R
1223,244,S,200455,200450,200464,14,-0.1618065,798,127.00564458733248,-0.003843111749655432,-0.009155956580775514,-0.17796370730015268,-0.26339269995572095,R→S
1224,244,T,200686,200536,200754,218,0.3601625,798,127.00564458733248,-0.2628369809170423,0.09076292262558086,-0.2589938691673868,0.09991887920635638,S→T
1225,245,P,201105,201060,201133,73,0.170223,781,124.30001055477027,0.043194214102255685,-0.0024044184083992443,0.306031195019298,-0.09316734103398011,T→P
1226,245,Q,201201,201190,201211,21,-0.242137,781,124.30001055477027,-0.017638952096014834,-0.016974222422719648,-0.06083316619827052,-0.014569804014320405,P→Q
1227,245,R,201230,201211,201250,39,1.722813,781,124.30001055477027,0.17217071505789933,0.27060398506089556,0.18980966715391417,0.2875782074836152,Q→R
1228,245,S,201254,201250,201262,12,-0.15627600000000003,781,124.30001055477027,-0.003461206442132178,-0.00915221858561811,-0.1756319215000315,-0.27975620364651366,R→S
1229,245,T,201504,201354,201572,218,0.403981,781,124.30001055477027,-0.3140067724678765,0.069898472934437,-0.31054556602574435,0.07905069152005512,S→T
1230,246,P,201886,201857,201915,58,0.15457450000000003,736,117.13803811563497,0.03721305229619191,-0.00019028195189589538,0.35121982476406843,-0.0700887548863329,T→P
1231,246,Q,201989,201965,201999,34,-0.2676615,736,117.13803811563497,-0.023010813802628358,-0.02633508543695272,-0.060223866098820265,-0.026144803485056826,P→Q
1232,246,R,202019,201999,202035,36,1.5882705000000001,736,117.13803811563497,0.14261571397756512,0.28877880522211885,0.1656265277801935,0.3151138906590716,Q→R
1233,246,S,202039,202035,202056,21,-0.06468249999999998,736,117.13803811563497,-0.0013481548482431795,-0.005900864316487588,-0.1439638688258083,-0.2946796695386064,R→S
1234,246,T,202283,202133,202349,216,0.33143750000000005,736,117.13803811563497,-0.2600247583727854,0.000764411722950827,-0.2586766035245422,0.006665276039438416,S→T
1235,247,P,202622,202578,202670,92,0.1896435,759,120.79860180674856,0.05924215694137454,-0.0011075993921227454,0.3192669153141599,-0.0018720111150735724,T→P
1236,247,Q,202716,202707,202725,18,-0.2523105,759,120.79860180674856,-0.015536547140827497,-0.01523366518554853,-0.07477870408220204,-0.014126065793425785,P→Q
1237,247,R,202743,202725,202768,43,1.7103465,759,120.79860180674856,0.17472962421302998,0.2843927748730259,0.19026617135385748,0.2996264400585744,Q→R
1238,247,S,202771,202768,202778,10,-0.10034350000000003,759,120.79860180674856,-0.0016846573378831017,-0.004933731805597384,-0.17641428155091307,-0.28932650667862325,R→S
1239,247,T,203002,202852,203252,400,0.40656950000000003,759,120.79860180674856,-0.3811178266171101,-0.0026945663242525023,-0.379433169279227,0.002239165481344882,S→T
1240,248,P,203381,203339,203409,70,0.164988,779,123.98170066858647,0.038449361992077456,-0.001549975528698531,0.4195671886091875,0.0011445907955539712,T→P
1241,248,Q,203478,203426,203491,65,-0.264166,779,123.98170066858647,-0.03450526640220484,-0.029361953210608756,-0.0729546283942823,-0.027811977681910224,P→Q
1242,248,R,203509,203491,203527,36,1.638118,779,123.98170066858647,0.16034386705436565,0.2648135891075974,0.19484913345657048,0.29417554231820614,Q→R
1243,248,S,203532,203527,203541,14,-0.192844,779,123.98170066858647,-0.004706046797650215,-0.013037641670937912,-0.16504991385201587,-0.2778512307785353,R→S
1244,248,T,203780,203631,203829,198,0.35931199999999996,779,123.98170066858647,-0.24740945163621386,0.04443520760312678,-0.24270340483856365,0.057472849274064694,S→T
1245,249,P,204160,204115,204188,73,0.1847235,758,120.63944686365667,0.051131485718245946,-0.0024685894457741526,0.2985409373544598,-0.046903797048900936,T→P
1246,249,Q,204261,204244,204270,26,-0.21949749999999998,758,120.63944686365667,-0.01989843676926453,-0.0211277755353956,-0.07102992248751047,-0.018659186089621447,P→Q
1247,249,R,204290,204270,204307,37,1.6381364999999999,758,120.63944686365667,0.1568727789071187,0.28160794180399823,0.17677121567638324,0.3027357173393938,Q→R
1248,249,S,204313,204307,204319,12,-0.13252650000000002,758,120.63944686365667,-0.002554960022327248,-0.008118515075555471,-0.15942773892944595,-0.2897264568795537,R→S
1249,249,T,204559,204409,204607,198,0.3366905,758,120.63944686365667,-0.25651355035491935,0.03435848858685652,-0.2539585903325921,0.04247700366241199,S→T
1250,250,P,204918,204876,204944,68,0.15368649999999998,759,120.79860180674856,0.035506486742073434,-0.002280602924970756,0.29202003709699276,-0.036639091511827274,T→P
1251,250,Q,205011,205000,205021,21,-0.31201650000000003,759,120.79860180674856,-0.02161401271809799,-0.0207111055270988,-0.05712049946017142,-0.018430502602128043,P→Q
1252,250,R,205038,205021,205062,41,1.6529334999999998,759,120.79860180674856,0.16960401538706477,0.26696243440330303,0.19121802810516275,0.28767353993040184,Q→R
1253,250,S,205067,205062,205074,12,-0.1217995,759,120.79860180674856,-0.0025678139404955976,-0.007420399545581459,-0.17217182932756037,-0.27438283394888446,R→S
1254,250,T,205298,205148,205548,400,0.3636585,759,120.79860180674856,-0.31807201735775115,-0.022367813585411372,-0.31550420341725555,-0.014947414039829913,S→T
1255,251,P,205677,205633,205705,72,0.1690765,799,127.16479953042438,0.042124132491783844,-0.0018177547689302335,0.36019614984953496,0.02055005881648114,T→P
1256,251,Q,205774,205761,205785,24,-0.24853650000000002,799,127.16479953042438,-0.018353189075959758,-0.017385260539562193,-0.0604773215677436,-0.01556750577063196,P→Q
1257,251,R,205803,205785,205823,38,1.6735015,799,127.16479953042438,0.16834307264105502,0.25868384374570413,0.18669626171701478,0.2760691042852663,Q→R
1258,251,S,205827,205823,205835,12,-0.16733650000000003,799,127.16479953042438,-0.003911115515074132,-0.00972666461664215,-0.17225418815612917,-0.26841050836234626,R→S
1259,251,T,206076,205926,206144,218,0.3888505,799,127.16479953042438,-0.2918548412662575,0.08411858415611205,-0.2879437257511834,0.0938452487727542,S→T
1260,252,P,206476,206450,206508,58,0.1519665,860,136.87325105903,0.03139784543117248,0.00041436626989336617,0.32325268669742996,-0.08370421788621868,T→P
1261,252,Q,206583,206559,206592,33,-0.2783715,860,136.87325105903,-0.020622381685182635,-0.019547565088747165,-0.052020227116355115,-0.019961931358640533,P→Q
1262,252,R,206612,206592,206629,37,1.6987495,860,136.87325105903,0.15906218396106536,0.23691543302609988,0.179684565646248,0.2564629981148471,Q→R
1263,252,S,206633,206629,206647,18,-0.1078715,860,136.87325105903,-0.003001060009814743,-0.006992394146756275,-0.1620632439708801,-0.24390782717285617,R→S
1264,252,T,206875,206725,206942,217,0.3758475,860,136.87325105903,-0.23222297528144278,0.1055515534681651,-0.22922191527162805,0.11254394761492137,S→T
1265,253,P,207336,207308,207381,73,0.1620845,820,130.5070533353542,0.04328690410385314,0.001712772572521973,0.2755098793852959,-0.10383878089564312,T→P
1266,253,Q,207442,207419,207450,31,-0.2798325,820,130.5070533353542,-0.018558125984939798,-0.018678820564338672,-0.06184503008879294,-0.020391593136860644,P→Q
1267,253,R,207471,207450,207490,40,1.6230435,820,130.5070533353542,0.15468233005626603,0.24924435982367255,0.17324045604120583,0.2679231803880112,Q→R
1268,253,S,207496,207490,207504,14,-0.031018500000000004,820,130.5070533353542,-0.0007115432791650278,-0.0020010341058111242,-0.15539387333543106,-0.2512453939294837,R→S
1269,253,T,207734,207584,207802,218,0.3656555,820,130.5070533353542,-0.2704688042934148,0.08772968704526236,-0.2697572610142498,0.08973072115107349,S→T
1270,254,P,208156,208125,208199,74,0.16530249999999996,815,129.7112786198947,0.0405979036474953,0.0004936252721895012,0.31106670794091007,-0.08723606177307286,T→P
1271,254,Q,208258,208238,208267,29,-0.2569345,815,129.7112786198947,-0.01973018394266973,-0.018993727916344544,-0.06032808759016503,-0.019487353188534045,P→Q
1272,254,R,208281,208267,208306,39,1.6187155,815,129.7112786198947,0.16480984002637494,0.2544281012111852,0.18454002396904468,0.27342182912752977,Q→R
1273,254,S,208309,208306,208317,11,-0.03479150000000003,815,129.7112786198947,-0.0006121227920079426,-0.0015269598883477522,-0.1654219628183829,-0.255955061099533,R→S
1274,254,T,208552,208402,208802,400,0.40309249999999996,815,129.7112786198947,-0.3573329613265471,0.01804779332679528,-0.3567208385345392,0.019574753215143032,S→T
1275,255,P,208971,208929,208999,70,0.16643049999999998,859,136.7140961159381,0.03882713237278058,-0.0016402625728044766,0.3961600936993277,-0.01968805589959976,T→P
1276,255,Q,209066,209055,209075,20,-0.26738449999999997,859,136.7140961159381,-0.01700514384357022,-0.0140165872651658,-0.0558322762163508,-0.012376324692361322,P→Q
1277,255,R,209095,209075,209115,40,1.7254215,859,136.7140961159381,0.1779180434287758,0.22640667296368133,0.194923187272346,0.24042326022884714,Q→R
1278,255,S,209120,209115,209128,13,-0.1676145,859,136.7140961159381,-0.0043694890744771205,-0.008441862571260289,-0.1822875325032529,-0.23484853553494162,R→S
1279,255,T,209351,209201,209437,236,0.3833575,859,136.7140961159381,-0.24860892560691536,0.14159063209298495,-0.24423943653243824,0.15003249466424523,S→T
1280,256,P,209830,209801,209863,62,0.163842,879,139.897194977776,0.03640451114730625,0.000291217599187265,0.28501343675422164,-0.14129941449379768,T→P
1281,256,Q,209934,209915,209943,28,-0.22010699999999997,879,139.897194977776,-0.01747921081121955,-0.015506528701963783,-0.053883721958525796,-0.015797746301151046,P→Q
1282,256,R,209962,209943,209980,37,1.67119,879,139.897194977776,0.16759848276557124,0.22753518178005552,0.1850776935767908,0.2430417104820193,Q→R
1283,256,S,209985,209980,209992,12,-0.132545,879,139.897194977776,-0.0031059480811708264,-0.006233633958972145,-0.17070443084674206,-0.23376881573902766,R→S
1284,256,T,210230,210080,210298,218,0.41032500000000005,879,139.897194977776,-0.2567982959500249,0.13873000976197292,-0.2536923478688541,0.14496364372094506,S→T
1285,257,P,210709,210678,210737,59,0.1685025,798,127.00564458733248,0.03589890412884871,-2.0551624033714494e-05,0.2926972000788736,-0.13875056138600664,T→P
1286,257,Q,210806,210794,210818,24,-0.22591550000000002,798,127.00564458733248,-0.018238811567985794,-0.017554507566580484,-0.05413771569683451,-0.01753395594254677,P→Q
1287,257,R,210831,210818,210857,39,1.6375635,798,127.00564458733248,0.16249498061832054,0.2519489540664598,0.18073379218630634,0.2695034616330403,Q→R
1288,257,S,210861,210857,210867,10,-0.07857249999999999,798,127.00564458733248,-0.0015311373357420673,-0.003964600660507174,-0.1640261179540626,-0.255913554726967,R→S
1289,257,T,211107,210957,211176,219,0.3790285,798,127.00564458733248,-0.2911916508187823,0.07849683709763991,-0.2896605134830402,0.08246143775814709,S→T
1290,258,P,211507,211463,211535,72,0.17745499999999997,819,130.3478983922623,0.0410724858336331,-0.0019771658682792748,0.3322641366524154,-0.08047400296591918,T→P
1291,258,Q,211602,211592,211612,20,-0.276633,819,130.3478983922623,-0.01783725600508042,-0.015765201616819265,-0.05890974183871352,-0.013788035748539991,P→Q
1292,258,R,211627,211612,211653,41,1.69468,819,130.3478983922623,0.1760388529115428,0.24679974691174653,0.19387610891662324,0.26256494852856577,Q→R
1293,258,S,211656,211653,211664,11,-0.115418,819,130.3478983922623,-0.002481847004406515,-0.005624807564930398,-0.17852069991594932,-0.25242455447667694,R→S
1294,258,T,211906,211756,211955,199,0.3538,819,130.3478983922623,-0.25388738067031674,0.1031088177883986,-0.25140553366591023,0.108733625353329,S→T
1295,259,P,212326,212282,212354,72,0.1678735,838,133.3718423110083,0.03923949560228112,-0.0011845323414791972,0.29312687627259787,-0.1042933501298778,T→P
1296,259,Q,212423,212411,212435,24,-0.22010749999999998,838,133.3718423110083,-0.017232371569064094,-0.015438839765548723,-0.05647186717134521,-0.014254307424069525,P→Q
1297,259,R,212455,212435,212472,37,1.6723365,838,133.3718423110083,0.17204248425869245,0.2425427702349599,0.18927485582775655,0.2579816100005086,Q→R
1298,259,S,212477,212472,212485,13,-0.1754575,838,133.3718423110083,-0.004432950036611884,-0.00960752208143276,-0.17647543429530432,-0.2521502923163927,R→S
1299,259,T,212725,212575,212792,217,0.40566349999999995,838,133.3718423110083,-0.2713784742502632,0.11412445297291418,-0.2669455242136513,0.12373197505434694,S→T
1300,260,P,213164,213120,213191,71,0.1621025,779,123.98170066858647,0.041058748600065906,-0.0026060243939695507,0.3124372228503291,-0.11673047736688373,T→P
1301,260,Q,213258,213246,213267,21,-0.29087450000000004,779,123.98170066858647,-0.019682230743782083,-0.01838454982327499,-0.06074097934384799,-0.01577852542930544,P→Q
1302,260,R,213287,213267,213307,40,1.6856905,779,123.98170066858647,0.17102198306096683,0.2579959288947674,0.19070421380474892,0.2763804787180424,Q→R
1303,260,S,213313,213307,213321,14,-0.1476015,779,123.98170066858647,-0.003559207256844456,-0.009264862638255995,-0.17458119031781127,-0.2672607915330234,R→S
1304,260,T,213544,213394,213612,218,0.3523205,779,123.98170066858647,-0.2682956365183946,0.06952597476675353,-0.26473642926155017,0.07879083740500953,S→T
1305,261,P,213943,213914,213972,58,0.16530299999999998,761,121.11691169293236,0.03549600739908579,0.00016967051938044666,0.30379164391748037,-0.06935630424737307,T→P
1306,261,Q,214040,214028,214053,25,-0.22560100000000002,761,121.11691169293236,-0.018788847584067597,-0.019742311646512734,-0.054284854983153386,-0.01991198216589318,P→Q
1307,261,R,214066,214053,214092,39,1.6819359999999999,761,121.11691169293236,0.1604922781323941,0.28312572430395827,0.1792811257164617,0.302868035950471,Q→R
1308,261,S,214097,214092,214102,10,-0.067271,761,121.11691169293236,-0.0010776095558370227,-0.0034599620351684827,-0.16156988768823113,-0.28658568633912673,R→S
1309,261,T,214342,214192,214410,218,0.35322600000000004,761,121.11691169293236,-0.28963611919683163,0.03769463665896806,-0.2885585096409946,0.04115459869413654,S→T
1310,262,P,214704,214673,214735,62,0.160938,836,133.0535324248245,0.03611163250272792,1.4766919444737201e-05,0.32574775169955955,-0.03767986973952332,T→P
1311,262,Q,214805,214787,214814,27,-0.228819,836,133.0535324248245,-0.018710355963914377,-0.017187375599727037,-0.054821988466642296,-0.017202142519171775,P→Q
1312,262,R,214834,214814,214852,38,1.679901,836,133.0535324248245,0.1703019732002268,0.2475030405770038,0.18901232916414118,0.26469041617673084,Q→R
1313,262,S,214857,214852,214864,12,-0.120911,836,133.0535324248245,-0.002480413680187056,-0.005536797061337512,-0.17278238688041386,-0.2530398376383413,R→S
1314,262,T,215101,214951,215168,217,0.381341,836,133.0535324248245,-0.2648716536282356,0.11932049335358337,-0.2623912399480486,0.12485729041492089,S→T
1315,263,P,215540,215497,215567,70,0.1536865,840,133.69015219719208,0.03518169119873031,-0.002382655700476848,0.30005334482696594,-0.12170314905406023,T→P
1316,263,Q,215632,215621,215642,21,-0.2963685,840,133.69015219719208,-0.020037968467885664,-0.016510850011994822,-0.055219659666615975,-0.014128194311517975,P→Q
1317,263,R,215662,215642,215681,39,1.7213705000000001,840,133.69015219719208,0.1786389395640284,0.22728101396834205,0.19867690803191407,0.24379186398033686,Q→R
1318,263,S,215688,215681,215696,15,-0.1606415,840,133.69015219719208,-0.004888723437769284,-0.009691410992214815,-0.18352766300179768,-0.23697242496055687,R→S
1319,263,T,215920,215770,215987,217,0.36018150000000004,840,133.69015219719208,-0.2275828354625852,0.11144341847931372,-0.22269411202481593,0.12113482947152854,S→T
1320,264,P,216380,216353,216411,58,0.1403505,781,124.30001055477027,0.031532349015155295,0.0005004075907630408,0.2591151844777405,-0.11094301088855067,T→P
1321,264,Q,216484,216462,216494,32,-0.2592465,781,124.30001055477027,-0.02166210059447135,-0.022989314328159944,-0.053194449609626646,-0.023489721918922984,P→Q
1322,264,R,216513,216494,216531,37,1.5972404999999998,781,124.30001055477027,0.14964262786659238,0.26386796062005274,0.17130472846106373,0.28685727494821267,Q→R
1323,264,S,216536,216531,216549,18,-0.0957005,781,124.30001055477027,-0.0019002757267553131,-0.005973615584270274,-0.15154290359334768,-0.26984157620432303,R→S
1324,264,T,216779,216629,216845,216,0.3555385,781,124.30001055477027,-0.2644730816506503,0.042513025433942975,-0.262572805923895,0.04848664101821325,S→T
1325,265,P,217161,217129,217207,78,0.17484650000000002,816,129.8704335629866,0.054233184114735475,0.001977582009750196,0.3187062657653858,-0.040535443424192776,T→P
1326,265,Q,217265,217245,217273,28,-0.2328515,816,129.8704335629866,-0.013036659027323918,-0.013175026129502151,-0.06726984314205939,-0.015152608139252347,P→Q
1327,265,R,217294,217273,217544,271,1.7059815,816,129.8704335629866,-0.0284231562020574,0.4745090626448078,-0.015386497174733482,0.48768408877430997,Q→R
1328,265,S,217315,217273,217565,292,0.008970500000000006,816,129.8704335629866,-0.09200471447349788,0.4816969384614149,-0.06358155827144048,0.0071878758166071255,R→S
1329,265,T,217558,217408,217808,400,0.4439695,816,129.8704335629866,-0.42641766049456425,0.01604794516372727,-0.33441294602106636,-0.46564899329768766,S→T
1330,266,P,217977,217946,218005,59,0.16817,822,130.82536322153797,0.034555700582380736,-0.00043490205211006304,0.460973361076945,-0.016482847215837333,T→P
1331,266,Q,218074,218061,218086,25,-0.236051,822,130.82536322153797,-0.018899482570311037,-0.01743105132430406,-0.05345518315269177,-0.016996149272193995,P→Q
1332,266,R,218106,218086,218123,37,1.6622,822,130.82536322153797,0.16886920284304124,0.2480295179088788,0.1877686854133523,0.26546056923318284,Q→R
1333,266,S,218128,218123,218136,13,-0.168798,822,130.82536322153797,-0.004224635797364054,-0.009706179269934365,-0.17309383864040528,-0.2577356971788132,R→S
1334,266,T,218375,218225,218425,200,0.386243,822,130.82536322153797,-0.25702747201445647,0.09416110229756366,-0.25280283621709243,0.10386728156749803,S→T
1335,267,P,218799,218768,218842,74,0.14761950000000001,835,132.89437748173262,0.043112657532189395,0.0012148962569974448,0.3001401295466459,-0.09294620604056622,T→P
1336,267,Q,218904,218881,218913,32,-0.2792405,835,132.89437748173262,-0.018218519037826425,-0.01781381890382497,-0.06133117657001582,-0.019028715160822413,P→Q
1337,267,R,218934,218913,218951,38,1.7640225,835,132.89437748173262,0.16379346432764216,0.25460011457274045,0.1820119833654686,0.2724139334765654,Q→R
1338,267,S,218956,218951,218966,15,-0.0715995,835,132.89437748173262,-0.0016482295815118113,-0.004218267036162777,-0.16544169390915398,-0.25881838160890325,R→S
1339,267,T,219195,219045,219283,238,0.4219585,835,132.89437748173262,-0.3110172298204745,0.11352406855271582,-0.3093690002389627,0.1177423355888786,S→T
1340,268,P,219634,219590,219661,71,0.166172,778,123.82254572549458,0.043204644347373915,-0.0030465698312625773,0.3542218741678484,-0.1165706383839784,T→P
1341,268,Q,219724,219715,219733,18,-0.27112,778,123.82254572549458,-0.016675107069407155,-0.014819111003606505,-0.05987975141678107,-0.011772541172343928,P→Q
1342,268,R,219754,219733,219779,46,1.67759,778,123.82254572549458,0.18639414741425964,0.26323701171811903,0.2030692544836668,0.27805612272172553,Q→R
1343,268,S,219782,219779,219785,6,-0.03973,778,123.82254572549458,-0.00037942206803104,-0.0009630738439590398,-0.18677356948229068,-0.2642000855620781,R→S
1344,268,T,220013,219863,220263,400,0.42656499999999997,778,123.82254572549458,-0.41886897244397514,-0.0008503069288570488,-0.4184895503759441,0.00011276691510199097,S→T
1345,269,P,220412,220370,220439,69,0.14615899999999998,839,133.53099725410019,0.03287934359396861,-0.0021486131897676267,0.45174831603794374,-0.0012983062609105778,T→P
1346,269,Q,220505,220457,220515,58,-0.314365,839,133.53099725410019,-0.032262489853836715,-0.023405537517330564,-0.06514183344780533,-0.02125692432756294,P→Q
1347,269,R,220535,220515,220554,39,1.673224,839,133.53099725410019,0.17579234313345213,0.22590171804024517,0.20805483298728883,0.24930725555757574,Q→R
1348,269,S,220561,220554,220570,16,-0.165284,839,133.53099725410019,-0.0048479475711404015,-0.009906280627165982,-0.18064029070459253,-0.23580799866741115,R→S
1349,269,T,220793,220722,220837,115,0.196617,839,133.53099725410019,-0.08141708229139472,0.03200036883000823,-0.07656913472025431,0.04190664945717421,S→T
1350,270,P,221251,221209,221279,70,0.1600495,879,139.897194977776,0.03202544029963642,-0.0014163064615192729,0.11344252259103113,-0.0334166752915275,T→P
1351,270,Q,221345,221333,221354,21,-0.2847895,879,139.897194977776,-0.018235134360381867,-0.014354808191649101,-0.05026057466001829,-0.012938501730129828,P→Q
1352,270,R,221375,221354,221393,39,1.7022074999999999,879,139.897194977776,0.1754579436215138,0.21057702161579717,0.19369307798189567,0.22493182980744628,Q→R
1353,270,S,221399,221393,221409,16,-0.19952149999999996,879,139.897194977776,-0.006409611349143619,-0.011550722921233077,-0.1818675549706574,-0.22212774453703024,R→S
1354,270,T,221651,221506,221698,192,0.3462345,879,139.897194977776,-0.19655419259568793,0.11448297215539195,-0.19014458124654432,0.12603369507662504,S→T
1355,271,P,222130,222100,222158,58,0.16763299999999998,819,130.3478983922623,0.03341400642473247,-1.4249498968314553e-05,0.2299681990204204,-0.11449722165436027,T→P
1356,271,Q,222226,222214,222237,23,-0.273729,819,130.3478983922623,-0.0197107787088663,-0.017631548033913133,-0.053124785133598765,-0.017617298534944818,P→Q
1357,271,R,222255,222237,222275,38,1.6477169999999999,819,130.3478983922623,0.16724548268173053,0.23828952003068496,0.18695626139059685,0.2559210680645981,Q→R
1358,271,S,222279,222275,222288,13,-0.15309500000000004,819,130.3478983922623,-0.004069904024438475,-0.00929367679637484,-0.171315386706169,-0.2475831968270598,R→S
1359,271,T,222529,222379,222579,200,0.352634,819,130.3478983922623,-0.2303286480131169,0.0796489388632004,-0.22625874398867843,0.08894261565957524,S→T
1360,272,P,222949,222920,222979,59,0.16990849999999996,838,133.3718423110083,0.03410980776866401,0.0002916352501348676,0.26443845578178093,-0.07935730361306553,T→P
1361,272,Q,223050,223035,223059,24,-0.2041635,838,133.3718423110083,-0.016287093931320506,-0.014934527896451612,-0.05039690169998452,-0.01522616314658648,P→Q
1362,272,R,223073,223059,223098,39,1.6813255,838,133.3718423110083,0.17127953341751898,0.24545314687161418,0.18756662734883947,0.2603876747680658,Q→R
1363,272,S,223103,223098,223108,10,-0.06266550000000004,838,133.3718423110083,-0.0011084099575889741,-0.0024864429804170255,-0.17238794337510796,-0.2479395898520312,R→S
1364,272,T,223348,223198,223598,400,0.44657749999999996,838,133.3718423110083,-0.42222002203386916,-0.00410426130487038,-0.4211116120762802,-0.0016178183244533548,S→T
1365,273,P,223787,223744,223817,73,0.1867405,842,134.0084620833759,0.042268421655569294,-0.0009397609733592997,0.4644884436894384,0.0031645003315110805,T→P
1366,273,Q,223884,223872,223897,25,-0.2053105,842,134.0084620833759,-0.017378799210518475,-0.01568523372928092,-0.05964722086608777,-0.014745472755921621,P→Q
1367,273,R,223917,223897,223935,38,1.6836565000000001,842,134.0084620833759,0.171667405599836,0.24440582256006063,0.18904620481035447,0.26009105628934154,Q→R
1368,273,S,223940,223935,223946,11,-0.14268150000000002,842,134.0084620833759,-0.0033221404326805783,-0.007230312765104201,-0.1749895460325166,-0.2516361353251648,R→S
1369,273,T,224186,224036,224275,239,0.4210525,842,134.0084620833759,-0.3033010363203106,0.12739767231433877,-0.29997889588763,0.13462798507944296,S→T
1370,274,P,224629,224602,224672,70,0.1345615,875,139.26057520540843,0.031144312066464033,0.0011453516313848977,0.3344453483867746,-0.12625232068295386,T→P
1371,274,Q,224735,224711,224744,33,-0.2992535,875,139.26057520540843,-0.02035783779309099,-0.0185521468986812,-0.05150214985955502,-0.0196974985300661,P→Q
1372,274,R,224765,224744,224782,38,1.7434185,875,139.26057520540843,0.16297257956332734,0.23174356749793046,0.18333041735641833,0.25029571439661163,Q→R
1373,274,S,224787,224782,224798,16,-0.07888750000000001,875,139.26057520540843,-0.0023806743312925153,-0.005342874647564547,-0.16535325389461986,-0.237086442145495,R→S
1374,274,T,225026,224876,225093,217,0.3758295,875,139.26057520540843,-0.22007705095588073,0.11098000918719711,-0.2176963766245882,0.11632288383476165,S→T
1375,275,P,225504,225458,225533,75,0.164137,779,123.98170066858647,0.051339913644559254,-0.003902906564662001,0.27141696460043996,-0.1148829157518591,T→P
1376,275,Q,225593,225585,225602,17,-0.251145,779,123.98170066858647,-0.014539269715794625,-0.012768823677405571,-0.06587918336035388,-0.00886591711274357,P→Q
1377,275,R,225624,225602,225651,49,1.6755550000000001,779,123.98170066858647,0.18927173348602716,0.2628463223128268,0.20381100320182177,0.27561514599023235,Q→R
1378,275,S,225652,225651,225654,3,-0.020863999999999994,779,123.98170066858647,-0.0001376244051021413,-0.00034792280933711926,-0.1894093578911293,-0.2631942451221639,R→S
1379,275,T,225884,225734,226134,400,0.419314,779,123.98170066858647,-0.41158553256498503,0.006834271137773285,-0.4114479081598829,0.007182193947110405,S→T
1380,276,P,226283,226274,226311,37,0.13715100000000002,822,130.82536322153797,0.01847808966882588,0.0011343121090015165,0.4300636222338109,-0.005699959028771769,T→P
1381,276,Q,226385,226344,226396,52,-0.2694,822,130.82536322153797,-0.032479970994295136,-0.028812854139000497,-0.050958060663121016,-0.029947166248002016,P→Q
1382,276,R,226409,226396,226432,36,1.600441,822,130.82536322153797,0.1567687537149682,0.24256923922383727,0.18924872470926335,0.27138209336283775,Q→R
1383,276,S,226438,226432,226460,28,-0.150505,822,130.82536322153797,-0.004431465059314657,-0.011585011195152489,-0.16120021877428287,-0.25415425041898976,R→S
1384,276,T,226683,226553,226731,178,0.33088300000000004,822,130.82536322153797,-0.21052709982671383,0.06249573443109848,-0.20609563476739917,0.07408074562625097,S→T
1385,277,P,227105,227076,227148,72,0.154556,835,132.89437748173262,0.034701533560833275,0.0005755874186630177,0.2452286333875471,-0.061920147012435464,T→P
1386,277,Q,227209,227186,227216,30,-0.24156299999999997,835,132.89437748173262,-0.020172970171485602,-0.018740533475431972,-0.05487450373231888,-0.019316120894094988,P→Q
1387,277,R,227236,227216,227254,38,1.689168,835,132.89437748173262,0.16761052876660598,0.24706233419680443,0.1877834989380916,0.2658028676722364,Q→R
1388,277,S,227258,227254,227267,13,-0.120338,835,132.89437748173262,-0.002683179239259665,-0.006129635949679799,-0.17029370800586566,-0.2531919701464842,R→S
1389,277,T,227502,227352,227570,218,0.413802,835,132.89437748173262,-0.289943194023489,0.11559582116786568,-0.28726001478422936,0.12172545711754548,S→T
1390,278,P,227940,227913,227970,57,0.1484525,780,124.14085561167836,0.032856971490284256,0.0005894925773993058,0.3228001655137733,-0.11500632859046638,T→P
1391,278,Q,228044,228022,228054,32,-0.24766749999999998,780,124.14085561167836,-0.022731789839982544,-0.024178711823498296,-0.0555887613302668,-0.024768204400897602,P→Q
1392,278,R,228073,228054,228091,37,1.5862165,780,124.14085561167836,0.14936345058528203,0.265038978611007,0.17209524042526458,0.2892176904345053,Q→R
1393,278,S,228096,228091,228104,13,-0.10846349999999999,780,124.14085561167836,-0.0019149791630945006,-0.0059393776803673476,-0.15127842974837652,-0.27097835629137434,R→S
1394,278,T,228343,228193,228407,214,0.3584235,780,124.14085561167836,-0.263434045567335,0.03783742891283208,-0.2615190664042405,0.04377680659319943,S→T
1395,279,P,228720,228676,228747,71,0.17599349999999997,777,123.66339078240269,0.04078567831564359,-0.0014542533820202745,0.30421972388297863,-0.03929168229485235,T→P
1396,279,Q,228816,228804,228827,23,-0.2728785,777,123.66339078240269,-0.019122156794383408,-0.018468795748349323,-0.059907835110027,-0.017014542366329048,P→Q
1397,279,R,228840,228827,228867,40,1.7088665,777,123.66339078240269,0.17103362998049992,0.2725047797647022,0.19015578677488332,0.29097357551305153,Q→R
1398,279,S,228872,228867,228877,10,-0.0670125,777,123.66339078240269,-0.0014117194544523977,-0.003938778487452261,-0.17244534943495232,-0.2764435582521545,R→S
1399,279,T,229119,228969,229187,218,0.3882955,777,123.66339078240269,-0.31214537193887715,0.06660798259738254,-0.31073365248442475,0.0705467610848348,S→T
1400,280,P,229497,229452,229526,74,0.1464365,839,133.53099725410019,0.04245827791445733,-0.003046732984010987,0.3546036498533345,-0.06965471558139352,T→P
1401,280,Q,229587,229564,229595,31,-0.2798325,839,133.53099725410019,-0.01743092927713306,-0.013506955048323336,-0.059889207191590396,-0.010460222064312349,P→Q
1402,280,R,229617,229595,229638,43,1.7547015000000001,839,133.53099725410019,0.19629865888597925,0.23686224357417335,0.2137295881631123,0.2503691986224967,Q→R
1403,280,S,229640,229638,229648,10,-0.0327565,839,133.53099725410019,-0.0008318076687692877,-0.0015789158618712928,-0.19713046655474853,-0.23844115943604463,R→S
1404,280,T,229880,229730,229946,216,0.40686649999999996,839,133.53099725410019,-0.2761829072969941,0.15755755990353296,-0.2753510996282248,0.15913647576540424,S→T
1405,281,P,230336,230293,230364,71,0.12178,879,139.897194977776,0.031317974234133926,-0.0020626733210239853,0.307500881531128,-0.15962023322455693,T→P
1406,281,Q,230427,230418,230437,19,-0.28595499999999996,879,139.897194977776,-0.018196101977571516,-0.013934927665511125,-0.04951407621170544,-0.011872254344487139,P→Q
1407,281,R,230457,230437,230476,39,1.7265679999999999,879,139.897194977776,0.18226307080964435,0.2101709504237534,0.20045917278721587,0.22410587808926452,Q→R
1408,281,S,230484,230476,230493,17,-0.16066,879,139.897194977776,-0.005399133879956199,-0.009466607023872045,-0.18766220468960054,-0.21963755744762542,R→S
1409,281,T,230716,230586,230783,197,0.35842399999999996,879,139.897194977776,-0.19670155500907402,0.12006811405376219,-0.19130242112911783,0.12953472107763425,S→T
1410,282,P,231215,231170,231243,73,0.1629725,838,133.3718423110083,0.04412233367007303,-0.002856721757831194,0.24082388867914706,-0.12292483581159339,T→P
1411,282,Q,231307,231297,231315,18,-0.26910449999999997,838,133.3718423110083,-0.01681266531181074,-0.013781814206966508,-0.06093499898188377,-0.010925092449135313,P→Q
1412,282,R,231336,231315,231356,41,1.7445655,838,133.3718423110083,0.18417763547337923,0.23222442289573858,0.20099030078518998,0.24600623710270508,Q→R
1413,282,S,231363,231356,231370,14,-0.1380385,838,133.3718423110083,-0.0036864270341822234,-0.007280866684133251,-0.18786406250756146,-0.23950528957987183,R→S
1414,282,T,231615,231465,231663,198,0.3688745,838,133.3718423110083,-0.23591907844478952,0.10520047066208202,-0.23223265141060728,0.11248133734621527,S→T
1415,283,P,232053,232010,232080,70,0.1441245,799,127.16479953042438,0.0336011412227578,-0.0021545057750087695,0.2695202196675473,-0.10735497643709078,T→P
1416,283,Q,232146,232135,232155,20,-0.2954985,799,127.16479953042438,-0.019822806053834113,-0.017481776905673534,-0.053423947276591915,-0.015327271130664764,P→Q
1417,283,R,232173,232155,232197,42,1.6555415,799,127.16479953042438,0.17791487634186182,0.24712096109121376,0.19773768239569592,0.26460273799688727,Q→R
1418,283,S,232202,232197,232208,11,-0.08844949999999999,799,127.16479953042438,-0.0016828269771300734,-0.004008568829995798,-0.17959770331899189,-0.25112952992120957,R→S
1419,283,T,232433,232283,232502,219,0.36105050000000005,799,127.16479953042438,-0.26272434606390493,0.096152563959026,-0.26104151908677486,0.10016113278902179,S→T
1420,284,P,232852,232809,232881,72,0.168206,819,130.3478983922623,0.04431013249143373,-0.002396979207853082,0.30703447855533866,-0.09854954316687907,T→P
1421,284,Q,232945,232936,232954,18,-0.27027,819,130.3478983922623,-0.016692194615480094,-0.014397926569363336,-0.06100232710691382,-0.012000947361510254,P→Q
1422,284,R,232973,232954,232997,43,1.724274,819,130.3478983922623,0.18463242123415255,0.2494548530931569,0.20132461584963265,0.26385277966252024,Q→R
1423,284,S,233001,232997,233007,10,-0.08641599999999999,819,130.3478983922623,-0.0015849074086587641,-0.0035075824008978305,-0.18621732864281132,-0.2529624354940547,R→S
1424,284,T,233232,233082,233319,237,0.370594,819,130.3478983922623,-0.28259998515787144,0.12211914316481859,-0.2810150777492127,0.1256267255657164,S→T
1425,285,P,233671,233628,233699,71,0.147898,862,137.19156094521378,0.03391907386327266,-0.0017966725554790484,0.3165190590211441,-0.12391581572029764,T→P
1426,285,Q,233764,233755,233774,19,-0.286509,862,137.19156094521378,-0.018217228435219952,-0.014723339676212512,-0.052136302298492615,-0.012926667120733462,P→Q
1427,285,R,233794,233774,233813,39,1.715544,862,137.19156094521378,0.1779771637900514,0.2203881869067686,0.19619439222527135,0.2351115265829811,Q→R
1428,285,S,233819,233813,233828,15,-0.174569,862,137.19156094521378,-0.005045858899490867,-0.009523404945045208,-0.18302302268954226,-0.2299115918518138,R→S
1429,285,T,234071,233921,234120,199,0.382211,862,137.19156094521378,-0.2371829188524738,0.1311238581333177,-0.23213705995298295,0.1406472630783629,S→T
1430,286,P,234533,234504,234578,74,0.15281699999999998,876,139.41973014850032,0.04228608708846715,0.002041347880145097,0.27946900594094093,-0.1290825102531726,T→P
1431,286,Q,234639,234615,234648,33,-0.28969100000000003,876,139.41973014850032,-0.019063706981677385,-0.01749168538041476,-0.061349794070144535,-0.019533033260559857,P→Q
1432,286,R,234669,234648,234686,38,1.7402179999999998,876,139.41973014850032,0.1623738209085064,0.23111594124238458,0.1814375278901838,0.24860762662279934,Q→R
1433,286,S,234691,234686,234703,17,-0.093666,876,139.41973014850032,-0.0029188988134444672,-0.006494899288269719,-0.16529271972195086,-0.2376108405306543,R→S
1434,286,T,234929,234779,234997,218,0.392346,876,139.41973014850032,-0.24116561149417168,0.12811981787729756,-0.23824671268072722,0.13461471716556728,S→T
1435,287,P,235409,235379,235437,58,0.17081449999999998,818,130.1887434491704,0.03423284583787112,-6.485215114513988e-05,0.2753984573320428,-0.1281846700284427,T→P
1436,287,Q,235506,235493,235518,25,-0.2612625,818,130.1887434491704,-0.020678035879190544,-0.01912268233985347,-0.05491088171706166,-0.01905783018870833,P→Q
1437,287,R,235531,235518,235556,38,1.6335125,818,130.1887434491704,0.16180501961109586,0.2365732127937518,0.1824830554902864,0.25569589513360524,Q→R
1438,287,S,235561,235556,235568,12,-0.1313435,818,130.1887434491704,-0.0034986946060489065,-0.008258631895222376,-0.16530371421714476,-0.24483184468897418,R→S
1439,287,T,235808,235678,235856,178,0.3320295,818,130.1887434491704,-0.20389781944731178,0.058307797683866486,-0.20039912484126288,0.06656642957908886,S→T
1440,288,P,236227,236181,236255,74,0.147897,758,120.63944686365667,0.04701691225315083,-0.0038754767941873818,0.25091473170046263,-0.06218327447805387,T→P
1441,288,Q,236316,236308,236325,17,-0.295203,758,120.63944686365667,-0.01821365070021312,-0.016696048183637045,-0.06523056295336395,-0.012820571389449663,P→Q
1442,288,R,236347,236326,236373,47,1.687725,758,120.63944686365667,0.18941834307998176,0.27848793573952685,0.20763199378019487,0.2951839839231639,Q→R
1443,288,S,236376,236373,236378,5,-0.02959400000000001,758,120.63944686365667,-0.00026179668189966413,-0.0007335055631438151,-0.18968013976188142,-0.2792214413026707,R→S
1444,288,T,236607,236457,236694,237,0.369448,758,120.63944686365667,-0.3233403963203092,0.07742317903758451,-0.3230785996384095,0.07815668460072833,S→T
1445,289,P,236985,236957,237014,57,0.1441425,760,120.95775674984046,0.030058819959765677,0.00022907003341854137,0.35339921628007487,-0.07719410900416597,T→P
1446,289,Q,237083,237070,237094,24,-0.2879705,760,120.95775674984046,-0.021291764433265692,-0.02206509283565101,-0.05135058439303137,-0.022294162869069552,P→Q
1447,289,R,237108,237094,237133,39,1.7117895,760,120.95775674984046,0.16298384279642728,0.2842343536793316,0.18427560722969297,0.3062994465149826,Q→R
1448,289,S,237138,237133,237145,12,-0.0919085,760,120.95775674984046,-0.001838972099507338,-0.005863865370045669,-0.16482281489593462,-0.29009821904937727,R→S
1449,289,T,237366,237216,237433,217,0.3274055,760,120.95775674984046,-0.25334214436846053,0.04418229904965806,-0.2515031722689532,0.05004616441970373,S→T
1450,290,P,237745,237735,237773,38,0.145567,819,130.3478983922623,0.01813265666693063,0.0008638004538117271,0.2714748010353912,-0.04331849859584633,T→P
1451,290,Q,237842,237827,237854,27,-0.274339,819,130.3478983922623,-0.0221981442185056,-0.020470414154560287,-0.040330800885436224,-0.021334214608372013,P→Q
1452,290,R,237868,237854,237892,38,1.687133,819,130.3478983922623,0.17122050607415654,0.2527229552055552,0.19341865029266214,0.2731933693601155,Q→R
1453,290,S,237897,237892,237904,12,-0.146751,819,130.3478983922623,-0.003630350004455127,-0.008554754934840914,-0.17485085607861167,-0.26127771014039614,R→S
1454,290,T,238125,237996,238193,197,0.34799199999999997,819,130.3478983922623,-0.2268564606918286,0.07943253067920315,-0.22322611068737347,0.08798728561404406,S→T
1455,291,P,238564,238522,238592,70,0.15805249999999998,839,133.53099725410019,0.03840769913498911,-0.0018474822670554417,0.2652641598268177,-0.0812800129462586,T→P
1456,291,Q,238658,238648,238667,19,-0.27406149999999996,839,133.53099725410019,-0.01739772318019305,-0.014649316254265205,-0.05580542231518215,-0.012801833987209764,P→Q
1457,291,R,238688,238667,238707,40,1.7431225000000001,839,133.53099725410019,0.1800965577972588,0.2359648163621811,0.19749428097745186,0.25061413261644633,Q→R
1458,291,S,238712,238707,238720,13,-0.1661535,839,133.53099725410019,-0.0043783910489040775,-0.008911829333160827,-0.1844749488461629,-0.24487664569534193,R→S
1459,291,T,238964,238814,239011,197,0.3639175,839,133.53099725410019,-0.23959204125313427,0.11185389276145967,-0.23521365020423018,0.1207657220946205,S→T
1460,292,P,239403,239360,239430,70,0.157145,819,130.3478983922623,0.03504990861288818,-0.0014564284926730426,0.2746419498660225,-0.1133103212541327,T→P
1461,292,Q,239499,239485,239511,26,-0.277817,819,130.3478983922623,-0.0206365332518325,-0.01867915960746688,-0.05568644186472069,-0.017222731114793836,P→Q
1462,292,R,239529,239511,239548,37,1.687133,819,130.3478983922623,0.1700832538813267,0.24484612431055755,0.1907197871331592,0.26352528391802443,Q→R
1463,292,S,239552,239548,239562,14,-0.18385500000000002,819,130.3478983922623,-0.004900844401436818,-0.011180440720818143,-0.1749840982827635,-0.2560265650313757,R→S
1464,292,T,239802,239653,239851,198,0.36944699999999997,819,130.3478983922623,-0.235641194373405,0.08064179911316753,-0.23074034997196818,0.09182223983398567,S→T
1465,293,P,240222,240193,240257,64,0.169945,819,130.3478983922623,0.03792146506267621,0.0006775579722874789,0.2735626594360812,-0.07996424114088005,T→P
1466,293,Q,240325,240307,240334,27,-0.20586499999999996,819,130.3478983922623,-0.017241714294416524,-0.016766130793651753,-0.05516317935709274,-0.01744368876593923,P→Q
1467,293,R,240347,240334,240373,39,1.633235,819,130.3478983922623,0.16329689472830733,0.25326761044508683,0.18053860902272384,0.2700337412387386,Q→R
1468,293,S,240377,240373,240383,10,-0.06089,819,130.3478983922623,-0.0009752629228299729,-0.0024406364508413234,-0.1642721576511373,-0.25570824689592814,R→S
1469,293,T,240621,240471,240710,239,0.405405,819,130.3478983922623,-0.3142437277091248,0.10025030977724378,-0.31326846478629483,0.1026909462280851,S→T
1470,294,P,241041,241011,241069,58,0.1684845,882,140.3746598070517,0.03420809454606221,1.5422807339827067e-05,0.348451822255187,-0.10023488696990396,T→P
1471,294,Q,241142,241125,241152,27,-0.21894249999999998,882,140.3746598070517,-0.019364392305765914,-0.01645734367009615,-0.053572486851828124,-0.01647276647743598,P→Q
1472,294,R,241171,241152,241188,36,1.6439445000000001,882,140.3746598070517,0.16883428978959944,0.21971476985485078,0.18819868209536536,0.23617211352494694,Q→R
1473,294,S,241194,241188,241201,13,-0.16208449999999996,882,140.3746598070517,-0.0043429661859289755,-0.008307665575385302,-0.1731772559755284,-0.2280224354302361,R→S
1474,294,T,241440,241290,241494,204,0.37494150000000004,882,140.3746598070517,-0.20673176312473607,0.11893261069549478,-0.2023887969388071,0.12724027627088008,S→T
1475,295,P,241923,241892,241967,75,0.155148,915,145.62677292908424,0.03776701724561761,0.001016093284507625,0.24449878037035366,-0.11791651741098716,T→P
1476,295,Q,242028,242005,242036,31,-0.28099799999999997,915,145.62677292908424,-0.01804356015581106,-0.01521604278785015,-0.05581057740142867,-0.016232136072357774,P→Q
1477,295,R,242057,242036,242073,37,1.688021,915,145.62677292908424,0.16594109555782238,0.21001180842236367,0.18398465571363343,0.22522785121021383,Q→R
1478,295,S,242078,242073,242091,18,-0.08612,915,145.62677292908424,-0.003154852859871449,-0.005942539316421139,-0.16909594841769382,-0.2159543477387848,R→S
1479,295,T,242319,242169,242388,219,0.410324,915,145.62677292908424,-0.23580218856959553,0.1592914361751037,-0.2326473357097241,0.16523397549152483,S→T
1480,296,P,242838,242795,242865,70,0.148193,823,130.98451816462986,0.03482874570160641,-0.002128356196071731,0.27063093427120194,-0.16141979237117543,T→P
1481,296,Q,242930,242920,242939,19,-0.29028299999999996,823,130.98451816462986,-0.01940291521259603,-0.01634122228884117,-0.054231660914202444,-0.014212866092769437,P→Q
1482,296,R,242959,242939,242981,42,1.636971,823,130.98451816462986,0.17509374264226257,0.22871387896363304,0.1944966578548586,0.2450551012524742,Q→R
1483,296,S,242987,242981,242993,12,-0.11105299999999999,823,130.98451816462986,-0.0023955278550124885,-0.00512078729975516,-0.17748927049727506,-0.2338346662633882,R→S
1484,296,T,243238,243088,243287,199,0.362197,823,130.98451816462986,-0.2531505047334974,0.10094601810285159,-0.25075497687848486,0.10606680540260674,S→T
1485,297,P,243661,243632,243704,72,0.1490625,855,136.0774763435705,0.039733384757969434,0.0016330859086709558,0.2928838894914668,-0.09931293219418064,T→P
1486,297,Q,243766,243757,243775,18,-0.2981065,855,136.0774763435705,-0.014692703288833002,-0.014279750973730571,-0.054426088046802434,-0.015912836882401526,P→Q
1487,297,R,243796,243775,243822,47,1.7016535000000002,855,136.0774763435705,0.16849254398669528,0.2486866281644587,0.1831852472755283,0.26296637913818927,Q→R
1488,297,S,243825,243822,243828,6,-0.03826950000000001,855,136.0774763435705,-0.0003156109992946474,-0.0008187778578577087,-0.16880815498598992,-0.2495054060223164,R→S
1489,297,T,244058,243908,244308,400,0.4291725,855,136.0774763435705,-0.3843935620270307,0.0666141959431672,-0.384077951027736,0.0674329738010249,S→T
1490,298,P,244516,244473,244544,71,0.1583485,882,140.3746598070517,0.034750881008352934,-0.001317073634794963,0.4191444430353836,-0.06793126957796217,T→P
1491,298,Q,244611,244601,244621,20,-0.26503449999999995,882,140.3746598070517,-0.017020785104834252,-0.013525036758823553,-0.05177166611318719,-0.01220796312402859,P→Q
1492,298,R,244640,244621,244660,39,1.7196325,882,140.3746598070517,0.17930003551494053,0.21723069549266363,0.1963208206197748,0.23075573225148718,Q→R
1493,298,S,244664,244660,244673,13,-0.15716349999999998,882,140.3746598070517,-0.0041172869167294445,-0.007442200497926692,-0.18341732243166997,-0.22467289599059032,R→S
1494,298,T,244915,244765,244984,219,0.41988749999999997,882,140.3746598070517,-0.26639557250274115,0.16271243609853525,-0.2622782855860117,0.17015463659646193,S→T
1495,299,P,245398,245369,245442,73,0.1502285,876,139.41973014850032,0.041455628061224985,0.0015635764717110362,0.30785120056396614,-0.1611488596268242,T→P
1496,299,Q,245503,245480,245512,32,-0.27604049999999997,876,139.41973014850032,-0.01775200956311115,-0.01603089041867191,-0.05920763762433613,-0.017594466890382944,P→Q
1497,299,R,245532,245512,245549,37,1.7109205,876,139.41973014850032,0.16630679640202986,0.23115443772537328,0.18405880596514101,0.2471853281440452,Q→R
1498,299,S,245554,245549,245565,16,-0.0823455,876,139.41973014850032,-0.00254266300717492,-0.005415100111264694,-0.1688494594092048,-0.23656953783663798,R→S
1499,299,T,245794,245644,245881,237,0.40078050000000004,876,139.41973014850032,-0.2605454376341241,0.13324752040513935,-0.25800277462694915,0.13866262051640404,S→T
1500,300,P,246274,246230,246301,71,0.167023,801,127.48310941660817,0.03724367834024904,-0.0015960887380521045,0.29778911597437313,-0.13484360914319146,T→P
1501,300,Q,246368,246356,246379,23,-0.295203,801,127.48310941660817,-0.020767854162464218,-0.01888129668663505,-0.05801153250271326,-0.017285207948582945,P→Q
1502,300,R,246393,246379,246419,40,1.631459,801,127.48310941660817,0.1670942607041599,0.24280349277114552,0.1878621148666241,0.26168478945778056,Q→R
1503,300,S,246423,246419,246431,12,-0.139204,801,127.48310941660817,-0.0033219227196138253,-0.008047531890741711,-0.1704161834237737,-0.25085102466188725,R→S
1504,300,T,246673,246523,246722,199,0.349139,801,127.48310941660817,-0.24800827804889933,0.06836112406578637,-0.2446863553292855,0.07640865595652808,S→T
1505,301,P,247075,247044,247120,76,0.15601749999999998,816,129.8704335629866,0.043480583900387844,0.0016772826191510167,0.2914888619492872,-0.06668384144663536,T→P
1506,301,Q,247178,247159,247187,28,-0.23488550000000002,816,129.8704335629866,-0.01688333664007669,-0.016587900586164963,-0.060363920540464536,-0.01826518320531598,P→Q
1507,301,R,247201,247187,247451,264,1.6662884999999998,816,129.8704335629866,0.0035210383321287357,0.44259434285449295,0.020404374972205423,0.4591822434406579,Q→R
1508,301,S,247229,247187,247479,292,0.008120499999999996,816,129.8704335629866,-0.07857542517591218,0.4542000750243245,-0.08209646350804091,0.011605732169831573,R→S
1509,301,T,247472,247322,247722,400,0.43209549999999997,816,129.8704335629866,-0.4077949123110216,-0.0005929194167989015,-0.3292194871351094,-0.4547929944411234,S→T
1510,302,P,247891,247847,247919,72,0.1438095,820,130.5070533353542,0.04133332695988813,-0.003246617647132375,0.4491282392709097,-0.002653698230333473,T→P
1511,302,Q,247980,247956,247989,33,-0.2946295,820,130.5070533353542,-0.021820537347833832,-0.01702542629828266,-0.06315386430772196,-0.013778808651150283,P→Q
1512,302,R,248010,247989,248028,39,1.7370185,820,130.5070533353542,0.19121437447573572,0.239160564715471,0.21303491182356954,0.25618599101375367,Q→R
1513,302,S,248033,248028,248043,15,-0.0852505,820,130.5070533353542,-0.0030438514934412364,-0.006043705096919685,-0.19425822596917697,-0.24520426981239068,R→S
1514,302,T,248271,248121,248338,217,0.3902935,820,130.5070533353542,-0.26366690045591834,0.12361960798362033,-0.2606230489624771,0.12966331308054002,S→T
1515,303,P,248711,248683,248743,60,0.1475835,858,136.5549411728462,0.03166797191907135,0.0003689441855898886,0.2953348723749897,-0.12325066379803044,T→P
1516,303,Q,248818,248791,248826,35,-0.28042449999999997,858,136.5549411728462,-0.02351588474545791,-0.021736479874245877,-0.05518385666452926,-0.022105424059835767,P→Q
1517,303,R,248846,248826,248862,36,1.6729095,858,136.5549411728462,0.16015256391823482,0.23499589684005684,0.18366844866369272,0.2567323767143027,Q→R
1518,303,S,248867,248862,248883,21,-0.1458815,858,136.5549411728462,-0.00447961540592061,-0.010379175041887954,-0.16463217932415544,-0.2453750718819448,R→S
1519,303,T,249110,248961,249176,215,0.3604405,858,136.5549411728462,-0.21844125536009407,0.09364807845683376,-0.21396163995417344,0.10402725349872172,S→T
1520,304,P,249569,249540,249597,57,0.16759649999999998,822,130.82536322153797,0.03286282760745588,-8.414062537031214e-05,0.25130408296754997,-0.09373221908220407,T→P
1521,304,Q,249666,249654,249678,24,-0.24883249999999998,822,130.82536322153797,-0.0198535476219437,-0.01827241602842401,-0.05271637522939958,-0.0181882754030537,P→Q
1522,304,R,249691,249678,249716,38,1.6459425,822,130.82536322153797,0.16766946657200804,0.24509142977511936,0.18752301419395173,0.2633638458035434,Q→R
1523,304,S,249720,249716,249728,12,-0.1403695,822,130.82536322153797,-0.003670572655757169,-0.008543600065268041,-0.17134003922776522,-0.2536350298403874,R→S
1524,304,T,249971,249821,250017,196,0.3473815,822,130.82536322153797,-0.23125740854542368,0.08247707428377248,-0.2275868358896665,0.09102067434904051,S→T
1525,305,P,250391,250362,250435,73,0.138631,855,136.0774763435705,0.03703163851048799,0.0015896778843978911,0.26828904705591167,-0.08088739639937459,T→P
1526,305,Q,250496,250475,250505,30,-0.289413,855,136.0774763435705,-0.017691765577553236,-0.01667055386983197,-0.05472340408804123,-0.01826023175422986,P→Q
1527,305,R,250526,250505,250548,43,1.681936,855,136.0774763435705,0.1648664333990295,0.24108044447260638,0.18255819897658274,0.25775099834243836,Q→R
1528,305,S,250554,250548,250559,11,-0.045814999999999995,855,136.0774763435705,-0.0008807978328860342,-0.0022125283000355724,-0.16574723123191554,-0.24329297277264195,R→S
1529,305,T,250788,250638,250876,238,0.382192,855,136.0774763435705,-0.2695145246498856,0.11984868243622405,-0.2686337268169996,0.12206121073625963,S→T
1530,306,P,251246,251202,251275,73,0.160346,843,134.16761702646778,0.044495288036267254,-0.002678199854756599,0.31400981268615286,-0.12252688229098066,T→P
1531,306,Q,251338,251329,251347,18,-0.274061,843,134.16761702646778,-0.016807306176312493,-0.013709322773174298,-0.06130259421257975,-0.0110311229184177,P→Q
1532,306,R,251367,251347,251387,40,1.749485,843,134.16761702646778,0.1851286193392525,0.2309069794935367,0.201935925515565,0.244616302266711,Q→R
1533,306,S,251394,251387,251401,14,-0.12324099999999999,843,134.16761702646778,-0.003568365380575563,-0.006967276625032363,-0.18869698471982807,-0.23787425611856905,R→S
1534,306,T,251627,251477,251695,218,0.390035,843,134.16761702646778,-0.25428970050407174,0.1267164789813244,-0.25072133512349615,0.13368375560635676,S→T
1535,307,P,252089,252058,252132,74,0.151966,855,136.0774763435705,0.03376015918438293,0.00039125860638195627,0.28804985968845465,-0.12632522037494245,T→P
1536,307,Q,252190,252170,252199,29,-0.22850499999999996,855,136.0774763435705,-0.019676897098458133,-0.01734938764932872,-0.05343705628284107,-0.017740646255710677,P→Q
1537,307,R,252219,252199,252236,37,1.6825089999999998,855,136.0774763435705,0.17075520415959228,0.23419587668298683,0.1904321012580504,0.25154526433231555,Q→R
1538,307,S,252241,252236,252249,13,-0.14442,855,136.0774763435705,-0.0034115713103295728,-0.00706832341617471,-0.17416677546992185,-0.24126420009916155,R→S
1539,307,T,252485,252335,252553,218,0.39845,855,136.0774763435705,-0.2527930823549979,0.11780494718963755,-0.24938151104466835,0.12487327060581226,S→T
1540,308,P,252944,252901,252971,70,0.14675100000000002,799,127.16479953042438,0.03525761250701774,-0.0025160655414209723,0.2880506948620157,-0.12032101273105852,T→P
1541,308,Q,253035,253008,253044,36,-0.305635,799,127.16479953042438,-0.025013263485327526,-0.020659169587582307,-0.06027087599234526,-0.018143104046161335,P→Q
1542,308,R,253065,253044,253086,42,1.644814,799,127.16479953042438,0.17595046516682622,0.23987072908241164,0.20096372865215376,0.26052989866999393,Q→R
1543,308,S,253093,253086,253100,14,-0.133951,799,127.16479953042438,-0.002929611712121064,-0.006888946195347871,-0.17888007687894728,-0.24675967527775952,R→S
1544,308,T,253327,253178,253389,211,0.307966,799,127.16479953042438,-0.2085965215613503,0.07046221944287025,-0.20566690984922925,0.07735116563821812,S→T
1545,309,P,253743,253698,253771,73,0.182079,819,130.3478983922623,0.04634641236580837,-0.0022151632868446197,0.25494293392715867,-0.07267738272971487,T→P
1546,309,Q,253837,253828,253846,18,-0.273748,819,130.3478983922623,-0.016938043115497438,-0.014773425797389288,-0.06328445548130582,-0.012558262510544668,P→Q
1547,309,R,253866,253846,253888,42,1.724829,819,130.3478983922623,0.18209570593653235,0.25057992403857143,0.19903374905202978,0.2653533498359607,Q→R
1548,309,S,253892,253888,253899,11,-0.113125,819,130.3478983922623,-0.002487594398941656,-0.005536256159008179,-0.18458330033547402,-0.2561161801975796,R→S
1549,309,T,254143,253993,254212,219,0.39378899999999994,819,130.3478983922623,-0.2950337627915463,0.11044628722768726,-0.29254616839260467,0.11598254338669545,S→T
1550,310,P,254562,254518,254588,70,0.1383345,819,130.3478983922623,0.03634460235968027,-0.0031845981427715032,0.3313783651512266,-0.11363088537045876,T→P
1551,310,Q,254652,254625,254662,37,-0.30765149999999997,819,130.3478983922623,-0.025908515276946924,-0.020315379953815743,-0.06225311763662719,-0.01713078181104424,P→Q
1552,310,R,254682,254662,254701,39,1.7320985,819,130.3478983922623,0.18293697660886277,0.23580971690176603,0.2088454918858097,0.25612509685558177,Q→R
1553,310,S,254709,254701,254717,16,-0.13715149999999998,819,130.3478983922623,-0.00437942464707407,-0.009060590352383808,-0.18731640125593685,-0.24487030725414982,R→S
1554,310,T,254941,254793,255010,217,0.37727150000000004,819,130.3478983922623,-0.25754981612679806,0.10607443645383183,-0.253170391479724,0.11513502680621564,S→T
1555,311,P,255381,255355,255426,71,0.14412399999999997,798,127.00564458733248,0.03265066332954399,0.0014450030862543368,0.29020047945634203,-0.10462943336757749,T→P
1556,311,Q,255487,255464,255496,32,-0.26882700000000004,798,127.00564458733248,-0.021019590086793535,-0.022071885022912085,-0.05367025341633753,-0.023516888109166422,P→Q
1557,311,R,255516,255496,255534,38,1.6236169999999999,798,127.00564458733248,0.15177827938068575,0.26188395637437273,0.17279786946747927,0.2839558413972848,Q→R
1558,311,S,255538,255534,255551,17,-0.06873300000000002,798,127.00564458733248,-0.001505278794413677,-0.004582665322408509,-0.15328355817509942,-0.26646662169678126,R→S
1559,311,T,255780,255630,255847,217,0.353504,798,127.00564458733248,-0.2594460990680854,0.05386231273674925,-0.2579408202736717,0.05844497805915776,S→T
1560,312,P,256179,256149,256208,59,0.174884,819,130.3478983922623,0.03656723457506513,0.00023993859730854123,0.2960133336431505,-0.05362237413944071,T→P
1561,312,Q,256276,256265,256288,23,-0.245614,819,130.3478983922623,-0.01912738838210608,-0.017749627521137328,-0.055694622957171216,-0.01798956611844587,P→Q
1562,312,R,256302,256288,256327,39,1.706019,819,130.3478983922623,0.1721361718602912,0.25499138018431505,0.1912635602423973,0.2727410077054524,Q→R
1563,312,S,256332,256327,256338,11,-0.068714,819,130.3478983922623,-0.001419738299676522,-0.0033761706955569354,-0.1735559101599677,-0.258367550879872,R→S
1564,312,T,256579,256429,256646,217,0.38714899999999997,819,130.3478983922623,-0.2861390467622436,0.10111388731980714,-0.2847193084625671,0.10449005801536407,S→T
1565,313,P,256998,256954,257025,71,0.14440150000000002,838,133.3718423110083,0.038557217893219496,-0.0032817720744778545,0.3246962646554631,-0.104395659394285,T→P
1566,313,Q,257088,257062,257097,35,-0.2975145,838,133.3718423110083,-0.022231443058176953,-0.01703062411812661,-0.06078866095139645,-0.013748852043648755,P→Q
1567,313,R,257118,257097,257135,38,1.7439734999999998,838,133.3718423110083,0.18738674370592343,0.22825505229436097,0.20961818676410038,0.24528567641248758,Q→R
1568,313,S,257145,257135,257151,16,-0.1078525,838,133.3718423110083,-0.003914075685151236,-0.007425489719408605,-0.19130081939107466,-0.23568054201376956,R→S
1569,313,T,257378,257228,257465,237,0.4025015,838,133.3718423110083,-0.2693766064824193,0.12655785754861648,-0.26546253079726806,0.13398334726802508,S→T
1570,314,P,257836,257793,257864,71,0.1562955,860,136.87325105903,0.03511107826988805,-0.002033472461659489,0.30448768475230736,-0.12859133001027598,T→P
1571,314,Q,257930,257919,257939,20,-0.2641655,860,136.87325105903,-0.017007697362032573,-0.01374502600412352,-0.052118775631920626,-0.011711553542464032,P→Q
1572,314,R,257959,257939,257978,39,1.7489115000000002,860,136.87325105903,0.18143349469620773,0.2246568355054032,0.1984411920582403,0.23840186150952672,Q→R
1573,314,S,257985,257978,257992,14,-0.1539645,860,136.87325105903,-0.004144625066752875,-0.007876252197151339,-0.1855781197629606,-0.23253308770255454,R→S
1574,314,T,258235,258085,258303,218,0.39930150000000003,860,136.87325105903,-0.2563889382676621,0.12888310334528594,-0.25224431320090923,0.1367593555424373,S→T
1575,315,P,258696,258666,258724,58,0.17051850000000002,818,130.1887434491704,0.03338618340050881,-7.5114448881498e-05,0.28977512166817093,-0.12895821779416744,T→P
1576,315,Q,258793,258780,258805,25,-0.23081649999999998,818,130.1887434491704,-0.018447949432380567,-0.01698727850643261,-0.05183413283288938,-0.01691216405755111,P→Q
1577,315,R,258818,258805,258843,38,1.6436485,818,130.1887434491704,0.1657793482455292,0.24310501319320665,0.18422729767790977,0.26009229169963927,Q→R
1578,315,S,258848,258843,258855,12,-0.0794415,818,130.1887434491704,-0.0018204368900988767,-0.004312765096486667,-0.16759978513562807,-0.24741777828969333,R→S
1579,315,T,259095,258945,259183,238,0.3706135,818,130.1887434491704,-0.2803683255723629,0.08683478824804532,-0.27854788868226404,0.09114755334453198,S→T
1580,316,P,259514,259485,259543,58,0.1618255,858,136.5549411728462,0.032157093530300544,0.00011734071288470969,0.31252541910266346,-0.08671744753516061,T→P
1581,316,Q,259616,259599,259625,26,-0.22445449999999997,858,136.5549411728462,-0.01919826018138082,-0.017086700740429835,-0.05135535371168136,-0.017204041453314545,P→Q
1582,316,R,259645,259625,259662,37,1.6715045000000002,858,136.5549411728462,0.1706333249801689,0.23623911319364224,0.18983158516154972,0.25332581393407205,Q→R
1583,316,S,259668,259662,259675,13,-0.1345615,858,136.5549411728462,-0.0032575693114788246,-0.006848660286868416,-0.17389089429164772,-0.24308777348051067,R→S
1584,316,T,259913,259763,259982,219,0.3955465,858,136.5549411728462,-0.2513611305739644,0.11730243640710282,-0.2481035612624856,0.12415109669397123,S→T
1585,317,P,260372,260329,260400,71,0.160068,862,137.19156094521378,0.03793583860874777,-0.0018606945940908845,0.2892969691827122,-0.1191631310011937,T→P
1586,317,Q,260465,260456,260474,18,-0.27200799999999997,862,137.19156094521378,-0.016682163112223477,-0.013398634268846446,-0.05461800172097124,-0.011537939674755561,P→Q
1587,317,R,260495,260474,260515,41,1.7579010000000002,862,137.19156094521378,0.1845411842125088,0.2267992647919038,0.2012233473247323,0.24019789906075023,Q→R
1588,317,S,260521,260515,260527,12,-0.126442,862,137.19156094521378,-0.0031186542761122292,-0.00587291437101176,-0.18765983848862106,-0.23267217916291555,R→S
1589,317,T,260752,260602,260839,237,0.401336,862,137.19156094521378,-0.26557922114573457,0.15324500320098108,-0.2624605668696223,0.15911791757199284,S→T
1590,318,P,261234,261208,261277,69,0.1249615,836,133.0535324248245,0.02981714891057681,0.0011013790025239279,0.29539637005631136,-0.15214362419845714,T→P
1591,318,Q,261339,261315,261348,33,-0.30016050000000005,836,133.0535324248245,-0.02308442554936227,-0.02189753176743132,-0.05290157445993908,-0.02299891076995525,P→Q
1592,318,R,261368,261348,261385,37,1.5957985,836,133.0535324248245,0.15550696451694448,0.2350358951543827,0.17859139006630675,0.25693342692181403,Q→R
1593,318,S,261396,261385,261406,21,-0.07801749999999999,836,133.0535324248245,-0.0026047323022098494,-0.00683832572292638,-0.15811169681915432,-0.2418742208773091,R→S
1594,318,T,261630,261501,261697,196,0.3267955,836,133.0535324248245,-0.20800964299429678,0.06776268230601917,-0.20540491069208694,0.07460100802894555,S→T
1595,319,P,262070,262039,262097,58,0.146455,838,133.3718423110083,0.027111916824259584,-0.0004547050532098492,0.23512155981855637,-0.06821738735922903,T→P
1596,319,Q,262165,262152,262175,23,-0.280998,838,133.3718423110083,-0.019471508795682813,-0.016527680487567795,-0.0465834256199424,-0.016072975434357945,P→Q
1597,319,R,262193,262175,262214,39,1.689168,838,133.3718423110083,0.17586689910587816,0.23351213585201044,0.19533840790156098,0.2500398163395782,Q→R
1598,319,S,262218,262214,262227,13,-0.150524,838,133.3718423110083,-0.00390838916753971,-0.008167134219788132,-0.17977528827341788,-0.24167927007179857,R→S
1599,319,T,262469,262319,262536,217,0.365674,838,133.3718423110083,-0.24464524662800477,0.10412705388365352,-0.24073685746046505,0.11229418810344166,S→T
1600,320,P,262908,262863,262937,74,0.180674,819,130.3478983922623,0.04406961791404732,-0.0023234558737774366,0.2887148645420521,-0.10645050975743096,T→P
1601,320,Q,263002,262992,263011,19,-0.26183500000000004,819,130.3478983922623,-0.01652933773049244,-0.014318701355406657,-0.060598955644539765,-0.01199524548162922,P→Q
1602,320,R,263031,263011,263052,41,1.753573,819,130.3478983922623,0.1826814836066128,0.2489981541360039,0.19921082133710524,0.26331685549141054,Q→R
1603,320,S,263056,263052,263063,11,-0.131916,819,130.3478983922623,-0.003135606584531579,-0.0068296017277661636,-0.18581709019114437,-0.25582775586377005,R→S
1604,320,T,263308,263158,263376,218,0.416133,819,130.3478983922623,-0.29985154893742644,0.10495012246691085,-0.29671594235289483,0.11177972419467701,S→T
1605,321,P,263727,263701,263756,55,0.1461775,799,127.16479953042438,0.02694704476939762,0.0003251819054237628,0.32679859370682407,-0.10462494056148709,T→P
1606,321,Q,263829,263771,263840,69,-0.25401149999999995,799,127.16479953042438,-0.034884437500667984,-0.02977822848046941,-0.0618314822700656,-0.030103410385893176,P→Q
1607,321,R,263859,263840,263877,37,1.5966675000000001,799,127.16479953042438,0.1554586492756859,0.2553645007759208,0.19034308677635386,0.2851427292563902,Q→R
1608,321,S,263882,263877,263890,13,-0.10263649999999999,799,127.16479953042438,-0.0022268961942232043,-0.006122016390496587,-0.1576855454699091,-0.2614865171664174,R→S
1609,321,T,264126,263978,264193,215,0.35204250000000004,799,127.16479953042438,-0.24741878451545404,0.05524555681218576,-0.24519188832123084,0.061367573202682345,S→T
1610,322,P,264526,264481,264554,73,0.17109200000000002,819,130.3478983922623,0.040012804278965274,-0.0018926919815458877,0.2874315887944193,-0.057138248793731646,T→P
1611,322,Q,264622,264610,264632,22,-0.259246,819,130.3478983922623,-0.018023441957069564,-0.016074832656459582,-0.05803624623603484,-0.014182140674913694,P→Q
1612,322,R,264646,264632,264672,40,1.6952720000000001,819,130.3478983922623,0.17638767230928296,0.2503608496626144,0.19441111426635252,0.266435682319074,Q→R
1613,322,S,264676,264672,264683,11,-0.110794,819,130.3478983922623,-0.002629735839537346,-0.005997043124938511,-0.1790174081488203,-0.2563578927875529,R→S
1614,322,T,264925,264775,264995,220,0.39149500000000004,819,130.3478983922623,-0.29275054717889526,0.10452142472471487,-0.2901208113393579,0.11051846784965338,S→T
1615,323,P,265345,265316,265391,75,0.1647295,858,136.5549411728462,0.035044164054777185,0.0010182801132264045,0.32779471123367243,-0.10350314461148846,T→P
1616,323,Q,265449,265429,265458,29,-0.2267665,858,136.5549411728462,-0.0174807128300906,-0.016127938462701507,-0.05252487688486779,-0.01714621857592791,P→Q
1617,323,R,265478,265458,265496,38,1.6906105,858,136.5549411728462,0.16672799654186435,0.23997589823454482,0.18420870937195494,0.25610383669724635,Q→R
1618,323,S,265501,265496,265508,12,-0.11367949999999999,858,136.5549411728462,-0.0024469126164407967,-0.005352763790428544,-0.16917490915830513,-0.24532866202497336,R→S
1619,323,T,265744,265594,265832,238,0.42974650000000003,858,136.5549411728462,-0.289614635100261,0.12706790001563048,-0.28716772248382016,0.13242066380605902,S→T
1620,324,P,266203,266174,266231,57,0.16961199999999999,859,136.7140961159381,0.032130511771778204,6.339398879457089e-05,0.3217451468720392,-0.1270045060268359,T→P
1621,324,Q,266304,266288,266314,26,-0.22532300000000002,859,136.7140961159381,-0.019499369049880512,-0.017295773425027926,-0.051629880821658716,-0.0173591674138225,P→Q
1622,324,R,266333,266314,266350,36,1.6584269999999999,859,136.7140961159381,0.168015730059907,0.2305099585972294,0.1875150991097875,0.2478057320222573,Q→R
1623,324,S,266356,266350,266364,14,-0.16443300000000002,859,136.7140961159381,-0.004294695055378005,-0.008882548586463788,-0.172310425115285,-0.23939250718369318,R→S
1624,324,T,266602,266452,266670,218,0.388869,859,136.7140961159381,-0.24229920640892708,0.11145476832741585,-0.23800451135354908,0.12033731691387964,S→T
1625,325,P,267062,267033,267092,59,0.1696495,838,133.3718423110083,0.03508504236259535,0.0002337585262758209,0.27738424877152246,-0.11122100980114004,T→P
1626,325,Q,267163,267147,267173,26,-0.21603850000000002,838,133.3718423110083,-0.01824155747898379,-0.01688141133808642,-0.05332659984157914,-0.01711516986436224,P→Q
1627,325,R,267186,267173,267212,39,1.6265385,838,133.3718423110083,0.16266667394970322,0.2356931706059865,0.180908231428687,0.2525745819440729,Q→R
1628,325,S,267216,267212,267223,11,-0.0884505,838,133.3718423110083,-0.001790305849729707,-0.004089072317208029,-0.1644569797994329,-0.23978224292319453,R→S
1629,325,T,267460,267310,267528,218,0.3714455,838,133.3718423110083,-0.24775742291807606,0.09537938968235114,-0.24596711706834637,0.09946846199955917,S→T
1630,326,P,267900,267857,267928,71,0.152836,879,139.897194977776,0.037956207400973926,-0.0019663182451100897,0.28571363031905,-0.09734570792746124,T→P
1631,326,Q,267994,267984,268002,18,-0.255454,879,139.897194977776,-0.015592284020148743,-0.012203000097823987,-0.05354849142112267,-0.010236681852713897,P→Q
1632,326,R,268023,268002,268044,42,1.733245,879,139.897194977776,0.1835697050242575,0.21910515422295232,0.19916198904440627,0.2313081543207763,Q→R
1633,326,S,268048,268044,268056,12,-0.11743400000000001,879,139.897194977776,-0.003020914803610751,-0.005466374020866933,-0.18659061982786826,-0.22457152824381926,R→S
1634,326,T,268281,268131,268368,237,0.408013,879,139.897194977776,-0.25784731535239586,0.16497149748846085,-0.2548264005487851,0.1704378715093278,S→T
1635,327,P,268779,268733,268806,73,0.1572015,898,142.92113889652202,0.03853337677114836,-0.0027632269951418415,0.29638069212354423,-0.1677347244836027,T→P
1636,327,Q,268870,268860,268879,19,-0.2783895,898,142.92113889652202,-0.017410041797111076,-0.01281803848993917,-0.055943418568259434,-0.010054811494797328,P→Q
1637,327,R,268899,268879,268919,40,1.7364635,898,142.92113889652202,0.1848839506117876,0.20411535059768215,0.2022939924088987,0.21693338908762133,Q→R
1638,327,S,268926,268919,268933,14,-0.12179849999999999,898,142.92113889652202,-0.0037284025710232612,-0.00610830692745705,-0.18861235318281086,-0.21022365752513922,R→S
1639,327,T,269158,269008,269245,237,0.4077175,898,142.92113889652202,-0.23473227476536834,0.17482494752834016,-0.2310038721943451,0.18093325445579722,S→T
1640,328,P,269677,269647,269706,59,0.174015,821,130.66620827844608,0.03611237348564513,5.584335676958471e-05,0.27084464825101345,-0.17476910417157057,T→P
1641,328,Q,269775,269762,269787,25,-0.22561900000000001,821,130.66620827844608,-0.01838547797477546,-0.017174293409389536,-0.05449785146042059,-0.017230136766159122,P→Q
1642,328,R,269800,269787,269825,38,1.622766,821,130.66620827844608,0.16209558551333147,0.24088739140693738,0.18048106348810694,0.2580616848163269,Q→R
1643,328,S,269831,269825,269837,12,-0.087007,821,130.66620827844608,-0.0020206114196135365,-0.004820762919414887,-0.16411619693294502,-0.24570815432635226,R→S
1644,328,T,270077,269927,270144,217,0.376994,821,130.66620827844608,-0.26176219698721065,0.08537981476678512,-0.25974158556759713,0.0902005776862,S→T
1645,329,P,270498,270468,270542,74,0.168207,857,136.39578622975432,0.03976985421899774,0.0006475931211070524,0.3015320512062084,-0.08473222164567806,T→P
1646,329,Q,270601,270582,270609,27,-0.23257400000000003,857,136.39578622975432,-0.017289448319865636,-0.015679898670277248,-0.05705930253886338,-0.0163274917913843,P→Q
1647,329,R,270623,270609,270648,39,1.65236,857,136.39578622975432,0.17024683124873577,0.23839824197659487,0.18753627956860142,0.2540781406468721,Q→R
1648,329,S,270652,270648,270659,11,-0.065551,857,136.39578622975432,-0.0011468431907368532,-0.0024441696583789993,-0.17139367443947262,-0.24084241163497386,R→S
1649,329,T,270896,270746,270963,217,0.404813,857,136.39578622975432,-0.2725739181090156,0.1334787632213842,-0.2714270749182787,0.13592293287976318,S→T
1650,330,P,271355,271309,271383,74,0.168762,859,136.7140961159381,0.040886298106380906,-0.0019225353889091364,0.3134602162153965,-0.13540129861029332,T→P
1651,330,Q,271450,271440,271459,19,-0.23486800000000002,859,136.7140961159381,-0.01461365058464779,-0.012070695971035533,-0.0554999486910287,-0.010148160582126396,P→Q
1652,330,R,271480,271459,271499,40,1.748061,859,136.7140961159381,0.18247889107018336,0.23334151804867517,0.19709254165483114,0.2454122140197107,Q→R
1653,330,S,271503,271499,271511,12,-0.147897,859,136.7140961159381,-0.0035642994935287343,-0.006889809325818665,-0.1860431905637121,-0.24023132737449385,R→S
1654,330,T,271754,271604,271822,218,0.439031,859,136.7140961159381,-0.2887187251376575,0.15188329387747374,-0.2851544256441288,0.1587731032032924,S→T
1655,331,P,272214,272188,272260,72,0.151079,818,130.1887434491704,0.035887678976932055,0.001644779171753591,0.3246064041145896,-0.15023851470572014,T→P
1656,331,Q,272321,272298,272330,32,-0.290837,818,130.1887434491704,-0.022212934527128678,-0.02259760345712277,-0.05810061350406073,-0.02424238262887636,P→Q
1657,331,R,272350,272330,272367,37,1.609745,818,130.1887434491704,0.1502129924092547,0.2474460279249341,0.17242592693638337,0.27004363138205684,Q→R
1658,331,S,272371,272367,272388,21,-0.076242,818,130.1887434491704,-0.0026150269623939053,-0.007655669281761572,-0.1528280193716486,-0.2551016972066957,R→S
1659,331,T,272613,272466,272678,212,0.355243,818,130.1887434491704,-0.23163928117731447,0.061680868529335714,-0.22902425421492056,0.06933653781109729,S→T
1660,332,P,273032,272987,273059,72,0.13717000000000001,819,130.3478983922623,0.03931849904604891,-0.0033948927334500633,0.27095778022336336,-0.06507576126278578,T→P
1661,332,Q,273121,273098,273130,32,-0.29083800000000004,819,130.3478983922623,-0.02085151165239145,-0.016461124844088522,-0.06017001069844036,-0.013066232110638459,P→Q
1662,332,R,273152,273130,273174,44,1.691499,819,130.3478983922623,0.18941647406238324,0.239012822970941,0.21026798571477467,0.2554739478150295,Q→R
1663,332,S,273180,273174,273185,11,-0.07221,819,130.3478983922623,-0.0013253983407040865,-0.002795849890273977,-0.19074187240308732,-0.241808672861215,R→S
1664,332,T,273412,273262,273662,400,0.41380300000000003,819,130.3478983922623,-0.3370443468844383,0.08164214154595194,-0.3357189485437342,0.08443799143622592,S→T
1665,333,P,273851,273806,273898,92,0.180969,839,133.53099725410019,0.05067655841757074,-0.00011503675317475018,0.38772090530200903,-0.08175717829912668,T→P
1666,333,Q,273948,273938,273960,22,-0.20183299999999998,839,133.53099725410019,-0.0149741431001003,-0.013518697123067509,-0.06565070151767104,-0.013403660369892758,P→Q
1667,333,R,273980,273960,273998,38,1.6871340000000001,839,133.53099725410019,0.17417073492241175,0.2468416423548968,0.18914487802251206,0.26036033947796433,Q→R
1668,333,S,274003,273998,274009,11,-0.136874,839,133.53099725410019,-0.003229997526010051,-0.007026577863316789,-0.1774007324484218,-0.2538682202182136,R→S
1669,333,T,274251,274101,274319,218,0.43093000000000004,839,133.53099725410019,-0.2965463012079197,0.12200039804731509,-0.29331630368190964,0.1290269759106319,S→T
1670,334,P,274690,274647,274717,70,0.1554255,818,130.1887434491704,0.036072270559721974,-0.0022058272410844845,0.33261857176764165,-0.12420622528839957,T→P
1671,334,Q,274784,274772,274794,22,-0.2969605,818,130.1887434491704,-0.02064145157672966,-0.017904827232926357,-0.056713722136451636,-0.01569899999184187,P→Q
1672,334,R,274813,274794,274833,39,1.6987305,818,130.1887434491704,0.17503774687675774,0.239306433160239,0.1956791984534874,0.25721126039316533,Q→R
1673,334,S,274838,274833,274847,14,-0.1508015,818,130.1887434491704,-0.00401464433213563,-0.008810602428723323,-0.17905239120889338,-0.24811703558896234,R→S
1674,334,T,275072,274922,275136,214,0.3444955,818,130.1887434491704,-0.22132489825822438,0.0843149350615238,-0.21731025392608874,0.09312553749024712,S→T
1675,335,P,275508,275479,275517,38,0.1191725,780,124.14085561167836,0.0206316272185964,-0.0012720869789916449,0.24195652547682078,-0.08558702204051544,T→P
1676,335,Q,275598,275534,275608,74,-0.3343605,780,124.14085561167836,-0.04246333708206643,-0.029749015633448034,-0.06309496430066283,-0.02847692865445639,P→Q
1677,335,R,275628,275608,275649,41,1.6213045,780,124.14085561167836,0.17338860307900286,0.24520563136763904,0.2158519401610693,0.27495464700108707,Q→R
1678,335,S,275657,275649,275665,16,-0.1296045,780,124.14085561167836,-0.0031500546846664626,-0.007974564908012636,-0.17653865776366934,-0.2531801962756517,R→S
1679,335,T,275888,275759,275955,196,0.3343595,780,124.14085561167836,-0.23524389849178332,0.05262790695628295,-0.23209384380711684,0.060602471864295585,S→T
1680,336,P,276288,276260,276334,74,0.158329,858,136.5549411728462,0.03689467904718454,0.0008907843774773527,0.27213857753896786,-0.0517371225788056,T→P
1681,336,Q,276392,276372,276401,29,-0.23139,858,136.5549411728462,-0.01862761600601576,-0.017055011679422923,-0.055522295053200305,-0.017945796056900276,P→Q
1682,336,R,276421,276401,276438,37,1.683101,858,136.5549411728462,0.1667807104601456,0.2387926125504395,0.18540832646616134,0.2558476242298624,Q→R
1683,336,S,276443,276438,276451,13,-0.14671399999999998,858,136.5549411728462,-0.003392720591965379,-0.00733715058123748,-0.17017343105211097,-0.24612976313167698,R→S
1684,336,T,276687,276537,276753,216,0.39090400000000003,858,136.5549411728462,-0.23987251502815005,0.11159571313671601,-0.23647979443618466,0.11893286371795349,S→T
1685,337,P,277146,277102,277174,72,0.16500650000000003,841,133.84930714028397,0.04075132736347235,-0.0023680344219166615,0.2806238423916224,-0.11396374755863267,T→P
1686,337,Q,277239,277228,277248,20,-0.28097849999999996,841,133.84930714028397,-0.018064302751653865,-0.014930742871306454,-0.05881563011512622,-0.012562708449389793,P→Q
1687,337,R,277269,277248,277288,40,1.7465995,841,133.84930714028397,0.18161628159747262,0.23270178045648526,0.19968058434912647,0.24763252332779173,Q→R
1688,337,S,277294,277288,277301,13,-0.15224349999999998,841,133.84930714028397,-0.003964013798597566,-0.007905499828793348,-0.18558029539607018,-0.2406072802852786,R→S
1689,337,T,277526,277376,277613,237,0.41089850000000006,841,133.84930714028397,-0.27489002519595046,0.13000465146259538,-0.2709260113973529,0.13791015129138873,S→T
1690,338,P,277987,277956,278012,56,0.1548705,796,126.68733470114869,0.029815130367593545,-0.0006482400927773147,0.304705155563544,-0.13065289155537269,T→P
1691,338,Q,278082,278068,278093,25,-0.26851250000000004,796,126.68733470114869,-0.02073267888974333,-0.019091060931131144,-0.05054780925733687,-0.01844282083835383,P→Q
1692,338,R,278106,278093,278132,39,1.6256705,796,126.68733470114869,0.16647132930757533,0.24717449432399874,0.18720400819731867,0.2662655552551299,Q→R
1693,338,S,278136,278132,278144,12,-0.11713750000000003,796,126.68733470114869,-0.003017608306080746,-0.007454436698957945,-0.16948893761365608,-0.2546289310229567,R→S
1694,338,T,278384,278234,278439,205,0.3450885,796,126.68733470114869,-0.24234588994178202,0.0635282331133874,-0.23932828163570127,0.07098266981234534,S→T
1695,339,P,278783,278739,278811,72,0.148194,822,130.82536322153797,0.04276827719551227,-0.002883781082092178,0.2851141671372943,-0.06641201419547958,T→P
1696,339,Q,278874,278865,278883,18,-0.28447500000000003,822,130.82536322153797,-0.01731895310994617,-0.014442621971035937,-0.06008723030545844,-0.01155884088894376,P→Q
1697,339,R,278904,278883,278925,42,1.730341,822,130.82536322153797,0.18747436169910658,0.2426032852250648,0.20479331480905275,0.25704590719610076,Q→R
1698,339,S,278932,278925,278936,11,-0.08785800000000002,822,130.82536322153797,-0.0019183187939945524,-0.004022738878573812,-0.18939268049310112,-0.24662602410363862,R→S
1699,339,T,279163,279013,279413,400,0.428895,822,130.82536322153797,-0.3545266423972839,0.09383501453300472,-0.3526083236032893,0.09785775341157853,S→T
1700,340,P,279605,279577,279649,72,0.151967,860,136.87325105903,0.03392544301413435,0.0007447163698916205,0.38845208541141824,-0.0930902981631131,T→P
1701,340,Q,279709,279686,279718,32,-0.249369,860,136.87325105903,-0.020310269628208005,-0.018239519695924262,-0.05423571264234236,-0.018984236065815882,P→Q
1702,340,R,279737,279718,279754,36,1.685987,860,136.87325105903,0.16588346280396188,0.23427712370634918,0.18619373243216988,0.2525166434022734,Q→R
1703,340,S,279759,279754,279769,15,-0.13802000000000003,860,136.87325105903,-0.0032437654713247097,-0.0068680406111266325,-0.1691272282752866,-0.24114516431747582,R→S
1704,340,T,280002,279852,280070,218,0.40366599999999997,860,136.87325105903,-0.25665287012280424,0.11454090117263398,-0.25340910465147953,0.1214089417837606,S→T
1705,341,P,280465,280438,280507,69,0.11974549999999999,798,127.00564458733248,0.03085670483953403,0.001104163690800456,0.28750957496233825,-0.11343673748183353,T→P
1706,341,Q,280570,280544,280579,35,-0.3076695,798,127.00564458733248,-0.02262456746552858,-0.023198217696902307,-0.05348127230506261,-0.024302381387702764,P→Q
1707,341,R,280600,280579,280617,38,1.6149235,798,127.00564458733248,0.15019357871030825,0.2546357406650945,0.17281814617583682,0.27783395836199676,Q→R
1708,341,S,280626,280617,280635,18,-0.08031149999999998,798,127.00564458733248,-0.0019055675026718665,-0.0060133527602417225,-0.15209914621298012,-0.2606490934253362,R→S
1709,341,T,280861,280711,280929,218,0.36393549999999997,798,127.00564458733248,-0.26210355229373683,0.053131495422274966,-0.260197984791065,0.05914484818251669,S→T
1710,342,P,281263,281232,281307,75,0.1641185,840,133.69015219719208,0.04311952026537555,0.0014433355556599926,0.3052230725591124,-0.05168815986661497,T→P
1711,342,Q,281368,281346,281376,30,-0.2604115,840,133.69015219719208,-0.01637869948007369,-0.015624008641052099,-0.059498219745449235,-0.017067344196712093,P→Q
1712,342,R,281396,281376,281416,40,1.6958455,840,133.69015219719208,0.16907364657952736,0.25315835654601654,0.18545234605960106,0.26878236518706866,Q→R
1713,342,S,281418,281416,281426,10,-0.033645499999999995,840,133.69015219719208,-0.0006510638003671797,-0.0015524792067673943,-0.16972471037989453,-0.2547108357527839,R→S
1714,342,T,281659,281509,281909,400,0.41467149999999997,840,133.69015219719208,-0.3474495305655421,0.07895931678185708,-0.34679846676517495,0.08051179598862447,S→T
1715,343,P,282103,282075,282128,53,0.11974599999999999,874,139.10142026231654,0.0258912394088905,8.220982522004574e-05,0.3733407699744326,-0.07887710695663704,T→P
1716,343,Q,282208,282162,282217,55,-0.298976,874,139.10142026231654,-0.028409649382843963,-0.023357540578931083,-0.05430088879173446,-0.023439750404151128,P→Q
1717,343,R,282238,282217,282255,38,1.719909,874,139.10142026231654,0.1605905933603144,0.22674333637424132,0.18900024274315835,0.2501008769531724,Q→R
1718,343,S,282261,282255,282273,18,-0.11919099999999999,874,139.10142026231654,-0.004112973508687405,-0.009136118112245229,-0.1647035668690018,-0.23587945448648656,R→S
1719,343,T,282498,282368,282566,198,0.366822,874,139.10142026231654,-0.21366668995394317,0.09470762088542681,-0.20955371644525575,0.10384373899767203,S→T
1720,344,P,282977,282949,283006,57,0.147898,839,133.53099725410019,0.031276345606610585,0.0002180608765444138,0.24494303556055375,-0.0944895600088824,T→P
1721,344,Q,283079,283060,283089,29,-0.23490399999999997,839,133.53099725410019,-0.02062751872247003,-0.019250807255629648,-0.05190386432908062,-0.01946886813217406,P→Q
1722,344,R,283109,283089,283126,37,1.626244,839,133.53099725410019,0.1620032287514091,0.2384662334422319,0.18263074747387914,0.25771704069786155,Q→R
1723,344,S,283131,283126,283139,13,-0.126441,839,133.53099725410019,-0.0027492014697096585,-0.006272600776480677,-0.16475243022111877,-0.24473883421871256,R→S
1724,344,T,283377,283227,283444,217,0.37004000000000004,839,133.53099725410019,-0.23285552696351372,0.08487658681590154,-0.23010632549380405,0.09114918759238222,S→T
1725,345,P,283816,283787,283863,76,0.170796,858,136.5549411728462,0.043407021732755395,0.001991100511353841,0.2762625486962691,-0.0828854863045477,T→P
1726,345,Q,283921,283904,283930,26,-0.225324,858,136.5549411728462,-0.014665147269953542,-0.014012194236281288,-0.05807216900270894,-0.01600329474763513,P→Q
1727,345,R,283951,283930,283971,41,1.6445180000000001,858,136.5549411728462,0.1657214221402772,0.24260257978907868,0.18038656941023076,0.25661477402536,Q→R
1728,345,S,283973,283971,283975,4,-0.013650000000000023,858,136.5549411728462,-9.823908265353868e-05,-0.0002166131070210579,-0.16581966122293076,-0.24281919289609974,R→S
1729,345,T,284216,284066,284466,400,0.449759,858,136.5549411728462,-0.4072470866117398,0.04416807979736476,-0.40714884752908626,0.04438469290438581,S→T
1730,346,P,284674,284630,284702,72,0.147621,839,133.53099725410019,0.04042037679878679,-0.002431552431489673,0.4476674634105266,-0.04659963222885443,T→P
1731,346,Q,284767,284757,284775,18,-0.277501,839,133.53099725410019,-0.01723101772348442,-0.014276421613366851,-0.05765139452227121,-0.011844869181877177,P→Q
1732,346,R,284796,284775,284816,41,1.734984,839,133.53099725410019,0.18219428693973436,0.23262894079108215,0.19942530466321878,0.246905362404449,Q→R
1733,346,S,284823,284816,284829,13,-0.13600399999999999,839,133.53099725410019,-0.003685997523501206,-0.007359346077385227,-0.18588028446323557,-0.23998828686846738,R→S
1734,346,T,285057,284907,285123,216,0.39062700000000006,839,133.53099725410019,-0.2641729931130196,0.13218528595547768,-0.26048699558951843,0.1395446320328629,S→T
1735,347,P,285513,285483,285541,58,0.1580515,799,127.16479953042438,0.031038049760471587,-0.00015827002565738698,0.2952110428734912,-0.13234355598113506,T→P
1736,347,Q,285610,285596,285622,26,-0.26303750000000004,799,127.16479953042438,-0.020651684951272155,-0.019616643798310858,-0.05168973471174374,-0.01945837377265347,P→Q
1737,347,R,285640,285622,285659,37,1.6601845000000002,799,127.16479953042438,0.1654077956102066,0.25464539600379543,0.18605948056147875,0.2742620398021063,Q→R
1738,347,S,285664,285659,285672,13,-0.1609375,799,127.16479953042438,-0.0037951805932731095,-0.009598893316339865,-0.1692029762034797,-0.2642442893201353,R→S
1739,347,T,285913,285763,285961,198,0.3645095,799,127.16479953042438,-0.2364590451845681,0.05678463919485928,-0.23266386459129498,0.06638353251119915,S→T
1740,348,P,286312,286269,286340,71,0.152818,799,127.16479953042438,0.03373964113867345,-0.0009454522977694742,0.2701986863232415,-0.057730091492628755,T→P
1741,348,Q,286409,286395,286420,25,-0.266496,799,127.16479953042438,-0.0203261630839664,-0.019265105244644427,-0.054065804222639846,-0.018319652946874952,P→Q
1742,348,R,286434,286420,286460,40,1.67352,799,127.16479953042438,0.16645799275665493,0.25530537693738325,0.18678415584062133,0.2745704821820277,Q→R
1743,348,S,286464,286460,286471,11,-0.086119,799,127.16479953042438,-0.0019308245213582062,-0.004955200961493467,-0.16838881727801314,-0.26026057789887674,R→S
1744,348,T,286712,286562,286779,217,0.381915,799,127.16479953042438,-0.2907257787485984,0.07851822554356426,-0.28879495422724016,0.08347342650505772,S→T
1745,349,P,287111,287066,287139,73,0.150801,799,127.16479953042438,0.04122342314168945,-0.003149345309264491,0.33194920189028787,-0.08166757085282875,T→P
1746,349,Q,287203,287192,287212,20,-0.29056099999999996,799,127.16479953042438,-0.01948557570373413,-0.01699532094400437,-0.06070899884542358,-0.013845975634739879,P→Q
1747,349,R,287232,287212,287251,39,1.749189,799,127.16479953042438,0.18158628531286516,0.2505496217379744,0.2010718610165993,0.26754494268197876,Q→R
1748,349,S,287259,287251,287266,15,-0.14614000000000002,799,127.16479953042438,-0.004068191533938422,-0.009162671841057348,-0.18565447684680358,-0.25971229357903175,R→S
1749,349,T,287490,287340,287558,218,0.371205,799,127.16479953042438,-0.2562791677565194,0.08734754107380448,-0.25221097622258093,0.09651021291486182,S→T
1750,350,P,287910,287865,287938,73,0.17836149999999998,819,130.3478983922623,0.04615607866482886,-0.002647775859160383,0.3024352464213482,-0.08999531693296486,T→P
1751,350,Q,288005,287994,288015,21,-0.25604550000000004,819,130.3478983922623,-0.01747080996527374,-0.015436311877501718,-0.0636268886301026,-0.012788536018341335,P→Q
1752,350,R,288035,288015,288055,40,1.7390535,819,130.3478983922623,0.17872912071516622,0.2510910662582289,0.19619993068043995,0.26652737813573063,Q→R
1753,350,S,288059,288055,288066,11,-0.1423665,819,130.3478983922623,-0.0031473657344733156,-0.0069965720475651,-0.18187648644963955,-0.258087638305794,R→S
1754,350,T,288309,288159,288376,217,0.3969895,819,130.3478983922623,-0.27885939966251794,0.10455071041105402,-0.2757120339280446,0.11154728245861911,S→T
1755,351,P,288729,288684,288756,72,0.1595135,762,121.27606663602425,0.04416216230401475,-0.0029196012717862376,0.3230215619665327,-0.10747031168284026,T→P
1756,351,Q,288821,288811,288829,18,-0.2847705,762,121.27606663602425,-0.017898926546395334,-0.016740620781933457,-0.06206108885041008,-0.01382101951014722,P→Q
1757,351,R,288848,288829,288873,44,1.6593155,762,121.27606663602425,0.17570417122357568,0.2669018206420017,0.193603097769971,0.28364244142393513,Q→R
1758,351,S,288877,288873,288883,10,-0.0800525,762,121.27606663602425,-0.0013283395339374147,-0.003673415665258237,-0.17703251075751308,-0.27057523630725994,R→S
1759,351,T,289109,288959,289196,237,0.3775495,762,121.27606663602425,-0.3222283444843134,0.06410441361289577,-0.320900004950376,0.06777782927815401,S→T
1760,352,P,289491,289462,289535,73,0.1418125,835,132.89437748173262,0.043214253543375374,0.0019042035435565474,0.3654425980276888,-0.06220021006933923,T→P
1761,352,Q,289597,289587,289606,19,-0.2752085,835,132.89437748173262,-0.01480294922950977,-0.01509092034732789,-0.05801720277288514,-0.016995123890884437,P→Q
1762,352,R,289627,289606,289648,42,1.7425305,835,132.89437748173262,0.16238556933490214,0.2562544418948996,0.17718851856441192,0.2713453622422275,Q→R
1763,352,S,289655,289648,289658,10,-0.0530665,835,132.89437748173262,-0.0010433163263499161,-0.002820076908773453,-0.16342888566125205,-0.25907451880367305,R→S
1764,352,T,289887,289737,289975,238,0.4080125,835,132.89437748173262,-0.31467027899828587,0.11863765980591856,-0.31362696267193596,0.12145773671469201,S→T
1765,353,P,290326,290282,290355,73,0.17573450000000002,898,142.92113889652202,0.038755975793885504,-0.0011788603590137947,0.3534262547921714,-0.11981652016493236,T→P
1766,353,Q,290423,290412,290434,22,-0.2273395,898,142.92113889652202,-0.015458024826170532,-0.012475634271555108,-0.05421400062005603,-0.011296773912541313,P→Q
1767,353,R,290453,290434,290472,38,1.7126775,898,142.92113889652202,0.177206405799768,0.21734971627009778,0.19266443062593855,0.22982535054165287,Q→R
1768,353,S,290477,290472,290484,12,-0.1502095,898,142.92113889652202,-0.003916233676323666,-0.007000223164635436,-0.18112263947609167,-0.22434993943473322,R→S
1769,353,T,290725,290575,290794,219,0.4164105,898,142.92113889652202,-0.24530270175072633,0.15991857147302707,-0.24138646807440267,0.16691879463766252,S→T
1770,354,P,291224,291181,291253,72,0.158329,822,130.82536322153797,0.036145457136284885,-0.000969943095797235,0.2814481588870112,-0.1608885145688243,T→P
1771,354,Q,291321,291309,291332,23,-0.265054,822,130.82536322153797,-0.018725122739363317,-0.017003564342306134,-0.0548705798756482,-0.016033621246508898,P→Q
1772,354,R,291346,291332,291371,39,1.632051,822,130.82536322153797,0.16420329592130262,0.2362958075117069,0.18292841866066595,0.253299371854013,Q→R
1773,354,S,291376,291371,291383,12,-0.107871,822,130.82536322153797,-0.0026389752550329527,-0.006183775054885144,-0.16684227117633557,-0.24247958256659205,R→S
1774,354,T,291625,291475,291691,216,0.34392300000000003,822,130.82536322153797,-0.2359748614548259,0.08295474989515936,-0.23333588619979295,0.0891385249500445,S→T
1775,355,P,292046,292014,292090,76,0.17747349999999998,876,139.41973014850032,0.04096337846808206,0.0007114466101970538,0.27693823992290795,-0.08224330328496231,T→P
1776,355,Q,292146,292130,292156,26,-0.2227155,876,139.41973014850032,-0.017516558091417146,-0.01509630546740197,-0.05847993655949921,-0.015807752077599026,P→Q
1777,355,R,292170,292156,292195,39,1.6575575,876,139.41973014850032,0.17131136189813087,0.22552982540157443,0.188827919989548,0.2406261308689764,Q→R
1778,355,S,292199,292195,292206,11,-0.0806255,876,139.41973014850032,-0.0016258561611660444,-0.0031872302691794015,-0.1729372180592969,-0.22871705567075384,R→S
1779,355,T,292443,292293,292512,219,0.38681550000000003,876,139.41973014850032,-0.24910810781447615,0.14349886151406774,-0.24748225165331011,0.14668609178324715,S→T
1780,356,P,292922,292879,292950,71,0.158034,899,143.08029383961392,0.03319160606070411,-0.0017523156452056068,0.28229971387518027,-0.14525117715927335,T→P
1781,356,Q,293015,293006,293025,19,-0.269974,899,143.08029383961392,-0.01635587880030433,-0.012456407494596637,-0.049547484861008434,-0.01070409184939103,P→Q
1782,356,R,293045,293025,293064,39,1.734966,899,143.08029383961392,0.18081098601750067,0.20732257429809772,0.19716686481780502,0.21977898179269437,Q→R
1783,356,S,293071,293064,293078,14,-0.149932,899,143.08029383961392,-0.004286272373662373,-0.007250052657761237,-0.18509725839116303,-0.21457262695585896,R→S
1784,356,T,293302,293152,293370,218,0.379584,899,143.08029383961392,-0.20701567286184133,0.1529011000559039,-0.20272940048817895,0.16015115271366515,S→T
1785,357,P,293821,293778,293849,71,0.16065999999999997,841,133.84930714028397,0.03505480703176488,-0.0015431543561511823,0.24207047989360622,-0.1544442544120551,T→P
1786,357,Q,293916,293904,293925,21,-0.282441,841,133.84930714028397,-0.019043295413804964,-0.016114716769765117,-0.05409810244556985,-0.014571562413613934,P→Q
1787,357,R,293945,293925,293965,40,1.6331980000000001,841,133.84930714028397,0.16999611225410996,0.223795196227228,0.18903940766791494,0.2399099129969931,Q→R
1788,357,S,293970,293965,293979,14,-0.143274,841,133.84930714028397,-0.003832785914145869,-0.007964154570382506,-0.17382889816825584,-0.2317593507976105,R→S
1789,357,T,294221,294071,294269,198,0.3474,841,133.84930714028397,-0.22775238157308583,0.10184459461859698,-0.22391959565893996,0.10980874918897948,S→T
1790,358,P,294662,294631,294707,76,0.16558,877,139.5788850915922,0.03958460936035834,0.0013167254070637535,0.26733699093344415,-0.10052786921153323,T→P
1791,358,Q,294765,294748,294773,25,-0.21777700000000003,877,139.5788850915922,-0.015415759768390377,-0.013602912884846809,-0.05500036912874871,-0.014919638291910562,P→Q
1792,358,R,294787,294773,294814,41,1.649734,877,139.5788850915922,0.17260088481117794,0.23184154843527618,0.18801664457956832,0.245444461320123,Q→R
1793,358,S,294816,294814,294819,5,-0.03336800000000001,877,139.5788850915922,-0.00037146510410107685,-0.000736667136994596,-0.17297234991527902,-0.2325782155722708,R→S
1794,358,T,295060,294910,295310,400,0.43699699999999997,877,139.5788850915922,-0.3525766083022319,0.117575044471148,-0.35220514319813084,0.11831171160814259,S→T
1795,359,P,295539,295494,295586,92,0.186167,898,142.92113889652202,0.04836801806839722,0.00010565614550639096,0.4009446263706291,-0.1174693883256416,T→P
1796,359,Q,295640,295626,295649,23,-0.170519,898,142.92113889652202,-0.012843978163152,-0.010705902043380233,-0.061211996231549215,-0.010811558188886624,P→Q
1797,359,R,295669,295649,295687,38,1.704539,898,142.92113889652202,0.17671528076741416,0.22324656519730804,0.18955925893056616,0.23395246724068827,Q→R
1798,359,S,295692,295687,295698,11,-0.12006,898,142.92113889652202,-0.0027205815572001434,-0.004996029183728634,-0.1794358623246143,-0.22824259438103667,R→S
1799,359,T,295938,295788,296028,240,0.44948200000000005,898,142.92113889652202,-0.28404162741407263,0.17069217296688421,-0.2813210458568725,0.17568820215061284,S→T
1800,360,P,296437,296394,296466,72,0.169335,820,130.5070533353542,0.042847041145053374,-0.001948592164285413,0.326888668559126,-0.17264076513116963,T→P
1801,360,Q,296531,296522,296540,18,-0.273766,820,130.5070533353542,-0.017195358162093003,-0.014993699932925014,-0.060042399307146374,-0.013045107768639602,P→Q
1802,360,R,296561,296540,296582,42,1.691776,820,130.5070533353542,0.1756974344342362,0.24020534849747655,0.1928927925963292,0.25519904843040153,Q→R
1803,360,S,296586,296582,296593,11,-0.118877,820,130.5070533353542,-0.002917928659570485,-0.006496813931229516,-0.17861536309380668,-0.24670216242870607,R→S
1804,360,T,296837,296687,296886,199,0.353781,820,130.5070533353542,-0.23157620999545242,0.08290756754332443,-0.22865828133588192,0.08940438147455394,S→T
1805,361,P,297257,297228,297285,57,0.167338,802,127.64226435970006,0.03467177750036077,0.00010254963950047257,0.2662479874958132,-0.08280501790382395,T→P
1806,361,Q,297357,297342,297367,25,-0.232296,802,127.64226435970006,-0.0200456879493052,-0.019453864954388188,-0.054717465449665964,-0.01955641459388866,P→Q
1807,361,R,297381,297367,297405,38,1.649753,802,127.64226435970006,0.16312262018501533,0.25555442647964144,0.18316830813432053,0.2750082914340296,Q→R
1808,361,S,297411,297405,297417,12,-0.064682,802,127.64226435970006,-0.0013227382960038561,-0.0034339708528054475,-0.16444535848101918,-0.2589883973324469,R→S
1809,361,T,297656,297506,297724,218,0.377272,802,127.64226435970006,-0.2780067481536267,0.07507135178790504,-0.2766840098576228,0.07850532264071049,S→T
1810,362,P,298059,298031,298102,71,0.126146,836,133.0535324248245,0.03496995426431725,0.001126554034447883,0.31297670241794395,-0.07394479775345716,T→P
1811,362,Q,298165,298119,298173,54,-0.297829,836,133.0535324248245,-0.027705694709758366,-0.024540057343272078,-0.06267564897407563,-0.025666611377719962,P→Q
1812,362,R,298194,298173,298212,39,1.721648,836,133.0535324248245,0.16022972810250727,0.24926259097540407,0.18793542281226563,0.2738026483186761,Q→R
1813,362,S,298217,298212,298228,16,-0.09481200000000001,836,133.0535324248245,-0.0025384575433671495,-0.0065583704509157405,-0.16276818564587442,-0.2558209614263198,R→S
1814,362,T,298455,298305,298522,217,0.367413,836,133.0535324248245,-0.25044913501244914,0.09082507177485516,-0.247910677469082,0.0973834422257709,S→T
1815,363,P,298895,298866,298922,56,0.148157,819,130.3478983922623,0.028940900596533373,-0.00015412937757089705,0.2793900356089825,-0.09097920115242605,T→P
1816,363,Q,298992,298956,299004,48,-0.259542,819,130.3478983922623,-0.027722725794442137,-0.02352726862609554,-0.05666362639097551,-0.023373139248524643,P→Q
1817,363,R,299023,299004,299041,37,1.660758,819,130.3478983922623,0.16898364141926503,0.24763498520534688,0.19670636721370716,0.27116225383144243,Q→R
1818,363,S,299046,299041,299054,13,-0.17893399999999998,819,130.3478983922623,-0.004434314072252184,-0.010250971721800466,-0.1734179554915172,-0.25788595692714733,R→S
1819,363,T,299294,299144,299361,217,0.384208,819,130.3478983922623,-0.25677908304107544,0.07477476795896573,-0.25234476896882324,0.0850257396807662,S→T
1820,364,P,299714,299684,299741,57,0.1539825,759,120.79860180674856,0.032932806888275136,-0.00030493888625291506,0.2897118899293506,-0.07507970684521864,T→P
1821,364,Q,299810,299797,299822,25,-0.2589685,759,120.79860180674856,-0.020711221178436656,-0.0210959246216687,-0.05364402806671179,-0.020790985735415785,P→Q
1822,364,R,299835,299822,299861,39,1.6271125,759,120.79860180674856,0.15849282061730371,0.2709660581431734,0.17920404179574037,0.29206198276484213,Q→R
1823,364,S,299866,299861,299872,11,-0.0919085,759,120.79860180674856,-0.0019528439501282045,-0.006039578423349981,-0.16044566456743192,-0.2770056365665234,R→S
1824,364,T,300113,299963,300180,217,0.35293050000000004,759,120.79860180674856,-0.2781627048817411,0.028241212874455586,-0.2762098609316129,0.03428079129780557,S→T
1825,365,P,300473,300444,300520,76,0.1600685,799,127.16479953042438,0.04340413106335624,0.0019162992246237265,0.32156683594509733,-0.02632491364983186,T→P
1826,365,Q,300579,300558,300587,29,-0.25576849999999995,799,127.16479953042438,-0.01827760127571187,-0.019161154794833556,-0.06168173233906811,-0.021077454019457282,P→Q
1827,365,R,300608,300587,300626,39,1.6720774999999999,799,127.16479953042438,0.1584490048323022,0.2715159283420155,0.17672660610801408,0.29067708313684903,Q→R
1828,365,S,300630,300626,300639,13,-0.05219650000000001,799,127.16479953042438,-0.00094802202760035,-0.002798241652518935,-0.15939702685990256,-0.27431416999453445,R→S
1829,365,T,300872,300722,300940,218,0.39090349999999996,799,127.16479953042438,-0.30248612103677036,0.07192405755873349,-0.30153809900917,0.07472229921125242,S→T
1830,366,P,301272,301245,301318,73,0.148748,838,133.3718423110083,0.035132229958078846,0.0013143186164135865,0.3376183509948492,-0.07060973894231991,T→P
1831,366,Q,301379,301352,301387,35,-0.271713,838,133.3718423110083,-0.02142027526904124,-0.02063528527340469,-0.05655250522712009,-0.021949603889818276,P→Q
1832,366,R,301407,301387,301424,37,1.697861,838,133.3718423110083,0.16054727897212973,0.24807076935523573,0.18196755424117098,0.2687060546286404,Q→R
1833,366,S,301428,301424,301442,18,-0.11397499999999999,838,133.3718423110083,-0.0026397771949846676,-0.006469388669012388,-0.1631870561671144,-0.2545401580242481,R→S
1834,366,T,301671,301521,301740,219,0.40277799999999997,838,133.3718423110083,-0.282080039254535,0.0987150910779508,-0.27944026205955036,0.1051844797469632,S→T
1835,367,P,302110,302067,302137,70,0.156018,802,127.64226435970006,0.03308286333283289,-0.0020152811047887014,0.3151629025873679,-0.1007303721827395,T→P
1836,367,Q,302205,302192,302214,22,-0.28823,802,127.64226435970006,-0.019783960095984796,-0.017822053355537344,-0.05286682342881768,-0.01580677225074864,P→Q
1837,367,R,302234,302214,302254,40,1.720224,802,127.64226435970006,0.17586493980067133,0.25292396102839654,0.19564889989665613,0.27074601438393386,Q→R
1838,367,S,302259,302254,302267,13,-0.143255,802,127.64226435970006,-0.003306818269195413,-0.007853129089394733,-0.17917175806986674,-0.26077709011779127,R→S
1839,367,T,302510,302360,302557,197,0.34801099999999996,802,127.64226435970006,-0.24542809843216448,0.0754017441981635,-0.24212128016296908,0.08325487328755823,S→T
1840,368,P,302912,302884,302954,70,0.11802549999999998,775,123.34508089621889,0.029782916599272798,0.0010264376276119818,0.2752110150314373,-0.07437530657055152,T→P
1841,368,Q,303018,302993,303027,34,-0.3308825000000001,775,123.34508089621889,-0.021134682810236453,-0.023518870699075645,-0.050917599409509254,-0.024545308326687627,P→Q
1842,368,R,303048,303027,303071,44,1.6619225,775,123.34508089621889,0.14811366647785082,0.279559091303705,0.16924834928808727,0.30307796200278064,Q→R
1843,368,S,303077,303071,303081,10,-0.06989850000000003,775,123.34508089621889,-0.0007889114257918452,-0.0031895622011014163,-0.14890257790364267,-0.2827486535048064,R→S
1844,368,T,303308,303158,303558,400,0.3732025,775,123.34508089621889,-0.32454661430239706,-0.04935542289410626,-0.3237577028766052,-0.046165860693004844,S→T
1845,369,P,303687,303643,303715,72,0.1566095,799,127.16479953042438,0.04454526930065778,-0.0025429704300122353,0.36909188360305484,0.046812452464094025,T→P
1846,369,Q,303778,303769,303787,18,-0.28245849999999995,799,127.16479953042438,-0.018006859143546248,-0.01575205028390255,-0.06255212844420403,-0.013209079853890315,P→Q
1847,369,R,303808,303787,303830,43,1.7573275000000002,799,127.16479953042438,0.18823275226926475,0.2600265035119325,0.206239611412811,0.27577855379583505,Q→R
1848,369,S,303836,303830,303840,10,-0.08291949999999998,799,127.16479953042438,-0.001568781441098575,-0.003633250626500409,-0.18980153371036332,-0.2636597541384329,R→S
1849,369,T,304067,303917,304317,400,0.4059785,799,127.16479953042438,-0.3482996854492153,0.049169764249267854,-0.34673090400811674,0.052803014875768266,S→T
1850,370,P,304486,304457,304515,58,0.1626945,839,133.53099725410019,0.032051127101800574,0.0001540899299719185,0.3803508125510159,-0.04901567431929594,T→P
1851,370,Q,304588,304571,304597,26,-0.21544649999999999,839,133.53099725410019,-0.01845749465584863,-0.017029067714691554,-0.050508621757649204,-0.017183157644663473,P→Q
1852,370,R,304616,304597,304634,37,1.6648265000000002,839,133.53099725410019,0.1677341356185702,0.24354144554663,0.18619163027441882,0.2605705132613215,Q→R
1853,370,S,304640,304634,304646,12,-0.1540015,839,133.53099725410019,-0.0035810476721206794,-0.00800831158148402,-0.17131518329069087,-0.251549757128114,R→S
1854,370,T,304886,304736,304954,218,0.3964155,839,133.53099725410019,-0.2701289980072061,0.10276367018443114,-0.2665479503350854,0.11077198176591516,S→T
1855,371,P,305325,305279,305354,75,0.19748649999999998,798,127.00564458733248,0.05829219808154426,-0.0033873465990568717,0.3284211960887503,-0.10615101678348801,T→P
1856,371,Q,305418,305410,305426,16,-0.2427285,798,127.00564458733248,-0.014086453121209026,-0.01261168461156146,-0.07237865120275329,-0.009224338012504588,P→Q
1857,371,R,305448,305426,305469,43,1.7581785,798,127.00564458733248,0.18461373978118398,0.2625645248093406,0.198700192902393,0.2751762094209021,Q→R
1858,371,S,305473,305469,305479,10,-0.1075935,798,127.00564458733248,-0.0021648576760031845,-0.005092202158869539,-0.18677859745718717,-0.26765672696821013,R→S
1859,371,T,305724,305574,305974,400,0.4294685,798,127.00564458733248,-0.38887932325479746,-0.0008702455804783079,-0.3867144655787943,0.0042219565783912305,S→T
1860,372,P,306123,306080,306149,69,0.1299005,762,121.27606663602425,0.03640416609642747,-0.0032639803419585766,0.42528348935122495,-0.002393734761480269,T→P
1861,372,Q,306213,306185,306223,38,-0.3299945,762,121.27606663602425,-0.02872913762226311,-0.025112324341462308,-0.06513330371869058,-0.021848343999503732,P→Q
1862,372,R,306244,306223,306265,42,1.6308865,762,121.27606663602425,0.17221782531322116,0.25591498912121874,0.20094696293548428,0.28102731346268106,Q→R
1863,372,S,306272,306265,306280,15,-0.1293455,762,121.27606663602425,-0.0026390666809481046,-0.007338039433126781,-0.17485689199416926,-0.2632530285543455,R→S
1864,372,T,306503,306394,306552,158,0.2540115,762,121.27606663602425,-0.1640377409682788,0.024314964133042124,-0.1613986742873307,0.0316530035661689,S→T
1865,373,P,306885,306856,306930,74,0.1667455,836,133.0535324248245,0.04851957709923213,0.0023619154854834373,0.21255731806751094,-0.021953048647558687,T→P
1866,373,Q,306991,306968,306999,31,-0.28856350000000003,836,133.0535324248245,-0.018294268333020273,-0.01791603027452629,-0.06681384543225241,-0.020277945760009727,P→Q
1867,373,R,307020,306999,307037,38,1.7019115,836,133.0535324248245,0.16123696774647336,0.24967011314735843,0.17953123607949364,0.2675861434218847,Q→R
1868,373,S,307043,307037,307054,17,-0.0791835,836,133.0535324248245,-0.002267492916509823,-0.005825590358817635,-0.1635044606629832,-0.25549570350617606,R→S
1869,373,T,307282,307132,307349,217,0.3447915,836,133.0535324248245,-0.21546270035411075,0.07821051667517505,-0.21319520743760093,0.08403610703399268,S→T
1870,374,P,307721,307678,307748,70,0.144143,859,136.7140961159381,0.0300177919383301,-0.0013298406508963029,0.24548049229244084,-0.07954035732607136,T→P
1871,374,Q,307816,307803,307827,24,-0.281571,859,136.7140961159381,-0.02025761283856573,-0.016778668964949797,-0.05027540477689583,-0.015448828314053495,P→Q
1872,374,R,307846,307827,307864,37,1.686264,859,136.7140961159381,0.17263509243552622,0.2205061312361219,0.19289270527409194,0.23728480020107168,Q→R
1873,374,S,307870,307864,307879,15,-0.19574799999999998,859,136.7140961159381,-0.005517701811997315,-0.0107420067777571,-0.17815279424752353,-0.231248138013879,R→S
1874,374,T,308120,307972,308169,197,0.35929300000000003,859,136.7140961159381,-0.2108111922272856,0.10506944098698541,-0.20529349041528827,0.1158114477647425,S→T
1875,375,P,308580,308538,308607,69,0.1530945,779,123.98170066858647,0.03329066401653553,-0.001704513942061226,0.2441018562438211,-0.10677395492904664,T→P
1876,375,Q,308675,308663,308686,23,-0.2865285,779,123.98170066858647,-0.02128169659065112,-0.020333699371927205,-0.05457236060718665,-0.01862918542986598,P→Q
1877,375,R,308699,308686,308725,39,1.6146465,779,123.98170066858647,0.16310052920821883,0.2539009042988261,0.18438222579886995,0.2742346036707533,Q→R
1878,375,S,308731,308725,308738,13,-0.1281985,779,123.98170066858647,-0.0031446882743876147,-0.008526525140629184,-0.16624521748260643,-0.2624274294394553,R→S
1879,375,T,308979,308829,309047,218,0.3520425,779,123.98170066858647,-0.26450996731787946,0.04920946699199594,-0.2613652790434918,0.05773599213262512,S→T
1880,376,P,309359,309328,309406,78,0.17923,798,127.00564458733248,0.049423816723485975,0.001850253386927686,0.3139337840413654,-0.04735921360506825,T→P
1881,376,Q,309461,309446,309470,24,-0.20009500000000002,798,127.00564458733248,-0.014724340609170999,-0.014944251317782794,-0.06414815733265697,-0.01679450470471048,P→Q
1882,376,R,309484,309470,309511,41,1.7057039999999999,798,127.00564458733248,0.16994615238539235,0.27724898282686566,0.18467049299456334,0.2921932341446485,Q→R
1883,376,S,309514,309511,309517,6,-0.03303500000000001,798,127.00564458733248,-0.00035642431743736306,-0.0009628238691054487,-0.17030257670282972,-0.2782118066959711,R→S
1884,376,T,309758,309608,310008,400,0.430338,798,127.00564458733248,-0.382868340422054,0.011547570201695825,-0.3825119161046166,0.012510394070801274,S→T
1885,377,P,310157,310113,310185,72,0.162954,819,130.3478983922623,0.03963280360382295,-0.0019385950627124153,0.4225011440258769,-0.01348616526440824,T→P
1886,377,Q,310252,310239,310262,23,-0.27027,819,130.3478983922623,-0.019040934016245695,-0.01685566147743705,-0.058673737620068646,-0.014917066414724635,P→Q
1887,377,R,310282,310262,310301,39,1.715544,819,130.3478983922623,0.17504334942605346,0.24606028468047472,0.19408428344229917,0.26291594615791175,Q→R
1888,377,S,310306,310301,310315,14,-0.174014,819,130.3478983922623,-0.004402538261051076,-0.009868687362221604,-0.17944588768710454,-0.2559289720426963,R→S
1889,377,T,310556,310408,310604,196,0.356094,819,130.3478983922623,-0.22944009058201728,0.08027928199843096,-0.2250375523209662,0.09014796936065256,S→T
1890,378,P,310976,310946,311002,56,0.14442,778,123.82254572549458,0.026771197643748537,-0.0005915638815361599,0.25621128822576583,-0.08087084587996712,T→P
1891,378,Q,311071,311020,311082,62,-0.299272,778,123.82254572549458,-0.033890083186763634,-0.027324297797594908,-0.06066128083051217,-0.026732733916058748,P→Q
1892,378,R,311101,311082,311120,38,1.638414,778,123.82254572549458,0.16478356083969448,0.25581829615679813,0.1986736440264581,0.28314259395439306,Q→R
1893,378,S,311125,311120,311134,14,-0.156036,778,123.82254572549458,-0.003828393120208683,-0.010298521266682636,-0.16861195395990317,-0.26611681742348076,R→S
1894,378,T,311375,311232,311422,190,0.303896,778,123.82254572549458,-0.19488737404918613,0.03429494407496085,-0.19105898092897744,0.04459346534164349,S→T
1895,379,P,311754,311709,311781,72,0.131935,779,123.98170066858647,0.0413078103126978,-0.003363945236986076,0.23619518436188391,-0.03765888931194693,T→P
1896,379,Q,311844,311834,311852,18,-0.28101600000000004,779,123.98170066858647,-0.016959969064976807,-0.01491026529265824,-0.058267779377674606,-0.011546320055672164,P→Q
1897,379,R,311874,311852,311898,46,1.722221,779,123.98170066858647,0.1919004136945732,0.2660929332552915,0.20886038275955,0.28100319854794975,Q→R
1898,379,S,311902,311898,311905,7,-0.04263399999999998,779,123.98170066858647,-0.0004903454864263352,-0.0012230270899454114,-0.19239075918099954,-0.2673159603452369,R→S
1899,379,T,312134,311984,312384,400,0.40102099999999996,779,123.98170066858647,-0.3816996235470837,0.01971785394682893,-0.38120927806065735,0.020940881036774342,S→T
1900,380,P,312533,312504,312565,61,0.16062350000000003,838,133.3718423110083,0.03164510297776515,0.00029852660762381175,0.4133447265248488,-0.01941932733920512,T→P
1901,380,Q,312636,312618,312646,28,-0.22909649999999998,838,133.3718423110083,-0.01921010443878873,-0.0182559529738009,-0.050855207416553874,-0.018554479581424713,P→Q
1902,380,R,312666,312646,312683,37,1.6876885,838,133.3718423110083,0.16532603612541866,0.24827775091175583,0.1845361405642074,0.26653370388555675,Q→R
1903,380,S,312688,312683,312696,13,-0.1456035,838,133.3718423110083,-0.0031352919237137705,-0.007280764763462884,-0.16846132804913244,-0.2555585156752187,R→S
1904,380,T,312933,312783,312999,216,0.39552750000000003,838,133.3718423110083,-0.25860094638746356,0.0987538903482642,-0.2554656544637498,0.10603465511172709,S→T
1905,381,P,313371,313326,313400,74,0.155999,820,130.5070533353542,0.045133256625324816,-0.0028953575039488196,0.30373420301278836,-0.10164924785221302,T→P
1906,381,Q,313464,313454,313472,18,-0.258654,820,130.5070533353542,-0.01590658918576035,-0.013598159245387407,-0.06103984581108517,-0.010702801741438587,P→Q
1907,381,R,313493,313472,313514,42,1.778765,820,130.5070533353542,0.18831924427582317,0.24969116936130706,0.20422583346158352,0.26328932860669446,Q→R
1908,381,S,313520,313514,313524,10,-0.099769,820,130.5070533353542,-0.0019251527831031794,-0.004097830323540558,-0.19024439705892635,-0.25378899968484764,R→S
1909,381,T,313751,313601,313840,239,0.414099,820,130.5070533353542,-0.3260192673564562,0.14230272766840132,-0.324094114573353,0.14640055799194188,S→T
1910,382,P,314191,314146,314219,73,0.160068,778,123.82254572549458,0.039198807122021194,-0.0015669230419008754,0.3652180744784774,-0.1438696507103022,T→P
1911,382,Q,314287,314276,314298,22,-0.26679299999999995,778,123.82254572549458,-0.01894643556077138,-0.018429242704086083,-0.05814524268279257,-0.016862319662185207,P→Q
1912,382,R,314311,314298,314338,40,1.666861,778,123.82254572549458,0.16641106870857444,0.26525733407591884,0.18535750426934583,0.2836865767800049,Q→R
1913,382,S,314342,314338,314348,10,-0.068437,778,123.82254572549458,-0.0013568604189762741,-0.0037767240307314026,-0.16776792912755073,-0.26903405810665026,R→S
1914,382,T,314590,314440,314657,217,0.35783200000000004,778,123.82254572549458,-0.2797403962609379,0.056183320391406444,-0.2783835358419616,0.05996004442213785,S→T
1915,383,P,314969,314924,314998,74,0.164692,838,133.3718423110083,0.04438944360131189,-0.002021129894289736,0.32412983986224975,-0.05820445028569618,T→P
1916,383,Q,315065,315054,315075,21,-0.256361,838,133.3718423110083,-0.016845113801490848,-0.01460852703053387,-0.06123455740280274,-0.012587397136244134,P→Q
1917,383,R,315095,315075,315116,41,1.715544,838,133.3718423110083,0.1793226133763908,0.24435368518749667,0.19616772717788164,0.25896221221803056,Q→R
1918,383,S,315119,315116,315126,10,-0.114271,838,133.3718423110083,-0.002403773585978437,-0.005116180123360402,-0.18172638696236923,-0.24946986531085708,R→S
1919,383,T,315369,315219,315437,218,0.416983,838,133.3718423110083,-0.3008447034378737,0.1329247642769824,-0.29844092985189524,0.1380409444003428,S→T
1920,384,P,315807,315762,315836,74,0.157164,879,139.897194977776,0.041501777300948,-0.002270675748358541,0.3423464807388217,-0.13519544002534095,T→P
1921,384,Q,315900,315891,315908,17,-0.249387,879,139.897194977776,-0.01465991453918703,-0.011447838431019191,-0.05616169184013503,-0.00917716268266065,P→Q
1922,384,R,315930,315908,315950,42,1.770645,879,139.897194977776,0.18731613986515883,0.22130171225415396,0.20197605440434585,0.23274955068517314,Q→R
1923,384,S,315956,315950,315962,12,-0.11891300000000002,879,139.897194977776,-0.002741960568026818,-0.004887981963466367,-0.19005810043318563,-0.22618969421762034,R→S
1924,384,T,316207,316057,316457,400,0.444821,879,139.897194977776,-0.36167847939843356,0.10128048236395333,-0.3589365188304067,0.10616846432741969,S→T
1925,385,P,316686,316657,316715,58,0.1609375,799,127.16479953042438,0.03582385873902346,0.0001014111028929785,0.397502338137457,-0.10117907126106035,T→P
1926,385,Q,316784,316771,316797,26,-0.2253055,799,127.16479953042438,-0.019512147137684333,-0.01939495771130026,-0.0553360058767078,-0.019496368814193237,P→Q
1927,385,R,316810,316797,316835,38,1.6190115,799,127.16479953042438,0.1590158360048266,0.2544558972396044,0.17852798314251095,0.27385085495090467,Q→R
1928,385,S,316840,316835,316846,11,-0.10585549999999999,799,127.16479953042438,-0.0022267826019932934,-0.005917141856750734,-0.1612426186068199,-0.2603730390963551,R→S
1929,385,T,317086,316936,317152,216,0.3564075,799,127.16479953042438,-0.249957365377904,0.06022864210933833,-0.2477305827759107,0.06614578396608906,S→T
1930,386,P,317485,317457,317513,56,0.131065,799,127.16479953042438,0.02349190509994311,2.015740751080139e-05,0.2734492704778471,-0.060208484701827526,T→P
1931,386,Q,317582,317566,317594,28,-0.27489399999999997,799,127.16479953042438,-0.02217948440233036,-0.021017833368863308,-0.045671389502273466,-0.02103799077637411,P→Q
1932,386,R,317607,317594,317632,38,1.648291,799,127.16479953042438,0.1643478558704533,0.2517424295370168,0.18652734027278367,0.2727602629058801,Q→R
1933,386,S,317638,317632,317644,12,-0.113088,799,127.16479953042438,-0.0027660199851371387,-0.00710844826030841,-0.16711387585559045,-0.25885087779732524,R→S
1934,386,T,317884,317734,317934,200,0.34336700000000003,799,127.16479953042438,-0.2391996336531581,0.06730109141835432,-0.23643361366802096,0.07440953967866273,S→T
1935,387,P,318284,318255,318311,56,0.1476015,842,134.0084620833759,0.025835495010669576,-8.088141791354619e-05,0.26503512866382767,-0.06738197283626786,T→P
1936,387,Q,318381,318366,318393,27,-0.2537345,842,134.0084620833759,-0.02022117768845375,-0.017966715019216945,-0.04605667269912332,-0.0178858336013034,P→Q
1937,387,R,318412,318393,318431,38,1.6607574999999999,842,134.0084620833759,0.17055718619079038,0.23782896868411024,0.19077836387924413,0.25579568370332717,Q→R
1938,387,S,318435,318431,318443,12,-0.16731849999999998,842,134.0084620833759,-0.0042811217876539695,-0.009184533511222741,-0.17483830797844435,-0.247013502195333,R→S
1939,387,T,318683,318533,318751,218,0.4004845,842,134.0084620833759,-0.2644528870412215,0.10634260384613027,-0.2601717652535675,0.11552713735735301,S→T
1940,388,P,319126,319097,319169,72,0.15514799999999998,856,136.2366312866624,0.03525161195772219,0.0007216915206266565,0.2997044989989437,-0.10562091232550361,T→P
1941,388,Q,319230,319207,319238,31,-0.263019,856,136.2366312866624,-0.020163549673004103,-0.018284448880760015,-0.055415161630726295,-0.01900614040138667,P→Q
1942,388,R,319258,319238,319275,37,1.697862,856,136.2366312866624,0.16677514916861186,0.23665449220862983,0.18693869884161596,0.25493894108938986,Q→R
1943,388,S,319280,319275,319292,17,-0.10528200000000001,856,136.2366312866624,-0.002673955175908323,-0.005800447687535787,-0.16944910434452018,-0.24245493989616562,R→S
1944,388,T,319522,319372,319590,218,0.40799399999999997,856,136.2366312866624,-0.2653740245322045,0.12101966600692553,-0.26270006935629614,0.1268201136944613,S→T
1945,389,P,319982,319951,320009,58,0.153705,798,127.00564458733248,0.03201745515933218,-0.00040528506577818067,0.2973914796915367,-0.12142495107270371,T→P
1946,389,Q,320076,320066,320087,21,-0.259246,798,127.00564458733248,-0.01898159738002232,-0.017329195847631065,-0.050999052539354495,-0.016923910781852885,P→Q
1947,389,R,320101,320087,320127,40,1.6459609999999998,798,127.00564458733248,0.1696671034172229,0.24833751848524735,0.18864870079724522,0.2656667143328784,Q→R
1948,389,S,320131,320127,320139,12,-0.111348,798,127.00564458733248,-0.0023741428538614252,-0.005800703875652323,-0.17204124627108433,-0.25413822236089967,R→S
1949,389,T,320380,320230,320429,199,0.333491,798,127.00564458733248,-0.24023323373777622,0.0726632729631454,-0.2378590908839148,0.07846397683879772,S→T
1950,390,P,320780,320750,320813,63,0.18063600000000002,822,130.82536322153797,0.038682237597385656,0.00021870158850521816,0.27891547133516187,-0.07244457137464018,T→P
1951,390,Q,320881,320867,320890,23,-0.203868,822,130.82536322153797,-0.015797399838532445,-0.015019998617480445,-0.054479637435918105,-0.015238700205985663,P→Q
1952,390,R,320904,320890,320930,40,1.6868370000000001,822,130.82536322153797,0.17238879372106705,0.25956690309333574,0.1881861935595995,0.2745869017108162,Q→R
1953,390,S,320934,320930,320939,9,-0.08730299999999996,822,130.82536322153797,-0.0015446309405025818,-0.0037243949430424447,-0.17393342466156964,-0.2632912980363782,R→S
1954,390,T,321179,321029,321267,238,0.39234600000000003,822,130.82536322153797,-0.2930008978173242,0.09760974866140443,-0.29145626687682163,0.10133414360444687,S→T
1955,391,P,321602,321572,321646,74,0.148767,855,136.0774763435705,0.041898250367548684,0.0014704285615807148,0.3348991481848729,-0.09613932009982372,T→P
1956,391,Q,321707,321685,321715,30,-0.272878,855,136.0774763435705,-0.01672084783732545,-0.015722819922479772,-0.05861909820487413,-0.017193248484060487,P→Q
1957,391,R,321737,321715,321754,39,1.7442689999999998,855,136.0774763435705,0.1670617798328304,0.24464585510830067,0.18378262767015585,0.2603686750307804,Q→R
1958,391,S,321759,321754,321768,14,-0.06642100000000001,855,136.0774763435705,-0.0017149483436183271,-0.003956578658693987,-0.16877672817644873,-0.24860243376699465,R→S
1959,391,T,321998,321848,322087,239,0.4254,855,136.0774763435705,-0.2930244716750314,0.12154206086519055,-0.291309523331413,0.12549863952388454,S→T
1960,392,P,322457,322428,322486,58,0.16125250000000002,800,127.32395447351627,0.03394498925051347,0.00016526398800468807,0.32696946092554485,-0.12137679687718586,T→P
1961,392,Q,322555,322541,322567,26,-0.2598005,800,127.32395447351627,-0.021136680770865585,-0.020417954093920585,-0.05508167002137906,-0.020583218081925272,P→Q
1962,392,R,322580,322567,322604,37,1.6146645,800,127.32395447351627,0.16110622182317838,0.2503475305042783,0.18224290259404397,0.27076548459819894,Q→R
1963,392,S,322609,322604,322617,13,-0.15019049999999998,800,127.32395447351627,-0.0035637558738017576,-0.0091428628369841,-0.16466997769698014,-0.25949039334126245,R→S
1964,392,T,322856,322727,322905,178,0.3155125,800,127.32395447351627,-0.20025157329290671,0.04141236605630871,-0.19668781741910496,0.05055522889329281,S→T
1965,393,P,323257,323228,323284,56,0.1484895,818,130.1887434491704,0.02988425380497587,-8.409446985499161e-05,0.23013582709788258,-0.0414964605261637,T→P
1966,393,Q,323357,323339,323367,28,-0.22850550000000003,818,130.1887434491704,-0.020198250474940782,-0.018980457583025745,-0.05008250427991665,-0.018896363113170753,P→Q
1967,393,R,323380,323367,323405,38,1.6616085,818,130.1887434491704,0.16849001008568365,0.2532416164537009,0.18868826056062443,0.27222207403672666,Q→R
1968,393,S,323410,323405,323416,11,-0.08467650000000002,818,130.1887434491704,-0.0016955301629524248,-0.00406131247854543,-0.17018554024863608,-0.2573029289322463,R→S
1969,393,T,323655,323505,323725,220,0.3932335,818,130.1887434491704,-0.2904297192513659,0.09336436907723347,-0.2887341890884135,0.09742568155577891,S→T
1970,394,P,324075,324030,324122,92,0.178343,858,136.5549411728462,0.05165891800099138,0.00045860378669789896,0.3420886372523573,-0.09290576529053557,T→P
1971,394,Q,324177,324162,324186,24,-0.19806,858,136.5549411728462,-0.015248458175768916,-0.013681548122458016,-0.06690737617676029,-0.014140151909155916,P→Q
1972,394,R,324206,324186,324224,38,1.703077,858,136.5549411728462,0.17439555813040564,0.24191445240100395,0.18964401630617456,0.255596000523462,Q→R
1973,394,S,324228,324224,324234,10,-0.12326,858,136.5549411728462,-0.00260166793860575,-0.005440373231148594,-0.1769972260690114,-0.24735482563215255,R→S
1974,394,T,324474,324324,324724,400,0.449167,858,136.5549411728462,-0.3593696202593452,0.09693461797169582,-0.3567679523207395,0.10237499120284442,S→T
1975,395,P,324933,324890,324961,71,0.159772,879,139.897194977776,0.03266554709942058,-0.0010736169982983846,0.3920351673587658,-0.09800823496999421,T→P
1976,395,Q,325030,325018,325040,22,-0.258396,879,139.897194977776,-0.018224628714981636,-0.01493012382773219,-0.050890175814402215,-0.013856506829433806,P→Q
1977,395,R,325060,325040,325079,39,1.699045,879,139.897194977776,0.17584651337939625,0.22117658053203923,0.19407114209437787,0.2361067043597714,Q→R
1978,395,S,325083,325079,325091,12,-0.150524,879,139.897194977776,-0.003891252061390709,-0.007310618228242093,-0.17973776544078696,-0.2284871987602813,R→S
1979,395,T,325333,325183,325401,218,0.410324,879,139.897194977776,-0.25720632045520764,0.14946329945371917,-0.25331506839381696,0.15677391768196125,S→T
1980,396,P,325812,325770,325839,69,0.15339049999999999,799,127.16479953042438,0.03414179832826027,-0.002015795934586887,0.2913481187834679,-0.15147909538830606,T→P
1981,396,Q,325905,325876,325915,39,-0.30650449999999996,799,127.16479953042438,-0.025503292798388567,-0.021521848261035148,-0.059645091126648835,-0.01950605232644826,P→Q
1982,396,R,325935,325915,325956,41,1.6305895,799,127.16479953042438,0.16995883428501807,0.2405830665927818,0.19546212708340663,0.26210491485381693,Q→R
1983,396,S,325961,325956,325969,13,-0.13019650000000002,799,127.16479953042438,-0.0031251380894712446,-0.007536715334397477,-0.1730839723744893,-0.2481197819271793,R→S
1984,396,T,326211,326062,326259,197,0.3210055,799,127.16479953042438,-0.22491249546561515,0.06472702850831481,-0.2217873573761439,0.0722637438427123,S→T
1985,397,P,326611,326565,326640,75,0.19195600000000002,818,130.1887434491704,0.04886342805199789,-0.002316830984291438,0.27377592351761304,-0.06704385949260624,T→P
1986,397,Q,326705,326696,326715,19,-0.262131,818,130.1887434491704,-0.01644017661127881,-0.014426296720578236,-0.0653036046632767,-0.012109465736286799,P→Q
1987,397,R,326735,326715,326756,41,1.730083,818,130.1887434491704,0.18207659723740918,0.25287785144510444,0.198516773848688,0.26730414816568265,Q→R
1988,397,S,326760,326756,326767,11,-0.099178,818,130.1887434491704,-0.0022392735307454484,-0.005048846739443718,-0.18431587076815464,-0.25792669818454816,R→S
1989,397,T,327010,326860,327260,400,0.42571400000000004,818,130.1887434491704,-0.3557923457677467,0.05724926883642982,-0.3535530722370013,0.06229811557587354,S→T
1990,398,P,327429,327385,327457,72,0.168484,819,130.3478983922623,0.040723760989978736,-0.0021659341330354165,0.3965161067577254,-0.05941520296946524,T→P
1991,398,Q,327523,327512,327532,20,-0.28564,819,130.3478983922623,-0.01888329248581083,-0.01642970527863236,-0.05960705347578957,-0.014263771145596942,P→Q
1992,398,R,327553,327532,327572,40,1.73613,819,130.3478983922623,0.17874729922617721,0.2455240082466249,0.19763059171198805,0.26195371352525726,Q→R
1993,398,S,327578,327572,327586,14,-0.152836,819,130.3478983922623,-0.0038243900465470522,-0.008406875649276167,-0.18257168927272427,-0.25393088389590107,R→S
1994,398,T,327829,327679,327877,198,0.38134100000000004,819,130.3478983922623,-0.26106627388843484,0.0953650661400278,-0.2572418838418878,0.10377194178930396,S→T
1995,399,P,328248,328204,328275,71,0.156868,759,120.79860180674856,0.03756311528518494,-0.002289824669648287,0.2986293891736198,-0.09765489080967608,T→P
1996,399,Q,328341,328330,328351,21,-0.290265,759,120.79860180674856,-0.019681147098884848,-0.019052776285762362,-0.05724426238406979,-0.016762951616114075,P→Q
1997,399,R,328371,328351,328392,41,1.689187,759,120.79860180674856,0.17140894389714387,0.27256617757056656,0.19109009099602872,0.2916189538563289,Q→R
1998,399,S,328397,328392,328405,13,-0.132527,759,120.79860180674856,-0.0029595156155356787,-0.008573534023374598,-0.17436845951267954,-0.28113971159394113,R→S
1999,399,T,328649,328499,328695,196,0.325075,759,120.79860180674856,-0.2450764084677143,0.0313559915428446,-0.24211689285217863,0.039929525566219204,S→T
2000,400,P,329007,328964,329034,70,0.1647105,739,117.61550294491066,0.04202114587374567,-0.002776931039232644,0.28709755434146,-0.034132922582077244,T→P
2001,400,Q,329100,329089,329108,19,-0.2946295,739,117.61550294491066,-0.019671434830181835,-0.019364571801347704,-0.0616925807039275,-0.01658764076211506,P→Q
2002,400,R,329129,329108,329152,44,1.6767204999999998,739,117.61550294491066,0.1748148517837848,0.2878711831304003,0.19448628661396664,0.307235754931748,Q→R
2003,400,S,329156,329152,329162,10,-0.08584149999999999,739,117.61550294491066,-0.001342757491140122,-0.004322410292164473,-0.17615760927492494,-0.29219359342256473,R→S
2004,400,T,329387,329237,329474,237,0.3549655,739,117.61550294491066,-0.30673395710671497,0.033528669772659454,-0.30539119961557487,0.037851080064823926,S→T
2005,401,P,329746,329717,329775,58,0.161825,779,123.98170066858647,0.035094436748632975,0.00015349168466664948,0.34182839385534797,-0.033375178087992806,T→P
2006,401,Q,329847,329830,329856,26,-0.22734000000000001,779,123.98170066858647,-0.019515455768796305,-0.019905679416144215,-0.05460989251742928,-0.020059171100810864,P→Q
2007,401,R,329876,329856,329894,38,1.665104,779,123.98170066858647,0.16223935103184478,0.27428155482116867,0.1817548068006411,0.2941872342373129,Q→R
2008,401,S,329899,329894,329906,12,-0.150801,779,123.98170066858647,-0.0030453644049856774,-0.00871079059426402,-0.16528471543683046,-0.28299234541543267,R→S
2009,401,T,330145,329995,330213,218,0.387408,779,123.98170066858647,-0.28714835170392006,0.05167989899048884,-0.2841029872989344,0.060390689584752855,S→T
2010,402,P,330525,330496,330571,75,0.16587600000000002,818,130.1887434491704,0.03970821568273758,0.0011235488555072896,0.32685656738665764,-0.05055635013498155,T→P
2011,402,Q,330632,330610,330640,30,-0.259246,818,130.1887434491704,-0.020205794531119817,-0.020387056666494954,-0.059914010213857394,-0.021510605522002242,P→Q
2012,402,R,330660,330640,330677,37,1.700488,818,130.1887434491704,0.15946623856969117,0.260610794036676,0.17967203310081098,0.2809978507031709,Q→R
2013,402,S,330682,330677,330689,12,-0.121226,818,130.1887434491704,-0.0024455487360285164,-0.006412451722892336,-0.16191178730571967,-0.2670232457595683,R→S
2014,402,T,330925,330775,330992,217,0.394973,818,130.1887434491704,-0.2901772450022562,0.09050862752903827,-0.2877316962662277,0.09692107925193061,S→T
2015,403,P,331343,331301,331370,69,0.15862549999999997,760,120.95775674984046,0.03856772228726954,-0.002304635231866609,0.32874496728952574,-0.09281326276090487,T→P
2016,403,Q,331436,331426,331446,20,-0.2902835,760,120.95775674984046,-0.01997249482283983,-0.019271938730169087,-0.05854021711010937,-0.01696730349830248,P→Q
2017,403,R,331466,331446,331487,41,1.6451095,760,120.95775674984046,0.16809634049950214,0.266213439083836,0.18806883532234198,0.28548537781400507,Q→R
2018,403,S,331492,331487,331499,12,-0.10642850000000001,760,120.95775674984046,-0.0021256543001863092,-0.0061677802026785175,-0.17022199479968844,-0.2723812192865145,R→S
2019,403,T,331723,331574,331791,217,0.3337865,760,120.95775674984046,-0.2648208424404282,0.04729125041468646,-0.2626951881402419,0.053459030617364976,S→T
2020,404,P,332103,332073,332149,76,0.1745875,802,127.64226435970006,0.04569913994046286,0.0015897759014413906,0.31051998238089107,-0.04570147451324507,T→P
2021,404,Q,332205,332189,332214,25,-0.2006675,802,127.64226435970006,-0.01521735144358725,-0.015200230425530132,-0.060916491384050114,-0.016790006326971522,P→Q
2022,404,R,332228,332214,332253,39,1.6720585,802,127.64226435970006,0.16856611444338404,0.2710184781789262,0.18378346588697128,0.28621870860445636,Q→R
2023,404,S,332257,332253,332262,9,-0.0771485,802,127.64226435970006,-0.001175793428112794,-0.0031059551996560613,-0.16974190787149684,-0.2741244333785823,R→S
2024,404,T,332502,332352,332752,400,0.4239565,802,127.64226435970006,-0.38219091395923677,0.000761794872002087,-0.38101512053112396,0.0038677500716581483,S→T
2025,405,P,332905,332875,332948,73,0.148452,855,136.0774763435705,0.03675402201304881,0.0007375494260967369,0.41894493597228555,-2.4245445905350074e-05,T→P
2026,405,Q,333009,332986,333018,32,-0.284771,855,136.0774763435705,-0.019848870845474605,-0.018203050684677702,-0.056602892858523414,-0.01894060011077444,P→Q
2027,405,R,333039,333018,333055,37,1.712658,855,136.0774763435705,0.16547701811667345,0.23854193728536646,0.18532588896214805,0.2567449879700442,Q→R
2028,405,S,333060,333055,333073,18,-0.09629300000000002,855,136.0774763435705,-0.0032223107813757553,-0.007277442092420535,-0.1686993288980492,-0.245819379377787,R→S
2029,405,T,333301,333153,333367,214,0.371741,855,136.0774763435705,-0.23024431044259092,0.10073765696157899,-0.22702199966121517,0.10801509905399953,S→T
2030,406,P,333760,333716,333785,69,0.1385935,758,120.63944686365667,0.03545505398024152,-0.002970454057465021,0.26569936442283243,-0.10370811101904401,T→P
2031,406,Q,333850,333824,333860,36,-0.3132005,758,120.63944686365667,-0.025724793730178996,-0.02274381109741706,-0.06117984771042052,-0.01977335703995204,P→Q
2032,406,R,333880,333860,333900,40,1.6848215000000002,758,120.63944686365667,0.17621027000870795,0.2642062005377019,0.20193506373888695,0.28695001163511896,Q→R
2033,406,S,333908,333900,333916,16,-0.1316395,758,120.63944686365667,-0.0029470710656826628,-0.0080109694303439,-0.1791573410743906,-0.2722171699680458,R→S
2034,406,T,334139,333991,334206,215,0.3392805,758,120.63944686365667,-0.24781568365501117,0.044533023138782574,-0.24486861258932852,0.05254399256912647,S→T
2035,407,P,334518,334476,334545,69,0.1429585,759,120.79860180674856,0.03115783333453188,-0.0017718971574957239,0.27897351698954304,-0.0463049202962783,T→P
2036,407,Q,334613,334599,334623,24,-0.3100195,759,120.79860180674856,-0.022078229479708215,-0.021639038629866165,-0.05323606281424009,-0.019867141472370443,P→Q
2037,407,R,334638,334623,334664,41,1.6717625,759,120.79860180674856,0.1683602270036935,0.2747754400742167,0.1904384564834017,0.2964144787040829,Q→R
2038,407,S,334667,334664,334675,11,-0.10352450000000002,759,120.79860180674856,-0.0019846318893482037,-0.005939139659448284,-0.17034485889304168,-0.280714579733665,R→S
2039,407,T,334898,334748,334986,238,0.3488605,759,120.79860180674856,-0.29014910211439743,0.0458201043209634,-0.2881644702250492,0.051759243980411686,S→T
2040,408,P,335277,335232,335305,73,0.122372,799,127.16479953042438,0.03558969663062053,-0.0028723154423601883,0.325738798745018,-0.04869241976332359,T→P
2041,408,Q,335367,335357,335377,20,-0.289987,799,127.16479953042438,-0.018861398254846368,-0.016262186073998246,-0.0544510948854669,-0.013389870631638058,P→Q
2042,408,R,335397,335377,335417,40,1.736445,799,127.16479953042438,0.18409709594202317,0.24971431714452816,0.20295849419686954,0.2659765032185264,Q→R
2043,408,S,335424,335417,335431,14,-0.11830299999999999,799,127.16479953042438,-0.003178764253027395,-0.007099337016550508,-0.18727586019505058,-0.25681365416107865,R→S
2044,408,T,335657,335507,335726,219,0.377549,799,127.16479953042438,-0.27785351377871575,0.10092020931512988,-0.2746747495256884,0.10801954633168039,S→T
2045,409,P,336076,336047,336104,57,0.146714,858,136.5549411728462,0.02783746234732066,-0.00034217294685810154,0.3056909761260364,-0.10126238226198798,T→P
2046,409,Q,336173,336158,336185,27,-0.25403000000000003,858,136.5549411728462,-0.02054580916487149,-0.017600845618111278,-0.04838327151219215,-0.017258672671253177,P→Q
2047,409,R,336203,336185,336222,37,1.670893,858,136.5549411728462,0.17223754983350706,0.23062156518252477,0.19278335899837856,0.24822241080063606,Q→R
2048,409,S,336227,336222,336235,13,-0.15951300000000002,858,136.5549411728462,-0.004279533711268344,-0.00864336752683905,-0.1765170835447754,-0.23926493270936383,R→S
2049,409,T,336475,336325,336543,218,0.40596,858,136.5549411728462,-0.26008581662463515,0.12331263708503296,-0.2558062829133668,0.131956004611872,S→T
2050,410,P,336934,336892,336961,69,0.12179899999999999,759,120.79860180674856,0.030669765853358864,-0.0019642761603595976,0.290755582477994,-0.12527691324539256,T→P
2051,410,Q,337026,337016,337036,20,-0.295184,759,120.79860180674856,-0.020447344559797364,-0.01951747208028806,-0.051117110413156225,-0.01755319591992846,P→Q
2052,410,R,337055,337036,337077,41,1.639024,759,120.79860180674856,0.16882951469958213,0.2617869569623938,0.18927685925937948,0.2813044290426818,Q→R
2053,410,S,337084,337077,337091,14,-0.13278600000000002,759,120.79860180674856,-0.0028664608160979877,-0.00816380300598501,-0.1716959755156801,-0.2699507599683788,R→S
2054,410,T,337334,337184,337382,198,0.343349,759,120.79860180674856,-0.2517699428362213,0.034508862466254224,-0.2489034820201233,0.04267266547223923,S→T
2055,411,P,337693,337648,337720,72,0.1284575,779,123.98170066858647,0.0386330683477833,-0.003159610793660076,0.2904030111840046,-0.0376684732599143,T→P
2056,411,Q,337784,337774,337793,19,-0.2972555,779,123.98170066858647,-0.018880073243772534,-0.016923813354253765,-0.057513141591555836,-0.01376420256059369,P→Q
2057,411,R,337814,337793,337836,43,1.7100505,779,123.98170066858647,0.18452391852521985,0.2633860654711987,0.20340399176899238,0.28030987882545244,Q→R
2058,411,S,337842,337836,337846,10,-0.08728450000000001,779,123.98170066858647,-0.0015406330907403508,-0.0038630586494477104,-0.1860645516159602,-0.2672491241206464,R→S
2059,411,T,338073,337923,338162,239,0.3981355,779,123.98170066858647,-0.3314571268763642,0.09804780118973302,-0.3299164937856238,0.10191085983918073,S→T
2060,412,P,338472,338428,338500,72,0.1502095,800,127.32395447351627,0.0378546633026536,-0.0020327034235278823,0.3693117901790178,-0.1000805046132609,T→P
2061,412,Q,338567,338555,338577,22,-0.2668105,800,127.32395447351627,-0.018620724632624222,-0.017046749747245224,-0.05647538793527782,-0.01501404632371734,P→Q
2062,412,R,338597,338577,338616,39,1.7254025,800,127.32395447351627,0.1738233111672975,0.25672427262937453,0.1924440357999217,0.27377102237661977,Q→R
2063,412,S,338621,338616,338630,14,-0.1763265,800,127.32395447351627,-0.0043338133229443,-0.010420802402223449,-0.1781571244902418,-0.26714507503159796,R→S
2064,412,T,338872,338722,338939,217,0.3897385,800,127.32395447351627,-0.2794742065170245,0.07601185711917677,-0.2751403931940802,0.08643265952140022,S→T
2065,413,P,339272,339242,339300,58,0.163268,777,123.66339078240269,0.03407221588062969,-7.96769594653177e-06,0.3135464223976542,-0.0760198248151233,T→P
2066,413,Q,339375,339354,339384,30,-0.233443,777,123.66339078240269,-0.021061124619359647,-0.022067010327527545,-0.05513334049998934,-0.022059042631581014,P→Q
2067,413,R,339404,339384,339421,37,1.652638,777,123.66339078240269,0.15640520078946582,0.2738865712403512,0.17746632540882545,0.29595358156787877,Q→R
2068,413,S,339427,339421,339434,13,-0.10178599999999999,777,123.66339078240269,-0.0018757648925167593,-0.005664455052930407,-0.15828096568198258,-0.2795510262932816,R→S
2069,413,T,339671,339521,339738,217,0.358701,777,123.66339078240269,-0.27903852728796663,0.04379712443175606,-0.27716276239544985,0.04946157948468647,S→T
2070,414,P,340049,340007,340077,70,0.141202,780,124.14085561167836,0.038403119661219585,-0.0023320164794716435,0.3174416469491862,-0.0461291409112277,T→P
2071,414,Q,340142,340132,340151,19,-0.279259,780,124.14085561167836,-0.018218167802069637,-0.016860467062980385,-0.05662128746328922,-0.014528450583508741,P→Q
2072,414,R,340173,340151,340195,44,1.676998,780,124.14085561167836,0.1768928287171798,0.26444732202965915,0.19511099651924943,0.28130778909263954,Q→R
2073,414,S,340198,340195,340204,9,-0.085564,780,124.14085561167836,-0.0014767503438539672,-0.0038944183944992325,-0.17836957906103376,-0.26834174042415837,R→S
2074,414,T,340429,340279,340679,400,0.387131,780,124.14085561167836,-0.35266101022480373,0.005099664478148733,-0.35118425988094976,0.008994082872647965,S→T
2075,415,P,340829,340801,340876,75,0.1580335,821,130.66620827844608,0.038856023754643684,0.001451129629590194,0.3915170339794474,-0.0036485348485585387,T→P
2076,415,Q,340933,340913,340942,29,-0.2293925,821,130.66620827844608,-0.0188485940454135,-0.018508247960392188,-0.05770461780005719,-0.019959377589982383,P→Q
2077,415,R,340962,340942,340979,37,1.6793275,821,130.66620827844608,0.16279912261257937,0.25619228853136766,0.18164771665799287,0.27470053649175985,Q→R
2078,415,S,340984,340979,340992,13,-0.1348395,821,130.66620827844608,-0.0027986071217453497,-0.00696490006939764,-0.1655977297343247,-0.2631571886007653,R→S
2079,415,T,341228,341078,341296,218,0.38772249999999997,821,130.66620827844608,-0.27621946585583557,0.09294829141694524,-0.2734208587340902,0.09991319148634288,S→T
2080,416,P,341650,341622,341692,70,0.1342655,776,123.50423583931078,0.03616114649829076,0.001067241803230484,0.31238061235412634,-0.09188104961371477,T→P
2081,416,Q,341756,341729,341765,36,-0.29548050000000003,776,123.50423583931078,-0.02187621579000637,-0.02385752952376786,-0.05803736228829713,-0.024924771326998347,P→Q
2082,416,R,341786,341765,341803,38,1.7234055,776,123.50423583931078,0.149884608489913,0.28002498800115744,0.17176082427991937,0.3038825175249253,Q→R
2083,416,S,341809,341803,341821,18,-0.0866925,776,123.50423583931078,-0.0019108070037716016,-0.006873196414221008,-0.1517954154936846,-0.28689818441537845,R→S
2084,416,T,342047,341898,342113,215,0.3506005,776,123.50423583931078,-0.25243351195520786,0.031055428764388014,-0.25052270495143625,0.037928625178609024,S→T
2085,417,P,342426,342400,342472,72,0.14558549999999998,781,124.30001055477027,0.03316080413584443,0.0014369580250884716,0.2855943160910523,-0.029618470739299543,T→P
2086,417,Q,342533,342510,342541,31,-0.2818665,781,124.30001055477027,-0.022188881317268913,-0.024302325895927495,-0.05534968545311334,-0.025739283921015967,P→Q
2087,417,R,342562,342541,342580,39,1.5966675,781,124.30001055477027,0.14697618377301958,0.2694390729402129,0.1691650650902885,0.2937413988361404,Q→R
2088,417,S,342590,342580,342598,18,-0.0342365,781,124.30001055477027,-0.0008702657540259058,-0.003151811814118364,-0.14784644952704548,-0.2725908847543313,R→S
2089,417,T,342825,342675,342893,218,0.35263449999999996,781,124.30001055477027,-0.27127683151421517,0.04759016741087635,-0.2704065657601893,0.05074197922499471,S→T
2090,418,P,343207,343179,343251,72,0.143237,817,130.02958850607848,0.03580445588708421,0.0012220338880779404,0.30708128740129936,-0.04636813352279841,T→P
2091,418,Q,343313,343289,343322,33,-0.286509,817,130.02958850607848,-0.01940016396119129,-0.0196438398195573,-0.0552046198482755,-0.020865873707635242,P→Q
2092,418,R,343343,343322,343360,38,1.728899,817,130.02958850607848,0.1588151175059569,0.2613412556844393,0.17821528146714818,0.2809850955039966,Q→R
2093,418,S,343365,343360,343375,15,-0.071322,817,130.02958850607848,-0.0019361003088602948,-0.005354505853789681,-0.1607512178148172,-0.26669576153822894,R→S
2094,418,T,343604,343454,343713,259,0.422237,817,130.02958850607848,-0.3260106782526163,0.0894318519004125,-0.324074577943756,0.09478635775420219,S→T
2095,419,P,344024,343993,344070,77,0.1754385,858,136.5549411728462,0.04051401287027704,0.001174144034134766,0.3665246911228934,-0.08825770786627773,T→P
2096,419,Q,344128,344109,344136,27,-0.2131345,858,136.5549411728462,-0.0167697307940371,-0.015357287391876511,-0.05728374366431414,-0.016531431426011278,P→Q
2097,419,R,344156,344136,344174,38,1.6990265,858,136.5549411728462,0.1694423322515247,0.2393631722061118,0.1862120630455618,0.25472045959798834,Q→R
2098,419,S,344178,344174,344185,11,-0.1168795,858,136.5549411728462,-0.0024076699451118628,-0.005116440820102657,-0.17185000219663654,-0.24447961302621446,R→S
2099,419,T,344422,344272,344491,219,0.4039435,858,136.5549411728462,-0.26970737628256153,0.1346209817392935,-0.26729970633744965,0.13973742255939614,S→T
2100,420,P,344882,344853,344910,57,0.1661535,798,127.00564458733248,0.03463976470028166,0.00011403911597247667,0.3043471409828432,-0.13450694262332102,T→P
2101,420,Q,344980,344967,344992,25,-0.22996650000000002,798,127.00564458733248,-0.019567689023588537,-0.01917154990265472,-0.0542074537238702,-0.0192855890186272,P→Q
2102,420,R,345005,344992,345031,39,1.6352505000000002,798,127.00564458733248,0.16038069924680753,0.2535766598501023,0.17994838827039608,0.27274820975275704,Q→R
2103,420,S,345036,345031,345041,10,-0.0745225,798,127.00564458733248,-0.0015002000545820838,-0.003977079886085714,-0.16188089930138963,-0.257553739736188,R→S
2104,420,T,345281,345131,345349,218,0.3488615,798,127.00564458733248,-0.2617191398373653,0.07059235904501894,-0.2602189397827832,0.07456943893110465,S→T
2105,421,P,345680,345636,345708,72,0.1444385,822,130.82536322153797,0.04119034721210573,-0.0027441472827232373,0.302909487049471,-0.07333650632774218,T→P
2106,421,Q,345771,345763,345780,17,-0.26910449999999997,822,130.82536322153797,-0.01611278672858725,-0.013543054135711035,-0.05730313394069298,-0.010798906852987797,P→Q
2107,421,R,345801,345780,345822,42,1.7625435,822,130.82536322153797,0.18869911071429651,0.2458831391488814,0.20481189744288375,0.25942619328459243,Q→R
2108,421,S,345829,345822,345833,11,-0.07596449999999999,822,130.82536322153797,-0.0015854781320231487,-0.0033232092430341867,-0.19028458884631966,-0.2492063483919156,R→S
2109,421,T,346060,345910,346148,238,0.40423950000000003,822,130.82536322153797,-0.29752368331914025,0.14012518857582057,-0.2959382051871171,0.14344839781885477,S→T
2110,422,P,346502,346473,346532,59,0.1583485,839,133.53099725410019,0.03332151987124144,3.5536599836151405e-06,0.3308452031903817,-0.14012163491583696,T→P
2111,422,Q,346605,346584,346614,30,-0.24472649999999996,839,133.53099725410019,-0.020166192158192976,-0.018709436444588712,-0.05348771202943442,-0.01871299010457233,P→Q
2112,422,R,346634,346614,346651,37,1.6894825,839,133.53099725410019,0.16624725788555028,0.2445595122131684,0.18641345004374327,0.26326894865775713,Q→R
2113,422,S,346656,346651,346663,12,-0.12353750000000001,839,133.53099725410019,-0.002636935803947296,-0.0059457731189880335,-0.16888419368949759,-0.25050528533215644,R→S
2114,422,T,346899,346749,346966,217,0.39902350000000003,839,133.53099725410019,-0.26500454402509005,0.1119365328223824,-0.26236760822114275,0.11788230594137043,S→T
2115,423,P,347341,347312,347384,72,0.13975900000000002,756,120.32113697747288,0.03676281775514608,0.000831327620168422,0.3017673617802361,-0.11110520520221398,T→P
2116,423,Q,347443,347424,347452,28,-0.244745,756,120.32113697747288,-0.019850393701070182,-0.021679292260636925,-0.05661321145621626,-0.022510619880805348,P→Q
2117,423,R,347473,347452,347492,40,1.586809,756,120.32113697747288,0.15160953293776858,0.28011759347380566,0.17145992663883874,0.3017968857344426,Q→R
2118,423,S,347495,347492,347502,10,-0.04291199999999999,756,120.32113697747288,-0.0005692631896461646,-0.0019319137773461277,-0.15217879612741475,-0.2820495072511518,R→S
2119,423,T,347740,347590,347805,215,0.3474,756,120.32113697747288,-0.28106747383320807,0.021289422689107648,-0.2804982106435619,0.023221336466453777,S→T
2120,424,P,348097,348067,348144,77,0.1618255,799,127.16479953042438,0.04143929568027528,0.0014202784910749854,0.32250676951348334,-0.01986914419803266,T→P
2121,424,Q,348199,348182,348209,27,-0.22560049999999998,799,127.16479953042438,-0.01828395104725411,-0.018482758304948915,-0.05972324672752939,-0.019903036796023902,P→Q
2122,424,R,348229,348209,348246,37,1.6691734999999999,799,127.16479953042438,0.162862374501755,0.267083529193709,0.1811463255490091,0.28556628749865787,Q→R
2123,424,S,348251,348246,348258,12,-0.11946849999999999,799,127.16479953042438,-0.002435586223204618,-0.006567637426286475,-0.16529796072495961,-0.27365116661999545,R→S
2124,424,T,348496,348346,348564,218,0.3908855,799,127.16479953042438,-0.2939928764881528,0.07777158532163693,-0.2915572902649482,0.08433922274792341,S→T
2125,425,P,348896,348867,348929,62,0.1603455,818,130.1887434491704,0.03574348063758135,0.00029464749390783844,0.3297363571257342,-0.07747693782772909,T→P
2126,425,Q,349000,348979,349009,30,-0.23751250000000002,818,130.1887434491704,-0.02041719104135869,-0.020060757143938856,-0.05616067167894004,-0.020355404637846693,P→Q
2127,425,R,349029,349009,349046,37,1.6810475,818,130.1887434491704,0.1617517342128101,0.2563983581227567,0.1821689252541688,0.27645911526669553,Q→R
2128,425,S,349051,349046,349059,13,-0.1383355,818,130.1887434491704,-0.002887664084484919,-0.007271203188532286,-0.16463939829729504,-0.263669561311289,R→S
2129,425,T,349295,349145,349362,217,0.3958415,818,130.1887434491704,-0.27328316613621345,0.08497514751223967,-0.2703955020517285,0.09224635070077196,S→T
2130,426,P,349714,349671,349742,71,0.156295,739,117.61550294491066,0.04390269643629506,-0.0021139502069864495,0.3171858625725085,-0.08708909771922611,T→P
2131,426,Q,349807,349798,349817,19,-0.276373,739,117.61550294491066,-0.018051954913328137,-0.0182716235061558,-0.0619546513496232,-0.01615767329916935,P→Q
2132,426,R,349837,349817,349859,42,1.650326,739,117.61550294491066,0.1678778072459958,0.2848977330611063,0.18592976215932394,0.30316935656726207,Q→R
2133,426,S,349863,349859,349870,11,-0.08497199999999999,739,117.61550294491066,-0.0013208322754932568,-0.004321503653742045,-0.16919863952148906,-0.28921923671484834,R→S
2134,426,T,350094,349944,350181,237,0.358128,739,117.61550294491066,-0.32246659248407683,0.03707206890136571,-0.3211457602085836,0.041393572555107755,S→T
2135,427,P,350453,350410,350480,70,0.14993199999999998,803,127.80141930279196,0.03698383484550601,-0.0021949745526240005,0.3594504273295828,-0.03926704345398971,T→P
2136,427,Q,350547,350535,350557,22,-0.294352,803,127.80141930279196,-0.020291351637862436,-0.018149461325252855,-0.05727518648336845,-0.015954486772628854,P→Q
2137,427,R,350577,350557,350596,39,1.694976,803,127.80141930279196,0.17419531704270957,0.2482238777747923,0.19448666868057202,0.2663733391000451,Q→R
2138,427,S,350602,350596,350610,14,-0.14819300000000002,803,127.80141930279196,-0.003639220886418631,-0.008574928833348509,-0.1778345379291282,-0.2567988066081408,R→S
2139,427,T,350833,350683,350899,216,0.330864,803,127.80141930279196,-0.21903305379026514,0.07941833420033424,-0.2153938329038465,0.08799326303368275,S→T
2140,428,P,351256,351227,351300,73,0.14817550000000002,835,132.89437748173262,0.04315569517743479,0.0023298360151337103,0.26218874896769995,-0.07708849818520053,T→P
2141,428,Q,351361,351353,351370,17,-0.2508665,835,132.89437748173262,-0.013188280446333763,-0.013475994828428364,-0.056343975623768555,-0.015805830843562074,P→Q
2142,428,R,351392,351370,351411,41,1.7767495,835,132.89437748173262,0.1639561571664936,0.2587238349807287,0.17714443761282736,0.2721998298091571,Q→R
2143,428,S,351414,351411,351423,12,-0.058318499999999995,835,132.89437748173262,-0.0012660576790255581,-0.0033151608376027057,-0.16522221484551913,-0.2620389958183314,R→S
2144,428,T,351652,351502,351739,237,0.4259915,835,132.89437748173262,-0.3096810215988202,0.11621934050445937,-0.30841496391979467,0.11953450134206207,S→T
2145,429,P,352091,352061,352118,57,0.147916,739,117.61550294491066,0.02995809772675491,-0.0005138168798494207,0.3396391193255751,-0.11673315738430878,T→P
2146,429,Q,352187,352172,352198,26,-0.268513,739,117.61550294491066,-0.02085408714066263,-0.022005760253603523,-0.05081218486741754,-0.021491943373754104,P→Q
2147,429,R,352212,352198,352237,39,1.619862,739,117.61550294491066,0.1552576015000565,0.28022733946679945,0.17611168864071913,0.30223309972040296,Q→R
2148,429,S,352242,352237,352249,12,-0.12120699999999998,739,117.61550294491066,-0.0024047625008865978,-0.00832095542741622,-0.15766236400094308,-0.2885482948942157,R→S
2149,429,T,352490,352340,352538,198,0.315494,739,117.61550294491066,-0.24946836408266304,0.013769874874375043,-0.24706360158177645,0.022090830301791264,S→T
2150,430,P,352830,352801,352877,76,0.1612155,762,121.27606663602425,0.04828813712328061,0.0025699573606893086,0.29775650120594366,-0.011199917513685733,T→P
2151,430,Q,352937,352916,352945,29,-0.2534375,762,121.27606663602425,-0.016651212608274218,-0.019289992005826442,-0.06493934973155482,-0.021859949366515752,P→Q
2152,430,R,352966,352945,352985,40,1.6593155,762,121.27606663602425,0.14963803267854103,0.2947141643044132,0.16628924528681524,0.31400415631023965,Q→R
2153,430,S,352993,352985,352996,11,-0.01564750000000001,762,121.27606663602425,-0.0002263165214857086,-0.0008895225930177116,-0.14986434920002675,-0.29560368689743094,R→S
2154,430,T,353229,353079,353479,400,0.3995975,762,121.27606663602425,-0.3582830009669988,-0.0379075983227668,-0.3580566844455131,-0.03701807572974909,S→T
2155,431,P,353592,353563,353635,72,0.143236,855,136.0774763435705,0.03888398758611471,0.0014540402805315405,0.3971669885531135,0.03936163860329834,T→P
2156,431,Q,353698,353674,353707,33,-0.291726,855,136.0774763435705,-0.019810255802940355,-0.018755917192851208,-0.05869424338905506,-0.020209957473382747,P→Q
2157,431,R,353728,353707,353745,38,1.706259,855,136.0774763435705,0.15876492862269775,0.2386696655288301,0.1785751844256381,0.2574255827216813,Q→R
2158,431,S,353751,353746,353761,15,-0.08815399999999998,855,136.0774763435705,-0.0024531890044846554,-0.00599898861314238,-0.1612181176271824,-0.24466865414197247,R→S
2159,431,T,353988,353838,354056,218,0.390311,855,136.0774763435705,-0.25723081486897775,0.11583052268472661,-0.2547776258644931,0.121829511297869,S→T
2160,432,P,354447,354403,354473,70,0.12237199999999998,799,127.16479953042438,0.029873710976363963,-0.0020161909256793463,0.28710452584534174,-0.11784671361040595,T→P
2161,432,Q,354539,354511,354548,37,-0.310851,799,127.16479953042438,-0.026190459077008815,-0.021739105554827658,-0.056064170053372775,-0.01972291462914831,P→Q
2162,432,R,354569,354548,354589,41,1.624504,799,127.16479953042438,0.1716046934619432,0.2378933868182635,0.19779515253895202,0.25963249237309116,Q→R
2163,432,S,354596,354589,354603,14,-0.12818000000000002,799,127.16479953042438,-0.003341120298849732,-0.007854731369248415,-0.17494581376079293,-0.2457481181875119,R→S
2164,432,T,354827,354677,354895,218,0.328829,799,127.16479953042438,-0.23862848258613148,0.0762148532654566,-0.23528736228728175,0.08406958463470501,S→T
2165,433,P,355246,355216,355280,64,0.160068,763,121.43522157911615,0.038533778703990405,0.0002298755612734699,0.2771622612901219,-0.07598497770418312,T→P
2166,433,Q,355349,355333,355359,26,-0.220403,763,121.43522157911615,-0.017302975202896573,-0.019213008980713035,-0.05583675390688698,-0.019442884541986505,P→Q
2167,433,R,355372,355359,355397,38,1.622766,763,121.43522157911615,0.15287433754892935,0.28432367699438926,0.1701773127518259,0.3035366859751023,Q→R
2168,433,S,355401,355397,355408,11,-0.08526800000000001,763,121.43522157911615,-0.0012673535941902481,-0.004242330745261831,-0.1541416911431196,-0.2885660077396511,R→S
2169,433,T,355645,355495,355713,218,0.35842399999999996,763,121.43522157911615,-0.29402430075599195,0.03914382026250236,-0.29275694716180173,0.0433861510077642,S→T
2170,434,P,356009,355979,356051,72,0.147897,774,123.185925953127,0.0383300827273815,0.0007096579944386266,0.33235438348337343,-0.03843416226806374,T→P
2171,434,Q,356113,356089,356122,33,-0.296387,774,123.185925953127,-0.02151192040650269,-0.023098229695262495,-0.059842003133884186,-0.023807887689701122,P→Q
2172,434,R,356143,356122,356161,39,1.648291,774,123.185925953127,0.15090606977592483,0.2742574336087553,0.1724179901824275,0.2973556633040178,Q→R
2173,434,S,356170,356161,356176,15,-0.065552,774,123.185925953127,-0.001530949009072858,-0.00536307529923416,-0.15243701878499769,-0.2796205089079895,R→S
2174,434,T,356404,356254,356472,218,0.35783200000000004,774,123.185925953127,-0.2751451287739081,0.041708931853317095,-0.27361417976483526,0.047072007152551255,S→T
2175,435,P,356783,356739,356812,73,0.1435505,879,139.897194977776,0.0391133255066551,-0.0022597648267138363,0.3142584542805632,-0.04396869668003093,T→P
2176,435,Q,356875,356866,356883,17,-0.25430749999999996,879,139.897194977776,-0.01496675535781785,-0.011524963673547712,-0.05408008086447295,-0.009265198846833876,P→Q
2177,435,R,356904,356883,356925,42,1.7645785,879,139.897194977776,0.18870481283113794,0.2194804347841309,0.2036715681889558,0.23100539845767862,Q→R
2178,435,S,356931,356925,356936,11,-0.0959775,879,139.897194977776,-0.0023998113525402313,-0.0041961760332918,-0.19110462418367816,-0.2236766108174227,R→S
2179,435,T,357163,357013,357413,400,0.4376075,879,139.897194977776,-0.35325061113801776,0.1367929009146102,-0.3508507997854775,0.140989076947902,S→T
2180,436,P,357662,357619,357687,68,0.11687850000000001,782,124.45916549786216,0.03160491046017753,-0.0030583450215712223,0.3848555215981953,-0.13985124593618142,T→P
2181,436,Q,357751,357724,357761,37,-0.30535749999999995,782,124.45916549786216,-0.02556341303982712,-0.021256597136472297,-0.05716832350000465,-0.018198252114901076,P→Q
2182,436,R,357782,357761,357799,38,1.6555235,782,124.45916549786216,0.17725882685631555,0.24433060610243437,0.20282223989614268,0.26558720323890667,Q→R
2183,436,S,357809,357799,357818,19,-0.1133645,782,124.45916549786216,-0.003940917304428953,-0.009289078069920794,-0.1811997441607445,-0.25361968417235514,R→S
2184,436,T,358045,357934,358107,173,0.3030265,782,124.45916549786216,-0.191650249298803,0.04048631766808223,-0.18770933199437406,0.04977539573800302,S→T
2185,437,P,358444,358415,358474,59,0.140351,776,123.50423583931078,0.0317702802392683,6.566263403740738e-05,0.2234205295380713,-0.04042065503404482,T→P
2186,437,Q,358548,358527,358556,29,-0.24415299999999998,776,123.50423583931078,-0.018457996025476552,-0.01958266810986354,-0.05022827626474485,-0.019648330743900946,P→Q
2187,437,R,358577,358556,358597,41,1.618733,776,123.50423583931078,0.1569899935797949,0.27730212207305543,0.17544798960527144,0.29688479018291897,Q→R
2188,437,S,358598,358597,358606,9,-0.011579000000000006,776,123.50423583931078,-0.0001754845020943826,-0.0005645307972827453,-0.15716547808188927,-0.2778666528703382,R→S
2189,437,T,358841,358691,358929,238,0.376402,776,123.50423583931078,-0.3226582019181413,0.055993490055447535,-0.32248271741604695,0.05655802085273028,S→T
2190,438,P,359220,359175,359268,93,0.1679105,859,136.7140961159381,0.04802277826728855,-0.0007964306893183909,0.3706809801854299,-0.05678992074476592,T→P
2191,438,Q,359316,359306,359325,19,-0.23342450000000003,859,136.7140961159381,-0.014548904871789928,-0.012074116658680542,-0.06257168313907847,-0.01127768596936215,P→Q
2192,438,R,359345,359325,359366,41,1.7181705,859,136.7140961159381,0.1819061625184398,0.23436013694326935,0.19645506739022972,0.2464342536019499,Q→R
2193,438,S,359369,359366,359376,10,-0.11512150000000002,859,136.7140961159381,-0.00252742178409756,-0.004953286135886005,-0.18443358430253737,-0.23931342307915535,R→S
2194,438,T,359619,359469,359869,400,0.4178715,859,136.7140961159381,-0.34281426120070896,0.09276443757020796,-0.3402868394166114,0.09771772370609397,S→T
2195,439,P,360079,360034,360107,73,0.1771775,838,133.3718423110083,0.04231961898843527,-0.0016760563620544743,0.38513388018914424,-0.09444049393226243,T→P
2196,439,Q,360173,360163,360182,19,-0.23806750000000004,838,133.3718423110083,-0.014874534776358271,-0.012491358719473034,-0.05719415376479354,-0.01081530235741856,P→Q
2197,439,R,360202,360182,360223,41,1.7512235,838,133.3718423110083,0.18410645618257093,0.24133615487309812,0.1989809909589292,0.25382751359257116,Q→R
2198,439,S,360227,360223,360233,10,-0.1162875,838,133.3718423110083,-0.002579762675018393,-0.005224415049015496,-0.18668621885758932,-0.24656056992211361,R→S
2199,439,T,360478,360328,360567,239,0.4393085,838,133.3718423110083,-0.324302126069458,0.13799293247080302,-0.3217223633944396,0.14321734751981852,S→T
2200,440,P,360917,360873,360943,70,0.1293085,759,120.79860180674856,0.036335559828963346,-0.003090075585906374,0.3606376858984214,-0.1410830080567094,T→P
2201,440,Q,361008,360981,361018,37,-0.2946295,759,120.79860180674856,-0.024883836094990334,-0.02217253151324833,-0.06121939592395368,-0.01908245592734196,P→Q
2202,440,R,361038,361018,361060,42,1.6314415,759,120.79860180674856,0.17073473301363162,0.26054788653458016,0.19561856910862196,0.2827204180478285,Q→R
2203,440,S,361066,361060,361072,12,-0.10615050000000001,759,120.79860180674856,-0.0019841337330051088,-0.005571776944316805,-0.17271886674663672,-0.266119663478897,R→S
2204,440,T,361297,361147,361365,218,0.33461949999999996,759,120.79860180674856,-0.2658253188836927,0.04688550916915825,-0.2638411851506876,0.052457286113475055,S→T
2205,441,P,361676,361633,361703,70,0.1449935,779,123.98170066858647,0.04011292214432689,-0.002724343001039949,0.3059382410280196,-0.0496098521701982,T→P
2206,441,Q,361768,361757,361777,20,-0.29229849999999996,779,123.98170066858647,-0.019590866782236562,-0.017819376927301196,-0.05970378892656346,-0.015095033926261246,P→Q
2207,441,R,361796,361777,361819,42,1.6906295,779,123.98170066858647,0.1795994171268651,0.263275537330613,0.19919028390910168,0.28109491425791416,Q→R
2208,441,S,361825,361819,361831,12,-0.1061505,779,123.98170066858647,-0.002259340147756177,-0.005796197892139907,-0.18185875727462128,-0.2690717352227529,R→S
2209,441,T,362056,361906,362143,237,0.3706135,779,123.98170066858647,-0.297432319117687,0.08569412599485374,-0.29517297896993083,0.09149032388699364,S→T
2210,442,P,362455,362411,362483,72,0.17077799999999999,839,133.53099725410019,0.0411103043486527,-0.0018535316075723345,0.33854262346633973,-0.08754765760242607,T→P
2211,442,Q,362552,362540,362563,23,-0.25723,839,133.53099725410019,-0.018365806885354573,-0.016151523705480345,-0.05947611123400727,-0.01429799209790801,P→Q
2212,442,R,362582,362563,362601,38,1.682787,839,133.53099725410019,0.17230088378635464,0.23823582824931816,0.19066669067170922,0.2543873519547985,Q→R
2213,442,S,362605,362601,362614,13,-0.171406,839,133.53099725410019,-0.004440381828880074,-0.009485213974915653,-0.1767412656152347,-0.2477210422242338,R→S
2214,442,T,362854,362704,362903,199,0.374349,839,133.53099725410019,-0.23759072582235743,0.10466681411627131,-0.23315034399347737,0.11415202809118696,S→T
2215,443,P,363294,363264,363341,77,0.178324,898,142.92113889652202,0.04122141042691097,0.0011906995418824535,0.2788121362492684,-0.10347611457438885,T→P
2216,443,Q,363396,363380,363406,26,-0.20444099999999998,898,142.92113889652202,-0.016577827340990395,-0.01419419027087726,-0.05779923776790137,-0.015384889812759714,P→Q
2217,443,R,363426,363406,363444,38,1.688595,898,142.92113889652202,0.17016152106867324,0.22040363004371627,0.18673934840966364,0.23459782031459353,Q→R
2218,443,S,363449,363444,363455,11,-0.11861699999999999,898,142.92113889652202,-0.0025665422436532987,-0.004832337847894876,-0.17272806331232654,-0.22523596789161116,R→S
2219,443,T,363693,363543,363761,218,0.391181,898,142.92113889652202,-0.23847269833419532,0.15248689235066895,-0.23590615609054202,0.15731923019856384,S→T
2220,444,P,364192,364148,364218,70,0.14357,820,130.5070533353542,0.03439276947364224,-0.0025616538357826775,0.27286546780783755,-0.15504854618645164,T→P
2221,444,Q,364284,364254,364294,40,-0.321579,820,130.5070533353542,-0.0272927824195685,-0.021792441618583108,-0.06168555189321074,-0.01923078778280043,P→Q
2222,444,R,364313,364294,364334,40,1.609153,820,130.5070533353542,0.17179804490906522,0.22494684274771234,0.19909082732863373,0.24673928436629544,Q→R
2223,444,S,364341,364334,364348,14,-0.112199,820,130.5070533353542,-0.0027330128238689452,-0.005930785369798946,-0.17453105773293418,-0.23087762811751128,R→S
2224,444,T,364591,364442,364639,197,0.29783000000000004,820,130.5070533353542,-0.19595009595687998,0.07248197682606998,-0.19321708313301103,0.07841276219586893,S→T
2225,445,P,365012,364985,365058,73,0.1421075,878,139.7380400346841,0.036795306372381834,0.001836430358857208,0.23274540232926183,-0.07064554646721277,T→P
2226,445,Q,365120,365097,365128,31,-0.2882305,878,139.7380400346841,-0.018361460340516986,-0.017137481986239916,-0.05515676671289882,-0.018973912345097124,P→Q
2227,445,R,365149,365128,365167,39,1.6935145,878,139.7380400346841,0.15998690061909535,0.23059333665417803,0.17834836095961232,0.24773081864041793,Q→R
2228,445,S,365176,365167,365183,16,-0.0678635,878,139.7380400346841,-0.0019794552121572013,-0.004562896592849039,-0.16196635583125255,-0.23515623324702706,R→S
2229,445,T,365411,365261,365479,218,0.3851135,878,139.7380400346841,-0.24870430686231712,0.12844146957138936,-0.24672485165015992,0.13300436616423839,S→T
2230,446,P,365890,365863,365925,62,0.167022,898,142.92113889652202,0.03216722228970228,0.0004969608993668156,0.2808715291520194,-0.12794450867202253,T→P
2231,446,Q,365995,365974,366004,30,-0.237236,898,142.92113889652202,-0.018752109638935335,-0.01626737028073868,-0.05091933192863761,-0.016764331180105493,P→Q
2232,446,R,366024,366004,366041,37,1.666824,898,142.92113889652202,0.16582691663816637,0.21905455534605062,0.1845790262771017,0.2353219256267893,Q→R
2233,446,S,366046,366041,366054,13,-0.122965,898,142.92113889652202,-0.0027576751992962572,-0.005339530548323502,-0.16858459183746263,-0.22439408589437412,R→S
2234,446,T,366289,366139,366376,237,0.414653,898,142.92113889652202,-0.25549496292857377,0.14977664731643775,-0.2527372877292775,0.15511617786476126,S→T
2235,447,P,366788,366745,366816,71,0.17081449999999998,819,130.3478983922623,0.039100823095419034,-0.0011275360137975,0.2945957860239928,-0.15090418333023525,T→P
2236,447,Q,366885,366870,366896,26,-0.2641475,819,130.3478983922623,-0.019814201207735867,-0.018103046691248216,-0.0589150243031549,-0.016975510677450716,P→Q
2237,447,R,366909,366896,366934,38,1.6201575,819,130.3478983922623,0.16456333475867968,0.2391849508963463,0.18437753596641554,0.2572879975875945,Q→R
2238,447,S,366940,366934,366947,13,-0.12438850000000001,819,130.3478983922623,-0.0033976211696825475,-0.00797232487612469,-0.16796095592836222,-0.24715727577247099,R→S
2239,447,T,367188,367038,367237,199,0.3500445,819,130.3478983922623,-0.23077114050957198,0.07775697045957145,-0.22737351933988945,0.08572929533569613,S→T
2240,448,P,367607,367563,367636,73,0.17431,839,133.53099725410019,0.041505883184319574,-0.0007692751346506975,0.27227702369389156,-0.07852624559422214,T→P
2241,448,Q,367704,367693,367717,24,-0.212561,839,133.53099725410019,-0.017075763987935474,-0.01546979716662125,-0.058581647172255044,-0.014700522031970552,P→Q
2242,448,R,367730,367717,367756,39,1.692682,839,133.53099725410019,0.17124497390311885,0.2431593667545503,0.18832073789105433,0.2586291639211715,Q→R
2243,448,S,367761,367756,367766,10,-0.06059500000000001,839,133.53099725410019,-0.001192423844590154,-0.002672495100587857,-0.172437397747709,-0.24583186185513817,R→S
2244,448,T,368006,367856,368094,238,0.386575,839,133.53099725410019,-0.2863102058136452,0.11788393561332977,-0.285117781969055,0.12055643071391763,S→T
2245,449,P,368446,368403,368475,72,0.16877999999999999,881,140.2155048639598,0.036810457685369544,-0.0008992494057065633,0.32312066349901475,-0.11878318501903633,T→P
2246,449,Q,368543,368509,368556,47,-0.237772,881,140.2155048639598,-0.02550222550386412,-0.020014855954497528,-0.062312683189233664,-0.019115606548790964,P→Q
2247,449,R,368575,368556,368593,37,1.642501,881,140.2155048639598,0.1700132638255421,0.21954693819256532,0.1955154893294062,0.23956179414706286,Q→R
2248,449,S,368598,368593,368605,12,-0.161826,881,140.2155048639598,-0.004350406628726342,-0.008304361147527214,-0.17436367045426845,-0.22785129934009254,R→S
2249,449,T,368845,368695,368898,203,0.378159,881,140.2155048639598,-0.2133609086695908,0.12339114822118823,-0.20901050204086444,0.13169550936871544,S→T
2250,450,P,369327,369298,369371,73,0.14787899999999998,899,143.08029383961392,0.03726996886895948,0.0014681575786038206,0.2506308775385503,-0.12192299064258441,T→P
2251,450,Q,369433,369409,369442,33,-0.29463,899,143.08029383961392,-0.020067370606654096,-0.017651801303196168,-0.05733733947561358,-0.019119958881799987,P→Q
2252,450,R,369463,369442,369480,38,1.707424,899,143.08029383961392,0.16237776446364208,0.2189369654227664,0.18244513507029617,0.23658876672596255,Q→R
2253,450,S,369489,369480,369498,18,-0.09398000000000001,899,143.08029383961392,-0.0032539312312723475,-0.006741017654573956,-0.16563169569491443,-0.22567798307734036,R→S
2254,450,T,369724,369574,369791,217,0.372907,899,143.08029383961392,-0.2205972210167558,0.13118107197648812,-0.21734328978548345,0.1379220896310621,S→T
2255,451,P,370226,370197,370269,72,0.1699265,818,130.1887434491704,0.040718958695236535,0.0009754361454418583,0.26131617971199234,-0.13020563583104627,T→P
2256,451,Q,370327,370308,370336,28,-0.2354775,818,130.1887434491704,-0.01966507192308986,-0.018541684232081617,-0.060384030618326395,-0.019517120377523477,P→Q
2257,451,R,370349,370336,370374,38,1.6053614999999999,818,130.1887434491704,0.16366597744549047,0.2446966274796925,0.18333104936858033,0.26323831171177414,Q→R
2258,451,S,370378,370374,370386,12,-0.0637935,818,130.1887434491704,-0.0012179989782679383,-0.002895495923873348,-0.1648839764237584,-0.24759212340356584,R→S
2259,451,T,370623,370473,370711,238,0.3868165,818,130.1887434491704,-0.3012363504231128,0.09331835891754495,-0.30001835144484484,0.0962138548414183,S→T
2260,452,P,371044,371014,371089,75,0.15340949999999998,856,136.2366312866624,0.04196973148825234,0.0018273714912487593,0.34320608191136515,-0.09149098742629619,T→P
2261,452,Q,371149,371129,371157,28,-0.2583955,856,136.2366312866624,-0.01589197955866833,-0.014998180882456084,-0.05786171104692067,-0.016825552373704842,P→Q
2262,452,R,371179,371157,371198,41,1.6967145,856,136.2366312866624,0.1683961487932079,0.24507023775645656,0.18428812835187625,0.26006841863891267,Q→R
2263,452,S,371203,371198,371210,12,-0.027559500000000015,856,136.2366312866624,-0.0006211747763823039,-0.0014521709966622762,-0.1690173235695902,-0.24652240875311884,R→S
2264,452,T,371441,371291,371691,400,0.4236795,856,136.2366312866624,-0.3538978154013284,0.08819261168472765,-0.3532766406249461,0.08964478268138992,S→T
2265,453,P,371900,371856,371928,72,0.178935,839,133.53099725410019,0.042509324906776794,-0.0018856900300227024,0.3964071403081052,-0.09007830171475036,T→P
2266,453,Q,371996,371985,372005,20,-0.24911,839,133.53099725410019,-0.016514967836127745,-0.01416062653504999,-0.059024292742904536,-0.012274936505027288,P→Q
2267,453,R,372025,372005,372045,40,1.729787,839,133.53099725410019,0.1792003467063647,0.2402835773628929,0.19571531454249244,0.2544442038979429,Q→R
2268,453,S,372049,372045,372057,12,-0.153409,839,133.53099725410019,-0.0036604116666697434,-0.007636175165540717,-0.18286075837303445,-0.24791975252843362,R→S
2269,453,T,372299,372149,372368,219,0.420757,839,133.53099725410019,-0.29967989910062043,0.1304894227724054,-0.2960194874339507,0.13812559793794613,S→T
2270,454,P,372739,372710,372767,57,0.15226250000000002,798,127.00564458733248,0.034182941408725735,0.0001781793557841863,0.33386284050934617,-0.13031124341662123,T→P
2271,454,Q,372840,372824,372850,26,-0.2264705,798,127.00564458733248,-0.019412678571670935,-0.019325310005528246,-0.05359561998039667,-0.019503489361312434,P→Q
2272,454,R,372863,372850,372888,38,1.6294615000000001,798,127.00564458733248,0.16063658036669082,0.2591862931827375,0.18004925893836177,0.27851160318826573,Q→R
2273,454,S,372893,372888,372899,11,-0.0895965,798,127.00564458733248,-0.0016816173043231002,-0.004514890566421161,-0.1623181976710139,-0.2637011837491587,R→S
2274,454,T,373139,372989,373207,218,0.39179149999999996,798,127.00564458733248,-0.3031376715936254,0.07069844628513305,-0.30145605428930233,0.07521333685155422,S→T
2275,455,P,373537,373493,373565,72,0.1510975,819,130.3478983922623,0.03949773347574972,-0.0023187438408321,0.3426354050693751,-0.07301719012596515,T→P
2276,455,Q,373629,373620,373638,18,-0.2757635,819,130.3478983922623,-0.016874493668292467,-0.014332887528731644,-0.056372227144042185,-0.012014143687899544,P→Q
2277,455,R,373659,373638,373682,44,1.7234055,819,130.3478983922623,0.18891504251984462,0.25073416725113795,0.20578953618813708,0.2650670547798696,Q→R
2278,455,S,373686,373682,373691,9,-0.0675675,819,130.3478983922623,-0.001092912535818571,-0.00240356750469086,-0.19000795505566317,-0.2531377347558288,R→S
2279,455,T,373917,373767,374167,400,0.4201835,819,130.3478983922623,-0.3730653296357864,0.09064071021978554,-0.37197241709996787,0.09304427772447639,S→T
2280,456,P,374356,374329,374384,55,0.1519485,879,139.897194977776,0.025017895122290155,0.00013842475055160627,0.39808322475807656,-0.09050228546923393,T→P
2281,456,Q,374459,374401,374469,68,-0.25230949999999996,879,139.897194977776,-0.03570403178880529,-0.026456132601557204,-0.060721926911095445,-0.02659455735210881,P→Q
2282,456,R,374489,374469,374505,36,1.6500115,879,139.897194977776,0.16262694415974568,0.22105680946431364,0.19833097594855098,0.24751294206587085,Q→R
2283,456,S,374511,374505,374534,29,-0.18387250000000002,879,139.897194977776,-0.005827708595540787,-0.012119356743643611,-0.16845465275528648,-0.23317616620795725,R→S
2284,456,T,374756,374629,374803,174,0.32070950000000004,879,139.897194977776,-0.16305931058782297,0.079626733775414,-0.15723160199228217,0.09174609051905762,S→T
2285,457,P,375235,375207,375263,56,0.1479165,839,133.53099725410019,0.026652421591919946,-0.00017122615790553285,0.1897117321797429,-0.07979795993331953,T→P
2286,457,Q,375335,375296,375346,50,-0.2511255,839,133.53099725410019,-0.028525742800872292,-0.023982809906954183,-0.05517816439279224,-0.02381158374904865,P→Q
2287,457,R,375365,375346,375382,36,1.6343634999999999,839,133.53099725410019,0.16633471040275638,0.2371772968514596,0.19486045320362866,0.2611601067584138,Q→R
2288,457,S,375387,375382,375395,13,-0.16877949999999997,839,133.53099725410019,-0.004502266438204487,-0.009920537620953086,-0.17083697684096086,-0.24709783447241268,R→S
2289,457,T,375634,375487,375682,195,0.3299955,839,133.53099725410019,-0.19849674865549513,0.07349782488029034,-0.19399448221729065,0.08341836250124343,S→T
2290,458,P,376074,376031,376101,70,0.16472900000000001,798,127.00564458733248,0.03407671656969606,-0.0012379089381087953,0.23257346522519118,-0.07473573381839914,T→P
2291,458,Q,376169,376158,376180,22,-0.275486,798,127.00564458733248,-0.019720685901993544,-0.018089463357301307,-0.053797402471689605,-0.016851554419192512,P→Q
2292,458,R,376193,376180,376220,40,1.673224,798,127.00564458733248,0.17254516901531633,0.2557445393433547,0.19226585491730988,0.27383400270065605,Q→R
2293,458,S,376224,376221,376231,10,-0.07132200000000002,798,127.00564458733248,-0.0015042445319332057,-0.003754914914677545,-0.17404941354724954,-0.2594994542580323,R→S
2294,458,T,376473,376323,376562,239,0.372925,798,127.00564458733248,-0.2951071585575053,0.07364866468972428,-0.2936029140255721,0.07740357960440182,S→T
2295,459,P,376872,376825,376920,95,0.19546999999999998,819,130.3478983922623,0.05683178123354227,-0.0013162131585878654,0.35193893979104757,-0.07496487784831214,T→P
2296,459,Q,376966,376957,376975,18,-0.23486800000000002,819,130.3478983922623,-0.014171440270204675,-0.012339665532499254,-0.07100322150374694,-0.01102345237391139,P→Q
2297,459,R,376996,376975,377017,42,1.755015,819,130.3478983922623,0.18637477200298763,0.2569754998306696,0.2005462122731923,0.26931516536316885,Q→R
2298,459,S,377020,377017,377027,10,-0.09277800000000003,819,130.3478983922623,-0.0017613587176306626,-0.0038952000419701367,-0.1881361307206183,-0.2608706998726397,R→S
2299,459,T,377271,377121,377521,400,0.43152199999999996,819,130.3478983922623,-0.39071157104702603,0.03798177641537926,-0.38895021232939536,0.0418769764573494,S→T
2300,460,P,377691,377661,377738,77,0.1791935,858,136.5549411728462,0.04543793248829344,0.0017839517103379263,0.43614950353531945,-0.036197824705041334,T→P
2301,460,Q,377797,377777,377805,28,-0.22155049999999998,858,136.5549411728462,-0.015686805360163904,-0.014768181561374792,-0.061124737848457344,-0.01655213327171272,P→Q
2302,460,R,377825,377805,377843,38,1.7091815000000001,858,136.5549411728462,0.16763324813011554,0.24441832489509763,0.18332005349027944,0.2591865064564724,Q→R
2303,460,S,377847,377843,377854,11,-0.0985855,858,136.5549411728462,-0.0018806269573357589,-0.00417835389508038,-0.1695138750874513,-0.248596678790178,R→S
2304,460,T,378090,377940,378319,379,0.43614549999999996,858,136.5549411728462,-0.34206272646030017,0.0925821216386153,-0.3401820995029644,0.09676047553369568,S→T
2305,461,P,378549,378506,378578,72,0.1711105,799,127.16479953042438,0.038100166832036764,-0.0007724155559795282,0.38016289329233693,-0.09335453719459483,T→P
2306,461,Q,378646,378634,378657,23,-0.24764850000000002,799,127.16479953042438,-0.018141060994358745,-0.01718533742553997,-0.05624122782639551,-0.01641292186956044,P→Q
2307,461,R,378670,378657,378697,40,1.6419104999999998,799,127.16479953042438,0.16655283602056303,0.255437916201802,0.18469389701492178,0.27262325362734197,Q→R
2308,461,S,378701,378697,378708,11,-0.08872750000000001,799,127.16479953042438,-0.001949438280881083,-0.0050192986568063525,-0.16850227430144413,-0.26045721485860834,R→S
2309,461,T,378949,378799,379017,218,0.38163749999999996,799,127.16479953042438,-0.2935963488286951,0.07435147648600214,-0.29164691054781405,0.07937077514280849,S→T
2310,462,P,379348,379305,379376,71,0.162103,819,130.3478983922623,0.03945228972011861,-0.0011473408998693682,0.3330486385488137,-0.07549881738587151,T→P
2311,462,Q,379445,379433,379456,23,-0.234016,819,130.3478983922623,-0.016847561357396807,-0.015299867543579138,-0.05629985107751542,-0.01415252664370977,P→Q
2312,462,R,379472,379456,379496,40,1.696123,819,130.3478983922623,0.1755746535428248,0.2549329216086348,0.19242221490022163,0.27023278915221394,Q→R
2313,462,S,379500,379496,379506,10,-0.086711,819,130.3478983922623,-0.0018465332584142393,-0.004315661129081844,-0.17742118680123906,-0.2592485827377166,R→S
2314,462,T,379747,379597,379836,239,0.391755,819,130.3478983922623,-0.31001030339303876,0.10816065855081616,-0.30816377013462454,0.112476319679898,S→T
2315,463,P,380167,380140,380197,57,0.1548335,862,137.19156094521378,0.03070852137841508,0.0003196136194140716,0.3407188247714538,-0.10784104493140209,T→P
2316,463,Q,380272,380231,380281,50,-0.2586725,862,137.19156094521378,-0.02664576595957871,-0.022779886392100754,-0.05735428733799379,-0.023099500011514826,P→Q
2317,463,R,380300,380281,380317,36,1.6674355,862,137.19156094521378,0.16294457402589463,0.2331313960443804,0.18959033998547334,0.25591128243648115,Q→R
2318,463,S,380323,380317,380332,15,-0.1525395,862,137.19156094521378,-0.0035768699770332402,-0.007734551603272807,-0.16652144400292787,-0.2408659476476532,R→S
2319,463,T,380566,380419,380615,196,0.3503045,862,137.19156094521378,-0.1982116613585139,0.09009923587715152,-0.19463479138148065,0.09783378748042433,S→T
2320,464,P,381029,380999,381072,73,0.167318,837,133.2126873679164,0.04043965930095346,0.0007193584418542203,0.23865132065946737,-0.0893798774352973,T→P
2321,464,Q,381133,381111,381141,30,-0.254326,837,133.2126873679164,-0.0176976743293165,-0.016662401278019028,-0.05813733363026996,-0.017381759719873248,P→Q
2322,464,R,381161,381141,381178,37,1.704261,837,133.2126873679164,0.1675701920220749,0.2478592366868977,0.18526786635139142,0.26452163796491673,Q→R
2323,464,S,381182,381178,381195,17,-0.099474,837,133.2126873679164,-0.0023984553057636694,-0.005538671091476247,-0.16996864732783856,-0.25339790777837395,R→S
2324,464,T,381425,381275,381492,217,0.395231,837,133.2126873679164,-0.27755962289591685,0.11688117235064513,-0.2751611675901532,0.12241984344212138,S→T
2325,465,P,381866,381836,381893,57,0.1423675,777,123.66339078240269,0.03126020641923415,-4.584979688257349e-05,0.308819829315151,-0.1169270221475277,T→P
2326,465,Q,381966,381945,381976,31,-0.2635925,777,123.66339078240269,-0.02396511409116393,-0.024352273006114842,-0.05522532051039808,-0.024306423209232268,P→Q
2327,465,R,381989,381976,382015,39,1.6102805,777,123.66339078240269,0.15637764915240365,0.26249131090931377,0.18034276324356757,0.28684358391542863,Q→R
2328,465,S,382020,382015,382027,12,-0.05772749999999999,777,123.66339078240269,-0.0010138087416604927,-0.002968592606909758,-0.15739145789406414,-0.2654599035162235,R→S
2329,465,T,382263,382113,382331,218,0.3366905,777,123.66339078240269,-0.2559785681265031,0.043783900964147776,-0.2549647593848426,0.046752493571057534,S→T
2330,466,P,382643,382598,382690,92,0.17427299999999998,818,130.1887434491704,0.04800694892040515,0.00030813738158108015,0.30398551704690824,-0.0434757635825667,T→P
2331,466,Q,382745,382729,382754,25,-0.21200600000000003,818,130.1887434491704,-0.016624311282134485,-0.016007145897587564,-0.06463126020253963,-0.016315283279168643,P→Q
2332,466,R,382774,382754,382792,38,1.6868370000000001,818,130.1887434491704,0.17071333204758715,0.26188333614646186,0.18733764332972164,0.2778904820440494,Q→R
2333,466,S,382797,382792,382802,10,-0.09714400000000001,818,130.1887434491704,-0.0016347615326883307,-0.003980895159796287,-0.17234809358027547,-0.26586423130625814,R→S
2334,466,T,383042,382892,383111,219,0.399893,818,130.1887434491704,-0.2956634455923813,0.10264285619300649,-0.29402868405969296,0.10662375135280278,S→T
2335,467,P,383461,383417,383489,72,0.17049999999999998,839,133.53099725410019,0.03831251943724937,-0.0015372919628729154,0.3339759650296307,-0.1041801481558794,T→P
2336,467,Q,383558,383545,383569,24,-0.27200899999999995,839,133.53099725410019,-0.02042029803912607,-0.01795649035105186,-0.058732817476375446,-0.016419198388178943,P→Q
2337,467,R,383587,383569,383606,37,1.683101,839,133.53099725410019,0.1715509738918347,0.23684285123568927,0.19197127193096078,0.2547993415867411,Q→R
2338,467,S,383611,383606,383620,14,-0.184447,839,133.53099725410019,-0.0048262248800834935,-0.010320932022154953,-0.1763771987719182,-0.24716378325784422,R→S
2339,467,T,383860,383711,383927,216,0.386834,839,133.53099725410019,-0.2469764741705512,0.09675712251013446,-0.24215024929046772,0.10707805453228941,S→T
2340,468,P,384300,384257,384328,71,0.168466,781,124.30001055477027,0.03927642640377126,-0.0012825373604938393,0.28625290057432246,-0.0980396598706283,T→P
2341,468,Q,384396,384385,384406,21,-0.268235,781,124.30001055477027,-0.018496106803266327,-0.017682977834742986,-0.05777253320703759,-0.016400440474249146,P→Q
2342,468,R,384425,384406,384445,39,1.6659739999999998,781,124.30001055477027,0.16889489198217514,0.26287148305717634,0.18739099878544146,0.2805544608919193,Q→R
2343,468,S,384449,384445,384457,12,-0.125554,781,124.30001055477027,-0.002772630757155825,-0.007390794923434832,-0.17166752273933097,-0.27026227798061114,R→S
2344,468,T,384699,384549,384767,218,0.36856,781,124.30001055477027,-0.28527788560940465,0.05831679119380229,-0.2825052548522488,0.06570758611723712,S→T
2345,469,P,385081,385051,385127,76,0.161233,816,129.8704335629866,0.051335157739811954,0.002531446200379662,0.3366130433492166,-0.05578534499342263,T→P
2346,469,Q,385187,385165,385195,30,-0.25634199999999996,816,129.8704335629866,-0.014560101885368975,-0.01502660797915586,-0.06589525962518093,-0.017558054179535522,P→Q
2347,469,R,385217,385195,385243,48,1.720187,816,129.8704335629866,0.16408572193440185,0.2718957887426204,0.17864582381977082,0.2869223967217762,Q→R
2348,469,S,385246,385243,385248,5,-0.022029000000000007,816,129.8704335629866,-0.00018113062750160747,-0.0005705090091708359,-0.16426685256190346,-0.2724662977517912,R→S
2349,469,T,385480,385330,385566,236,0.388,816,129.8704335629866,-0.3174211791752185,0.0938790419131081,-0.3172400485477169,0.09444955092227894,S→T
2350,470,P,385897,385854,385925,71,0.16267600000000002,838,133.3718423110083,0.03437094760115771,-0.001604260855380693,0.3517921267763762,-0.09548330276848879,T→P
2351,470,Q,385992,385959,386002,43,-0.294334,838,133.3718423110083,-0.026823417381391434,-0.021319118961673964,-0.06119436498254915,-0.01971485810629327,P→Q
2352,470,R,386021,386002,386040,38,1.679309,838,133.3718423110083,0.1718321973733594,0.229575394987873,0.19865561475475083,0.250894513949547,Q→R
2353,470,S,386046,386040,386055,15,-0.20444099999999998,838,133.3718423110083,-0.005812911901376233,-0.012132893851118874,-0.17764510927473562,-0.24170828883899187,R→S
2354,470,T,386297,386151,386343,192,0.331438,838,133.3718423110083,-0.19124540382385924,0.07726240931980063,-0.185432491922483,0.08939530317091951,S→T
2355,471,P,386735,386690,386763,73,0.1678915,819,130.3478983922623,0.04376860638901656,-0.0027616134475431813,0.2350140102128758,-0.08002402276734381,T→P
2356,471,Q,386828,386800,386837,37,-0.2984035,819,130.3478983922623,-0.023885475348645158,-0.01953668111952709,-0.06765408173766171,-0.016775067671983907,P→Q
2357,471,R,386858,386837,386877,40,1.7216665,819,130.3478983922623,0.17884472193182363,0.23895979278215843,0.2027301972804688,0.2584964739016855,Q→R
2358,471,S,386884,386877,386891,14,-0.1441425,819,130.3478983922623,-0.003905414749232623,-0.008408010327603082,-0.18275013668105625,-0.2473678031097615,R→S
2359,471,T,387116,386966,387202,236,0.3772715,819,130.3478983922623,-0.26846195689936275,0.1084286588937627,-0.26455654215013014,0.11683666922136578,S→T
2360,472,P,387554,387510,387582,72,0.18385400000000002,762,121.27606663602425,0.04584407501225948,-0.0024110913698401058,0.3143060319116222,-0.11083975026360281,T→P
2361,472,Q,387648,387637,387658,21,-0.292281,762,121.27606663602425,-0.01948812766343686,-0.018939017077631466,-0.06533220267569634,-0.01652792570779136,P→Q
2362,472,R,387674,387658,387699,41,1.635528,762,121.27606663602425,0.1670330722661585,0.2665420084425054,0.18652119992959534,0.2854810255201369,Q→R
2363,472,S,387703,387699,387711,12,-0.10321,762,121.27606663602425,-0.002067938347184522,-0.006042105839185172,-0.169101010613343,-0.2725841142816906,R→S
2364,472,T,387954,387804,388021,217,0.350877,762,121.27606663602425,-0.2838763092089301,0.04114862311705525,-0.2818083708617456,0.04719072895624042,S→T
2365,473,P,388316,388285,388361,76,0.1545745,816,129.8704335629866,0.04357906909807758,0.0012799807633151969,0.32745537830700766,-0.039868642353740054,T→P
2366,473,Q,388421,388400,388429,29,-0.26414750000000004,816,129.8704335629866,-0.016920684960063048,-0.016981303136424007,-0.06049975405814063,-0.018261283899739203,P→Q
2367,473,R,388450,388429,388468,39,1.6996185000000001,816,129.8704335629866,0.16431289665788343,0.26326294053953103,0.18123358161794648,0.280244243675955,Q→R
2368,473,S,388472,388468,388483,15,-0.04551949999999999,816,129.8704335629866,-0.0011799969401748763,-0.003219668079868644,-0.1654928935980583,-0.26648260861939965,R→S
2369,473,T,388713,388563,388780,217,0.3743865,816,129.8704335629866,-0.26604698709586305,0.08664702594037371,-0.26486699015568815,0.08986669402024236,S→T
2370,474,P,389132,389086,389160,74,0.18182,819,130.3478983922623,0.04698709045846807,-0.002343527455898478,0.3130340775543311,-0.0889905533962722,T→P
2371,474,Q,389227,389217,389236,19,-0.247371,819,130.3478983922623,-0.016218334187372997,-0.014325348378407227,-0.06320542464584107,-0.011981820922508749,P→Q
2372,474,R,389256,389236,389277,41,1.725717,819,130.3478983922623,0.1784250768183917,0.25002613976096505,0.1946434110057647,0.26435148813937226,Q→R
2373,474,S,389281,389277,389289,12,-0.147046,819,130.3478983922623,-0.0035045871068446,-0.007828610343211716,-0.1819296639252363,-0.25785475010417674,R→S
2374,474,T,389531,389381,389780,399,0.417872,819,130.3478983922623,-0.34038274109424355,0.05262199427652454,-0.33687815398739895,0.06045060461973625,S→T
2375,475,P,389951,389905,389979,74,0.15718200000000002,758,120.63944686365667,0.048090566797992215,-0.0038414144888375226,0.3884733078922358,-0.05646340876536206,T→P
2376,475,Q,390041,390032,390050,18,-0.266201,758,120.63944686365667,-0.01681958600306866,-0.015596330986039865,-0.06491015280106088,-0.011754916497202342,P→Q
2377,475,R,390071,390050,390094,44,1.687725,758,120.63944686365667,0.18161458950164353,0.27242638073175995,0.19843417550471218,0.2880227117177998,Q→R
2378,475,S,390099,390094,390104,10,-0.064368,758,120.63944686365667,-0.0009860027260490663,-0.002714282376327952,-0.1826005922276926,-0.2751406631080879,R→S
2379,475,T,390331,390181,390581,400,0.397303,758,120.63944686365667,-0.37398502423281776,-0.04208846879707044,-0.3729990215067687,-0.03937418642074249,S→T
2380,476,P,390709,390664,390737,73,0.1902365,799,127.16479953042438,0.05011864585014307,-0.002686994455129895,0.42410367008296085,0.039401474341940544,T→P
2381,476,Q,390803,390794,390812,18,-0.2493875,799,127.16479953042438,-0.015309252246009354,-0.013902299039053958,-0.06542789809615243,-0.011215304583924062,P→Q
2382,476,R,390833,390812,390855,43,1.7173015,799,127.16479953042438,0.18078304042484933,0.26301159684938663,0.19609229267085868,0.27691389588844056,Q→R
2383,476,S,390858,390855,390865,10,-0.09453550000000001,799,127.16479953042438,-0.0018956468994507996,-0.004615505285804495,-0.18267868732430012,-0.26762710213519114,R→S
2384,476,T,391089,390939,391161,222,0.36132849999999994,799,127.16479953042438,-0.2773138357168137,0.10845900169175525,-0.27541818881736285,0.11307450697755975,S→T
2385,477,P,391508,391481,391535,54,0.1464355,838,133.3718423110083,0.026135836433723914,-0.00010188587739828787,0.3034496721505376,-0.10856088756915354,T→P
2386,477,Q,391610,391551,391620,69,-0.2525695,838,133.3718423110083,-0.0371850607707904,-0.02881484822641552,-0.06332089720451431,-0.02871296234901723,P→Q
2387,477,R,391639,391620,391656,36,1.6387285,838,133.3718423110083,0.1606736452854757,0.23649488347413353,0.1978587060562661,0.26530973170054906,Q→R
2388,477,S,391662,391656,391686,30,-0.1934175,838,133.3718423110083,-0.005863978784486218,-0.013800405193085574,-0.16653762406996192,-0.2502952886672191,R→S
2389,477,T,391907,391799,391954,155,0.3065415,838,133.3718423110083,-0.15943091998632272,0.050113149509368654,-0.1535669412018365,0.06391355470245423,S→T
2390,478,P,392346,392305,392356,51,0.1380385,779,123.98170066858647,0.02267458318560642,-0.001997146177408552,0.18210550317192914,-0.052110295686777205,T→P
2391,478,Q,392439,392371,392450,79,-0.34449549999999995,779,123.98170066858647,-0.05040494591036936,-0.03588580244688186,-0.07307952909597579,-0.03388865626947331,P→Q
2392,478,R,392469,392450,392488,38,1.5792804999999999,779,123.98170066858647,0.1595788723810663,0.23866474709894328,0.20998381829143567,0.27455054954582514,Q→R
2393,478,S,392495,392488,392505,17,-0.1844275,779,123.98170066858647,-0.00549842311131271,-0.014501421966509569,-0.165077295492379,-0.25316616906545286,R→S
2394,478,T,392746,392637,392794,157,0.3097225,779,123.98170066858647,-0.19556026930564704,0.02187204834001014,-0.19006184619433433,0.03637347030651971,S→T
2395,479,P,393125,393081,393151,70,0.1345615,779,123.98170066858647,0.03356269516823035,-0.0031579683496689424,0.2291229644738774,-0.025030016689679083,T→P
2396,479,Q,393215,393187,393224,37,-0.32418749999999996,779,123.98170066858647,-0.0283480734414361,-0.023579773853000932,-0.06191076860966645,-0.02042180550333199,P→Q
2397,479,R,393245,393224,393264,40,1.6703205,779,123.98170066858647,0.17955493121676874,0.2515167860351523,0.20790300465820485,0.27509655988815324,Q→R
2398,479,S,393273,393264,393281,17,-0.1165835,779,123.98170066858647,-0.0030453780599001066,-0.007493850838902658,-0.18260030927666884,-0.25901063687405496,R→S
2399,479,T,393505,393378,393557,179,0.2940375,779,123.98170066858647,-0.19247241564524906,0.051344038929995645,-0.18942703758534896,0.058837889768898304,S→T
2400,480,P,393904,393874,393931,57,0.1461405,819,130.3478983922623,0.028745329756050216,-0.0005330617214472883,0.22121774540129927,-0.05187710065144293,T→P
2401,480,Q,394001,393946,394014,68,-0.2621495,819,130.3478983922623,-0.03649124908648485,-0.028161532866609232,-0.06523657884253506,-0.027628471145161943,P→Q
2402,480,R,394032,394014,394050,36,1.6569655,819,130.3478983922623,0.16679897184508774,0.24680911442749365,0.2032902209315726,0.27497064729410287,Q→R
2403,480,S,394055,394050,394064,14,-0.2024065,819,130.3478983922623,-0.005548577324440416,-0.013002635236388668,-0.17234754916952816,-0.2598117496638823,R→S
2404,480,T,394304,394178,394351,173,0.3178245,819,130.3478983922623,-0.18776083367666588,0.052075215638421685,-0.18221225635222546,0.06507785087481036,S→T
2405,481,P,394723,394679,394751,72,0.176012,782,124.45916549786216,0.04628283999854538,-0.0023566219348920194,0.23404367367521126,-0.054431837573313706,T→P
2406,481,Q,394820,394807,394831,24,-0.24678000000000005,782,124.45916549786216,-0.018779078919276382,-0.018270897286600207,-0.06506191891782176,-0.01591427535170819,P→Q
2407,481,R,394849,394831,394869,38,1.6810669999999999,782,124.45916549786216,0.1676271331364525,0.26733772965078556,0.18640621205572888,0.28560862693738576,Q→R
2408,481,S,394873,394869,394881,12,-0.152818,782,124.45916549786216,-0.003387781618336522,-0.009099071421018599,-0.17101491475478903,-0.2764368010718042,R→S
2409,481,T,395122,394973,395190,217,0.363936,782,124.45916549786216,-0.2608907663825002,0.04299532039595791,-0.25750298476416367,0.052094391816976504,S→T
2410,482,P,395505,395475,395534,59,0.15862500000000004,795,126.5281797580568,0.0360963993678844,-8.710149293176387e-05,0.2969871657503846,-0.04308242188888967,T→P
2411,482,Q,395608,395586,395617,31,-0.274598,795,126.5281797580568,-0.021515191611204715,-0.02168713695017246,-0.05761159097908911,-0.021600035457240697,P→Q
2412,482,R,395631,395617,395656,39,1.598128,795,126.5281797580568,0.1588474551206049,0.26205398408003466,0.18036264673180963,0.2837411210302071,Q→R
2413,482,S,395665,395656,395674,18,-0.030445999999999973,795,126.5281797580568,-0.0008784732017707778,-0.002708526862271422,-0.1597259283223757,-0.2647625109423061,R→S
2414,482,T,395901,395751,396151,400,0.39005200000000007,795,126.5281797580568,-0.3461929099473548,-0.046493485802169124,-0.34531443674558404,-0.0437849589398977,S→T
2415,483,P,396300,396235,396350,115,0.19140100000000002,859,136.7140961159381,0.06556899053261564,-0.003491003803971575,0.4117619004799704,0.04300248199819755,T→P
2416,483,Q,396393,396385,396400,15,-0.21981099999999998,859,136.7140961159381,-0.011577238129748391,-0.009236902436680013,-0.07714622866236404,-0.005745898632708439,P→Q
2417,483,R,396422,396400,396445,45,1.799666,859,136.7140961159381,0.1982120007080665,0.24152296891464903,0.2097892388378149,0.25075987135132904,Q→R
2418,483,S,396448,396445,396451,6,-0.041765,859,136.7140961159381,-0.000593324978106237,-0.0011115974507152182,-0.19880532568617273,-0.24263456636536423,R→S
2419,483,T,396680,396530,396930,400,0.5173449999999999,859,136.7140961159381,-0.5540739983801911,0.08258966552189782,-0.5534806734020848,0.08370126297261304,S→T
2420,484,P,397159,397115,397187,72,0.17978499999999997,899,143.08029383961392,0.04191298597182519,-0.0019772648101111265,0.5959869843520162,-0.08456693033200895,T→P
2421,484,Q,397252,397243,397262,19,-0.269678,899,143.08029383961392,-0.01730575339079253,-0.013214707569018463,-0.05921873936261772,-0.011237442758907337,P→Q
2422,484,R,397283,397262,397302,40,1.720797,899,143.08029383961392,0.18064739237003766,0.20778359177947275,0.19795314576083017,0.22099829934849122,Q→R
2423,484,S,397307,397302,397315,13,-0.140351,899,143.08029383961392,-0.0039862969922810024,-0.006790818190697539,-0.18463368936231866,-0.2145744099701703,R→S
2424,484,T,397558,397408,397626,218,0.39959700000000004,899,143.08029383961392,-0.23317213972456036,0.15691027763257426,-0.22918584273227935,0.1637010958232718,S→T
2425,485,P,398058,398012,398104,92,0.1792125,819,130.3478983922623,0.05046703839015685,-0.0001189089821902002,0.2836391781147172,-0.15702918661476445,T→P
2426,485,Q,398161,398143,398171,28,-0.2348855,819,130.3478983922623,-0.019503992019881358,-0.01903950174907402,-0.06997103041003822,-0.018920592766883817,P→Q
2427,485,R,398183,398171,398207,36,1.5897135,819,130.3478983922623,0.15614274358884897,0.24211921934492425,0.17564673560873034,0.2611587210939983,Q→R
2428,485,S,398212,398207,398221,14,-0.0841025,819,130.3478983922623,-0.0019964328293360345,-0.0049842762614708555,-0.158139176418185,-0.2471034956063951,R→S
2429,485,T,398457,398308,398509,201,0.3207095,819,130.3478983922623,-0.21233938749623055,0.06653689709144883,-0.2103429546668945,0.07152117335291969,S→T
2430,486,P,398877,398846,398923,77,0.1713695,842,134.0084620833759,0.03871569611015833,0.000664134168332404,0.2510550836063889,-0.06587276292311643,T→P
2431,486,Q,398978,398962,398988,26,-0.2293745,842,134.0084620833759,-0.018347402666452853,-0.016798301769736325,-0.057063098776611185,-0.01746243593806873,P→Q
2432,486,R,399001,398988,399026,38,1.6532295000000001,842,134.0084620833759,0.16843077490363195,0.24124181590254282,0.1867781775700848,0.25804011767227913,Q→R
2433,486,S,399031,399026,399036,10,-0.08380749999999998,842,134.0084620833759,-0.0016661029186723967,-0.003686769855759953,-0.17009687782230434,-0.24492858575830276,R→S
2434,486,T,399276,399126,399345,219,0.3987275,842,134.0084620833759,-0.28324345201249945,0.12403619650985563,-0.28157734909382703,0.1277229663656156,S→T
2435,487,P,399719,399687,399763,76,0.1551295,879,139.897194977776,0.0421442181411389,0.001256410227231685,0.32538767015363834,-0.12277978628262394,T→P
2436,487,Q,399823,399802,399832,30,-0.2676615,879,139.897194977776,-0.016052647538675392,-0.014423835883096448,-0.058196865679814296,-0.015680246110328134,P→Q
2437,487,R,399853,399832,399870,38,1.7286215,879,139.897194977776,0.1685306279266204,0.23143131803591066,0.1845832754652958,0.2458551539190071,Q→R
2438,487,S,399876,399870,399886,16,-0.0814765,879,139.897194977776,-0.0023231177512448515,-0.004898004948573158,-0.17085374567786527,-0.2363293229844838,R→S
2439,487,T,400115,399965,400183,218,0.3987275,879,139.897194977776,-0.2542819033712403,0.14164523983563077,-0.25195878561999546,0.1465432447842039,S→T
2440,488,P,400598,400568,400640,72,0.15426,795,126.5281797580568,0.03624696863598722,0.00038755066408639114,0.2905288720072275,-0.14125768917154438,T→P
2441,488,Q,400700,400678,400709,31,-0.258099,795,126.5281797580568,-0.02129298105921121,-0.021002741112918097,-0.057539949695198433,-0.021390291777004487,P→Q
2442,488,R,400729,400709,400746,37,1.618697,795,126.5281797580568,0.15986541581088012,0.2573351887591342,0.18115839687009133,0.2783379298720523,Q→R
2443,488,S,400751,400746,400765,19,-0.092778,795,126.5281797580568,-0.0021322683708854483,-0.005815166851791705,-0.16199768418176558,-0.2631503556109259,R→S
2444,488,T,400994,400844,401062,218,0.375256,795,126.5281797580568,-0.2727756583959453,0.06170370548526933,-0.2706433900250599,0.06751887233706104,S→T
2445,489,P,401393,401384,401421,37,0.13975900000000002,798,127.00564458733248,0.02064432056535001,0.0012370797498025153,0.29341997896129535,-0.060466625735466815,T→P
2446,489,Q,401494,401454,401504,50,-0.25576899999999997,798,127.00564458733248,-0.028834852841748457,-0.026300713823578844,-0.04947917340709847,-0.027537793573381358,P→Q
2447,489,R,401518,401504,401542,38,1.653507,798,127.00564458733248,0.16175433410619022,0.2609226840060158,0.1905891869479387,0.28722339782959466,Q→R
2448,489,S,401548,401542,401554,12,-0.081199,798,127.00564458733248,-0.0016303796725441503,-0.004411375607792489,-0.16338471377873437,-0.2653340596138083,R→S
2449,489,T,401792,401642,401859,217,0.325944,798,127.00564458733248,-0.23852394437295726,0.05656291615327592,-0.23689356470041312,0.0609742917610684,S→T
2450,490,P,402191,402146,402239,93,0.16818750000000002,819,130.3478983922623,0.05587605728171398,-0.0013975650036494767,0.29440000165467123,-0.0579604811569254,T→P
2451,490,Q,402282,402274,402290,16,-0.2493875,819,130.3478983922623,-0.014466765875334221,-0.012118561472028805,-0.0703428231570482,-0.010720996468379328,P→Q
2452,490,R,402311,402290,402333,43,1.7828525000000002,819,130.3478983922623,0.1935727221590431,0.2514098558701136,0.2080394880343773,0.2635284173421424,Q→R
2453,490,S,402339,402333,402342,9,-0.0632025,819,130.3478983922623,-0.0013106179792136876,-0.0027213955122094313,-0.19488334013825678,-0.25413125138232306,R→S
2454,490,T,402573,402423,402823,400,0.4274335,819,130.3478983922623,-0.38173661183697993,0.06598953092997899,-0.38042599385776626,0.06871092644218842,S→T
2455,491,P,403010,402965,403058,93,0.191105,839,133.53099725410019,0.05384165126364321,0.00028818511600489123,0.43557826310062314,-0.06570134581397409,T→P
2456,491,Q,403107,403098,403120,22,-0.188775,839,133.53099725410019,-0.01351682485626864,-0.012316525514080776,-0.06735847611991184,-0.012604710630085668,P→Q
2457,491,R,403140,403120,403158,38,1.729786,839,133.53099725410019,0.17858474776321032,0.2546210902578849,0.19210157261947897,0.2669376157719657,Q→R
2458,491,S,403162,403158,403168,10,-0.10295100000000001,839,133.53099725410019,-0.0021947361080512724,-0.004826332660436516,-0.18077948387126158,-0.2594474229183214,R→S
2459,491,T,403409,403259,403498,239,0.449204,839,133.53099725410019,-0.3330288164839464,0.1360118077009187,-0.3308340803758951,0.14083814036135522,S→T
2460,492,P,403849,403806,403858,52,0.1258685,742,118.09296777418635,0.03027612921727832,-0.0036699155511188456,0.36330494570122474,-0.13968172325203754,T→P
2461,492,Q,403939,403910,403949,39,-0.3282565,742,118.09296777418635,-0.030208739019831794,-0.027139321734786295,-0.06048486823711011,-0.02346940618366745,P→Q
2462,492,R,403969,403949,403989,40,1.6244865,742,118.09296777418635,0.16981782920587926,0.26493095923075727,0.20002656822571105,0.29207028096554355,Q→R
2463,492,S,403997,403989,404006,17,-0.1397775,742,118.09296777418635,-0.0030936102801788897,-0.009360485018011674,-0.17291143948605814,-0.27429144424876895,R→S
2464,492,T,404231,404119,404294,175,0.2737285,742,118.09296777418635,-0.1836939145538072,0.010815964101256213,-0.18060030427362833,0.020176449119267886,S→T
2465,493,P,404591,404564,404634,70,0.13628099999999999,796,126.68733470114869,0.040007701558282434,0.0018439610897627342,0.22370161611208964,-0.008972003011493479,T→P
2466,493,Q,404697,404670,404706,36,-0.310297,796,126.68733470114869,-0.022073432978491136,-0.023231471169213203,-0.062081134536773566,-0.025075432258975936,P→Q
2467,493,R,404727,404706,404745,39,1.7138049999999998,796,126.68733470114869,0.1529533379219014,0.26972989871150543,0.17502677090039254,0.29296136988071864,Q→R
2468,493,S,404755,404745,404760,15,-0.080645,796,126.68733470114869,-0.0017303059060159044,-0.005664880788340716,-0.15468364382791733,-0.27539477949984614,R→S
2469,493,T,404987,404837,405075,238,0.388573,796,126.68733470114869,-0.3075371609921327,0.06793790221036146,-0.30580685508611677,0.07360278299870218,S→T
2470,494,P,405387,405360,405434,74,0.1560175,839,133.53099725410019,0.04088326576637736,0.0019875256415164055,0.34842042675851004,-0.06595037656884506,T→P
2471,494,Q,405494,405472,405502,30,-0.24938749999999998,839,133.53099725410019,-0.017183300245593943,-0.01687426092337812,-0.0580665660119713,-0.018861786564894525,P→Q
2472,494,R,405522,405502,405540,38,1.7288795000000001,839,133.53099725410019,0.164703490813688,0.2554063071521632,0.18188679105928196,0.27228056807554135,Q→R
2473,494,S,405544,405540,405552,12,-0.09919649999999999,839,133.53099725410019,-0.0018795708727381958,-0.004566387437817717,-0.1665830616864262,-0.25997269458998096,R→S
2474,494,T,405786,405636,405874,238,0.4170015,839,133.53099725410019,-0.2905303942503153,0.107564465026667,-0.2886508233775771,0.11213085246448472,S→T
2475,495,P,406226,406183,406253,70,0.1589025,798,127.00564458733248,0.03639555722549608,-0.0015746896641674626,0.3269259514758114,-0.10913915469083446,T→P
2476,495,Q,406322,406307,406334,27,-0.2801285,798,127.00564458733248,-0.022155003871755452,-0.02077796681011037,-0.058550561097251534,-0.01920327714594291,P→Q
2477,495,R,406347,406334,406371,37,1.6175315000000001,798,127.00564458733248,0.16361487115477238,0.24756405736969359,0.18576987502652784,0.26834202417980396,Q→R
2478,495,S,406377,406371,406384,13,-0.13918550000000002,798,127.00564458733248,-0.0035703618670659375,-0.00897181022617308,-0.16718523302183833,-0.25653586759586666,R→S
2479,495,T,406625,406475,406674,199,0.3450885,798,127.00564458733248,-0.2362531298767127,0.06820367306535034,-0.23268276800964677,0.07717548329152342,S→T
2480,496,P,407024,406981,407052,71,0.16066,802,127.64226435970006,0.04174859842147008,-0.0023034283798536665,0.2780017282981828,-0.07050710144520402,T→P
2481,496,Q,407118,407108,407126,18,-0.269123,802,127.64226435970006,-0.017062438660609053,-0.015198735296707035,-0.05881103708207913,-0.01289530691685337,P→Q
2482,496,R,407144,407126,407169,43,1.697566,802,127.64226435970006,0.17999663200522314,0.2551666547359668,0.1970590706658322,0.2703653900326738,Q→R
2483,496,S,407173,407169,407180,11,-0.099178,802,127.64226435970006,-0.0020854115415845395,-0.004973890036373573,-0.18208204354680768,-0.26014054477234033,R→S
2484,496,T,407404,407254,407492,238,0.39612,802,127.64226435970006,-0.321329361789338,0.11270740244544661,-0.3192439502477535,0.11768129248182019,S→T
2485,497,P,407826,407799,407869,70,0.133988,839,133.53099725410019,0.0326903982666767,0.0006489033047902859,0.3540197600560147,-0.11205849914065633,T→P
2486,497,Q,407931,407869,407941,72,-0.317251,839,133.53099725410019,-0.036036120907756895,-0.029534922690177948,-0.06872651917443359,-0.030183825994968234,P→Q
2487,497,R,407961,407941,407977,36,1.689464,839,133.53099725410019,0.15570815863722484,0.24029135249413808,0.19174427954498174,0.269826275184316,Q→R
2488,497,S,407984,407977,407998,21,-0.11948699999999998,839,133.53099725410019,-0.004317817606868416,-0.011018330684580146,-0.16002597624409326,-0.2513096831787182,R→S
2489,497,T,408223,408076,408290,214,0.38221,839,133.53099725410019,-0.2486623291385542,0.08874820593519579,-0.2443445115316858,0.09976653661977594,S→T
2490,498,P,408665,408637,408696,59,0.129364,776,123.50423583931078,0.029083253673046636,0.00027976473278123413,0.27774558281160083,-0.08846844120241455,T→P
2491,498,Q,408769,408706,408778,72,-0.306227,776,123.50423583931078,-0.03724420501090349,-0.0330570589912442,-0.06632745868395012,-0.03333682372402543,P→Q
2492,498,R,408799,408778,408815,37,1.6094490000000001,776,123.50423583931078,0.14807599197596505,0.26472276836905917,0.18532019698686852,0.2977798273603034,Q→R
2493,498,S,408826,408815,408837,22,-0.081162,776,123.50423583931078,-0.002434498534562979,-0.008398679661455194,-0.15051049051052803,-0.27312144803051436,R→S
2494,498,T,409061,408915,409114,199,0.30622699999999997,776,123.50423583931078,-0.21413970004173546,0.03161974043912891,-0.21170520150717248,0.0400184201005841,S→T
2495,499,P,409441,409412,409475,63,0.16441450000000002,801,127.48310941660817,0.03829454814124068,0.0007181449645185861,0.25243424818297616,-0.03090159547461032,T→P
2496,499,Q,409544,409527,409553,26,-0.2166115,801,127.48310941660817,-0.017335690198567545,-0.017438674695828885,-0.05563023833980822,-0.018156819660347472,P→Q
2497,499,R,409567,409553,409593,40,1.6845255,801,127.48310941660817,0.1668194132166644,0.2716356822794938,0.18415510341523195,0.2890743569753227,Q→R
2498,499,S,409596,409593,409600,7,-0.04725849999999998,801,127.48310941660817,-0.0006104686498975244,-0.0016395296847607971,-0.16742988186656194,-0.2732752119642546,R→S
2499,499,T,409840,409690,410090,400,0.3975805,801,127.48310941660817,-0.3588108966914491,0.0002936251139813333,-0.3582004280415516,0.0019331547987421305,S→T
2500,500,P,410242,410213,410268,55,0.144124,839,133.53099725410019,0.02999600524001585,-0.00023749533214918373,0.38880690193146494,-0.000531120446130517,T→P
2501,500,Q,410347,410284,410355,71,-0.29664599999999997,839,133.53099725410019,-0.03913682056651705,-0.031005649850243712,-0.0691328258065329,-0.030768154518094528,P→Q
2502,500,R,410375,410355,410391,36,1.661349,839,133.53099725410019,0.1599967324037621,0.2381103467538682,0.19913355297027915,0.2691159966041119,Q→R
2503,500,S,410396,410391,410413,22,-0.160364,839,133.53099725410019,-0.005134416540208134,-0.012258257812251596,-0.16513114894397024,-0.2503686045661198,R→S
2504,500,T,410639,410495,410687,192,0.335525,839,133.53099725410019,-0.1975621699723808,0.07313418129877522,-0.19242775343217267,0.08539243911102681,S→T
2505,501,P,411081,411052,411110,58,0.1467325,839,133.53099725410019,0.030974576855129974,-0.0002837331360118954,0.22853674682751077,-0.07341791443478711,T→P
2506,501,Q,411185,411161,411194,33,-0.2818675,839,133.53099725410019,-0.02276079211813924,-0.02121855794684614,-0.053735368973269214,-0.020934824810834245,P→Q
2507,501,R,411213,411194,411230,36,1.6848215,839,133.53099725410019,0.16427881303582692,0.2431702744776988,0.18703960515396617,0.2643888324245449,Q→R
2508,501,S,411235,411230,411250,20,-0.12646050000000003,839,133.53099725410019,-0.003300253985956788,-0.007721638313757514,-0.1675790670217837,-0.2508919127914563,R→S
2509,501,T,411477,411327,411545,218,0.3763835,839,133.53099725410019,-0.2576448850259797,0.10149333072528795,-0.2543446310400229,0.10921496903904546,S→T
2510,502,P,411920,411873,411946,73,0.17022250000000003,776,123.50423583931078,0.04342738532378978,-0.002240763660550948,0.30107227034976947,-0.1037340943858389,T→P
2511,502,Q,412013,412002,412026,24,-0.23344349999999997,776,123.50423583931078,-0.018958803822174828,-0.017997886110827935,-0.06238618914596461,-0.015757122450276988,P→Q
2512,502,R,412039,412026,412065,39,1.6543765,776,123.50423583931078,0.16937482855751312,0.26318939874201586,0.18833363237968795,0.2811872848528438,Q→R
2513,502,S,412069,412065,412075,10,-0.07918349999999999,776,123.50423583931078,-0.0017349068573187364,-0.004609958484686877,-0.17110973541483185,-0.26779935722670273,R→S
2514,502,T,412316,412166,412385,219,0.37667950000000006,776,123.50423583931078,-0.3035439193364478,0.05746767313310899,-0.30180901247912906,0.06207763161779587,S→T
2515,503,P,412696,412653,412723,70,0.16325,838,133.3718423110083,0.0345287078519172,-0.001457423207115712,0.338072627188365,-0.058925096340224706,T→P
2516,503,Q,412791,412779,412802,23,-0.27519,838,133.3718423110083,-0.019250658246547505,-0.016464978117171337,-0.053779366098464704,-0.015007554910055624,P→Q
2517,503,R,412821,412802,412841,39,1.709477,838,133.3718423110083,0.1776634913840866,0.23890381414380746,0.1969141496306341,0.2553687922609788,Q→R
2518,503,S,412845,412841,412853,12,-0.131361,838,133.3718423110083,-0.003229513365484433,-0.006773882043836589,-0.18089300474957104,-0.24567769618764404,R→S
2519,503,T,413075,412925,413183,258,0.390016,838,133.3718423110083,-0.2888479677934803,0.13235972685771427,-0.2856184544279959,0.13913360890155085,S→T
2520,504,P,413534,413504,413564,60,0.1731085,882,140.3746598070517,0.03654986201201705,9.725865784850136e-05,0.32539782980549736,-0.13226246819986576,T→P
2521,504,Q,413635,413619,413645,26,-0.22182749999999998,882,140.3746598070517,-0.01852617672668849,-0.01586883375875261,-0.055076038738705535,-0.015966092416601112,P→Q
2522,504,R,413665,413645,413682,37,1.6706165,882,140.3746598070517,0.1698280382653088,0.22274545821414074,0.18835421499199728,0.23861429197289336,Q→R
2523,504,S,413687,413682,413695,13,-0.1574595,882,140.3746598070517,-0.0042212984071445725,-0.008180471158389517,-0.17404933667245337,-0.23092592937253026,R→S
2524,504,T,413934,413784,414000,216,0.37553349999999996,882,140.3746598070517,-0.21015743379944635,0.11407132080188441,-0.20593613539230177,0.12225179196027393,S→T
2525,505,P,414416,414388,414459,71,0.141498,835,132.89437748173262,0.036252325646803384,0.0011761672557919032,0.24640975944624974,-0.1128951535460925,T→P
2526,505,Q,414521,414498,414531,33,-0.300419,835,132.89437748173262,-0.020772418487238348,-0.020336411582227105,-0.05702474413404173,-0.02151257883801901,P→Q
2527,505,R,414551,414531,414568,37,1.717283,835,132.89437748173262,0.1594820654294879,0.2480919383931866,0.18025448391672624,0.2684283499754137,Q→R
2528,505,S,414574,414568,414585,17,-0.090485,835,132.89437748173262,-0.002234513052248482,-0.0057786637705804925,-0.16171657848173637,-0.2538706021637671,R→S
2529,505,T,414815,414665,414881,216,0.376402,835,132.89437748173262,-0.2593114910477329,0.09046114120275252,-0.2570769779954844,0.09623980497333301,S→T
2530,506,P,415251,415208,415278,70,0.155721,819,130.3478983922623,0.03301299866157431,-0.0016202931919514153,0.2923244897093072,-0.09208143439470394,T→P
2531,506,Q,415346,415333,415356,23,-0.294334,819,130.3478983922623,-0.020484822399705623,-0.017954669855554637,-0.053497821061279933,-0.016334376663603222,P→Q
2532,506,R,415371,415356,415397,41,1.654968,819,130.3478983922623,0.17262952593194586,0.2388841999349694,0.19311434833165148,0.25683886979052406,Q→R
2533,506,S,415401,415397,415408,11,-0.094831,819,130.3478983922623,-0.0021623858611473255,-0.004950869587906833,-0.1747919117930932,-0.24383506952287623,R→S
2534,506,T,415651,415501,415901,400,0.36217900000000003,819,130.3478983922623,-0.30222788368353726,0.03326623991403778,-0.30006549782238995,0.03821710950194461,S→T
2535,507,P,416070,416026,416099,73,0.1676145,838,133.3718423110083,0.04123091428129786,-0.0017260940702284403,0.34345879796483514,-0.03499233398426622,T→P
2536,507,Q,416164,416155,416174,19,-0.2598375,838,133.3718423110083,-0.01574321321855723,-0.01334533853136118,-0.05697412749985509,-0.01161924446113274,P→Q
2537,507,R,416194,416174,416215,41,1.7445465,838,133.3718423110083,0.18268139449076565,0.24251948834384354,0.19842460770932288,0.25586482687520473,Q→R
2538,507,S,416218,416215,416226,11,-0.1357265,838,133.3718423110083,-0.0031320709266591086,-0.00650307501495953,-0.18581346541742474,-0.24902256335880307,R→S
2539,507,T,416469,416319,416719,400,0.4164285,838,133.3718423110083,-0.3315300059813841,0.07732872648340142,-0.328397935054725,0.08383180149836095,S→T
2540,508,P,416908,416866,416936,70,0.14441949999999998,839,133.53099725410019,0.035072015527634615,-0.0019819683589758445,0.3666020215090187,-0.07931069484237727,T→P
2541,508,Q,417001,416990,417010,20,-0.2754855,839,133.53099725410019,-0.01804634073838402,-0.014937649179666806,-0.053118356266018636,-0.012955680820690962,P→Q
2542,508,R,417031,417010,417050,40,1.7381835,839,133.53099725410019,0.181938052860696,0.2330255922506767,0.19998439359908002,0.2479632414303435,Q→R
2543,508,S,417057,417050,417064,14,-0.1444205,839,133.53099725410019,-0.003916765730231434,-0.007891871452822082,-0.18585481859092745,-0.24091746370349879,R→S
2544,508,T,417308,417158,417356,198,0.35957049999999996,839,133.53099725410019,-0.22696868521606112,0.09832625007553954,-0.22305191948582967,0.10621812152836162,S→T
2545,509,P,417747,417704,417775,71,0.172831,799,127.16479953042438,0.037751388993018616,-0.0015033934554425374,0.2647200742090797,-0.09982964353098207,T→P
2546,509,Q,417841,417831,417851,20,-0.28188599999999997,799,127.16479953042438,-0.0182848277600649,-0.016536293462853558,-0.05603621675308351,-0.015032900007411022,P→Q
2547,509,R,417871,417851,417893,42,1.647699,799,127.16479953042438,0.1736866381749704,0.2502448546405738,0.1919714659350353,0.26678114810342735,Q→R
2548,509,S,417896,417893,417903,10,-0.09281500000000001,799,127.16479953042438,-0.0019542111438685993,-0.004793016194728544,-0.175640849318839,-0.2550378708353023,R→S
2549,509,T,418146,417996,418255,259,0.38335699999999995,799,127.16479953042438,-0.32064512277069973,0.07816278490435598,-0.3186909116268311,0.08295580109908453,S→T
2550,510,P,418546,418502,418574,72,0.16384100000000001,838,133.3718423110083,0.04222176127646324,-0.0026537219080274683,0.36286688404716294,-0.08081650681238345,T→P
2551,510,Q,418638,418628,418646,18,-0.277521,838,133.3718423110083,-0.01755125147355822,-0.014297204407264199,-0.05977301275002146,-0.01164348249923673,P→Q
2552,510,R,418667,418646,418691,45,1.7083300000000001,838,133.3718423110083,0.18901578296902147,0.23860089816086363,0.20656703444257968,0.25289810256812784,Q→R
2553,510,S,418695,418691,418699,8,-0.07102699999999998,838,133.3718423110083,-0.0011677957115691006,-0.002380691153026933,-0.19018357868059058,-0.24098158931389058,R→S
2554,510,T,418926,418776,419176,400,0.435295,838,133.3718423110083,-0.3987234968216023,0.09495999559346036,-0.3975557011100332,0.09734068674648728,S→T
2555,511,P,419384,419340,419412,72,0.1247025,839,133.53099725410019,0.034580107118494914,-0.0027747837694581832,0.4333036039400972,-0.09773477936291854,T→P
2556,511,Q,419475,419447,419484,37,-0.3091125,839,133.53099725410019,-0.025255142220002743,-0.019448153612742596,-0.059835249338497654,-0.01667336984328441,P→Q
2557,511,R,419505,419484,419523,39,1.7288985000000001,839,133.53099725410019,0.1815155396365322,0.22576150802114095,0.20677068185653494,0.24520966163388355,Q→R
2558,511,S,419532,419523,419540,17,-0.13398849999999998,839,133.53099725410019,-0.0045088862991219765,-0.00881783033167653,-0.18602442593565416,-0.23457933835281747,R→S
2559,511,T,419765,419615,419831,216,0.3543545,839,133.53099725410019,-0.22239687711956943,0.11088402063029941,-0.21788799082044746,0.11970185096197594,S→T
2560,512,P,420223,420181,420250,69,0.13975900000000002,840,133.69015219719208,0.02867321980410887,-0.0017065664425745166,0.2510700969236783,-0.11259058707287392,T→P
2561,512,Q,420316,420286,420326,40,-0.300419,840,133.69015219719208,-0.02594222970563772,-0.020321168439922762,-0.05461544950974659,-0.018614601997348247,P→Q
2562,512,R,420346,420326,420365,39,1.724829,840,133.69015219719208,0.1779600029806618,0.22886509608584912,0.20390223268629953,0.2491862645257719,Q→R
2563,512,S,420372,420365,420380,15,-0.168761,840,133.69015219719208,-0.004878439870844747,-0.009862358566084958,-0.18283844285150655,-0.23872745465193407,R→S
2564,512,T,420623,420474,420670,196,0.340445,840,133.69015219719208,-0.20301899221250888,0.09001667296765986,-0.19814055234166414,0.09987903153374482,S→T
2565,513,P,421063,421033,421109,76,0.159772,798,127.00564458733248,0.04389401956788469,0.001513086780159907,0.24691301178039357,-0.08850358618749996,T→P
2566,513,Q,421165,421149,421175,26,-0.222993,798,127.00564458733248,-0.018420218077249424,-0.01865923828939584,-0.062314237645134114,-0.020172325069555744,P→Q
2567,513,R,421188,421175,421215,40,1.623062,798,127.00564458733248,0.15899688015810984,0.2604714064995605,0.17741709823535926,0.2791306447889564,Q→R
2568,513,S,421219,421215,421222,7,-0.044354000000000005,798,127.00564458733248,-0.0005558879151938294,-0.0015150100436651967,-0.15955276807330368,-0.26198641654322574,R→S
2569,513,T,421462,421312,421550,238,0.377845,798,127.00564458733248,-0.3096990940357658,0.06956319672712186,-0.30914320612057195,0.07107820677078705,S→T
2570,514,P,421861,421815,421908,93,0.181543,822,130.82536322153797,0.05018834973835486,-0.0006118976296572508,0.35988744377412063,-0.07017509435677911,T→P
2571,514,Q,421958,421946,421970,24,-0.20359000000000002,822,130.82536322153797,-0.01591893598072077,-0.014719868660059839,-0.06610728571907562,-0.014107971030402589,P→Q
2572,514,R,421984,421970,422009,39,1.694107,822,130.82536322153797,0.1752257370784845,0.258401807168779,0.19114467305920527,0.27312167582883884,Q→R
2573,514,S,422013,422009,422019,10,-0.107298,822,130.82536322153797,-0.002143091054885679,-0.004994636487196497,-0.17736882813337018,-0.2633964436559755,R→S
2574,514,T,422260,422110,422510,400,0.417002,822,130.82536322153797,-0.3570894108317442,0.04905191162734212,-0.35494631977685853,0.054046548114538615,S→T
2575,515,P,422683,422653,422727,74,0.150783,858,136.5549411728462,0.04254253279397578,0.001559268548255423,0.39963194362572,-0.0474926430790867,T→P
2576,515,Q,422788,422765,422797,32,-0.295203,858,136.5549411728462,-0.019824385663388813,-0.01850086431978283,-0.0623669184573646,-0.020060132868038254,P→Q
2577,515,R,422818,422797,422835,38,1.738183,858,136.5549411728462,0.16459690311060388,0.240910035486479,0.1844212887739927,0.2594108998062618,Q→R
2578,515,S,422841,422835,422851,16,-0.089893,858,136.5549411728462,-0.002589016990792927,-0.006086448641727262,-0.1671859201013968,-0.24699648412820624,R→S
2579,515,T,423080,422930,423167,237,0.405405,858,136.5549411728462,-0.2789280586440505,0.11999125791429299,-0.27633904165325757,0.12607770655602024,S→T
2580,516,P,423541,423510,423585,75,0.1580515,817,130.02958850607848,0.0384544328958872,0.0007176770747056342,0.3173824915399377,-0.11927358083958736,T→P
2581,516,Q,423643,423623,423653,30,-0.2583765,817,130.02958850607848,-0.02120687017280748,-0.020439104165024608,-0.05966130306869468,-0.021156781239730242,P→Q
2582,516,R,423672,423653,423690,37,1.6166805000000002,817,130.02958850607848,0.16085547924176496,0.24741641008271334,0.18206234941457244,0.26785551424773796,Q→R
2583,516,S,423695,423690,423709,19,-0.09364750000000001,817,130.02958850607848,-0.002333531517932918,-0.005932811584158621,-0.16318901075969788,-0.25334922166687196,R→S
2584,516,T,423938,423791,424003,212,0.32973549999999996,817,130.02958850607848,-0.21838998856389494,0.06677213653810816,-0.21605645704596202,0.07270494812226679,S→T
2585,517,P,424358,424328,424386,58,0.1574605,857,136.39578622975432,0.03344664665244046,2.8565364467500924e-05,0.25183663521633537,-0.06674357117364066,T→P
2586,517,Q,424459,424442,424470,28,-0.22589650000000003,857,136.39578622975432,-0.019723937202151754,-0.01768802298899104,-0.05317058385459221,-0.017716588353458542,P→Q
2587,517,R,424489,424470,424507,37,1.6375445,857,136.39578622975432,0.16773462891172652,0.23370766242707064,0.1874585661138783,0.25139568541606166,Q→R
2588,517,S,424512,424507,424519,12,-0.09597850000000002,857,136.39578622975432,-0.0020563797997580338,-0.004388199262720098,-0.16979100871148456,-0.23809586168979074,R→S
2589,517,T,424756,424606,424825,219,0.3778635,857,136.39578622975432,-0.25045523600390535,0.12347824091802102,-0.2483988562041473,0.12786644018074111,S→T
2590,518,P,425215,425172,425244,72,0.170204,879,139.897194977776,0.03654402492058977,-0.0008097655655720405,0.2869992609244951,-0.12428800648359306,T→P
2591,518,Q,425313,425279,425324,45,-0.260134,879,139.897194977776,-0.02454767817305307,-0.019278261150627106,-0.06109170309364284,-0.018468495585055065,P→Q
2592,518,R,425342,425324,425361,37,1.6578350000000002,879,139.897194977776,0.17053610003422345,0.21859890374974225,0.19508377820727651,0.23787716490036936,Q→R
2593,518,S,425366,425361,425375,14,-0.17660399999999998,879,139.897194977776,-0.005072377395071158,-0.009691755133338815,-0.1756084774292946,-0.22829065888308106,R→S
2594,518,T,425615,425465,425681,216,0.376106,879,139.897194977776,-0.21541121178015815,0.11732966798454882,-0.210338834385087,0.12702142311788764,S→T
2595,519,P,426094,426052,426120,68,0.146177,799,127.16479953042438,0.03230848917466671,-0.0020037078546280814,0.24771970095482487,-0.1193333758391769,T→P
2596,519,Q,426186,426175,426196,21,-0.309686,799,127.16479953042438,-0.02112531116052813,-0.01859283709528864,-0.053433800335194834,-0.01658912924066056,P→Q
2597,519,R,426216,426196,426236,40,1.648309,799,127.16479953042438,0.1739233013148835,0.24194122586109215,0.19504861247541164,0.2605340629563808,Q→R
2598,519,S,426243,426236,426251,15,-0.128162,799,127.16479953042438,-0.0033583417230458644,-0.007870824183945479,-0.17728164303792937,-0.24981205004503762,R→S
2599,519,T,426494,426345,426542,197,0.334656,799,127.16479953042438,-0.23169650527034463,0.06568208820086736,-0.22833816354729877,0.07355291238481285,S→T
2600,520,P,426893,426849,426925,76,0.17542049999999998,840,133.69015219719208,0.044572651653159004,-0.0011886739611356892,0.2762691569235036,-0.06687076216200305,T→P
2601,520,Q,426990,426980,427002,22,-0.21256049999999999,840,133.69015219719208,-0.01578738897967104,-0.014177028520767774,-0.06036004063283004,-0.012988354559632084,P→Q
2602,520,R,427016,427002,427042,40,1.7025225,840,133.69015219719208,0.17715656241954975,0.25009172334240065,0.1929439513992208,0.26426875186316845,Q→R
2603,520,S,427046,427042,427052,10,-0.0786095,840,133.69015219719208,-0.001546636931586649,-0.0034140197274040896,-0.1787031993511364,-0.2535057430698047,R→S
2604,520,T,427292,427142,427542,400,0.4393275,840,133.69015219719208,-0.380614554224571,0.043679665889142634,-0.3790679172929844,0.04709368561654673,S→T
2605,521,P,427733,427702,427778,76,0.1815055,860,136.87325105903,0.04105562028236364,0.0007972848201919078,0.42167017450693467,-0.042882381068950724,T→P
2606,521,Q,427834,427818,427844,26,-0.2105445,860,136.87325105903,-0.017137748250810648,-0.015261290416650907,-0.05819336853317429,-0.016058575236842815,P→Q
2607,521,R,427863,427844,427881,37,1.7022085,860,136.87325105903,0.17302556849115874,0.23847309726165597,0.1901633167419694,0.25373438767830686,Q→R
2608,521,S,427886,427881,427892,11,-0.1270145,860,136.87325105903,-0.0027747493833223196,-0.005713113359553168,-0.17580031787448105,-0.24418621062120913,R→S
2609,521,T,428131,427981,428200,219,0.4245485,860,136.87325105903,-0.27834805924402156,0.13441480478593412,-0.2755733098606992,0.14012791814548728,S→T
2610,522,P,428593,428564,428637,73,0.15629500000000002,818,130.1887434491704,0.04140860457675046,0.0012629012461498278,0.319756663820772,-0.1331519035397843,T→P
2611,522,Q,428698,428676,428706,30,-0.266497,818,130.1887434491704,-0.019825312789693416,-0.01961435606868922,-0.061233917366443874,-0.020877257314839047,P→Q
2612,522,R,428726,428706,428744,38,1.690315,818,130.1887434491704,0.16182985741937084,0.2566909796835307,0.18165517020906424,0.27630533575221994,Q→R
2613,522,S,428748,428744,428761,17,-0.095405,818,130.1887434491704,-0.0023950794947730004,-0.006272275663785735,-0.16422493691414383,-0.26296325534731646,R→S
2614,522,T,428990,428840,429057,217,0.35872,818,130.1887434491704,-0.25139628440806294,0.07688586243228471,-0.24900120491328995,0.08315813809607044,S→T
2615,523,P,429411,429382,429441,59,0.144975,780,124.14085561167836,0.03642495321574761,0.00044324603376237403,0.28782123762381057,-0.07644261639852233,T→P
2616,523,Q,429514,429493,429524,31,-0.265646,780,124.14085561167836,-0.022011724429297396,-0.02313067017213423,-0.05843667764504501,-0.023573916205896602,P→Q
2617,523,R,429544,429524,429562,38,1.5810009999999999,780,124.14085561167836,0.15222356680805302,0.26558103860722376,0.1742352912373504,0.288711708779358,Q→R
2618,523,S,429565,429562,429581,19,-0.054527000000000006,780,124.14085561167836,-0.0013201491242745805,-0.004253818625813974,-0.1535437159323276,-0.26983485723303774,R→S
2619,523,T,429809,429659,429875,216,0.31432899999999997,780,124.14085561167836,-0.23342012524804517,0.038810202387717437,-0.2320999761237706,0.04306402101353141,S→T
2620,524,P,430191,430161,430235,74,0.1565905,836,133.0535324248245,0.04223923205003928,0.001459436425509648,0.27565935729808444,-0.03735076596220779,T→P
2621,524,Q,430296,430273,430304,31,-0.2563605,836,133.0535324248245,-0.01737830473003567,-0.01665605646065519,-0.05961753678007495,-0.01811549288616484,P→Q
2622,524,R,430325,430304,430343,39,1.7155815,836,133.0535324248245,0.16805467324104148,0.25452267391935945,0.18543297797107716,0.27117873038001467,Q→R
2623,524,S,430346,430343,430357,14,-0.04698050000000001,836,133.0535324248245,-0.0011398661466745065,-0.00278159650850868,-0.16919453938771598,-0.25730427042786813,R→S
2624,524,T,430588,430438,430656,218,0.3891655,836,133.0535324248245,-0.2766466950487371,0.11152498836620323,-0.27550682890206263,0.1143065848747119,S→T
2625,525,P,431027,430982,431055,73,0.1670415,839,133.53099725410019,0.03883552679306684,-0.0020403540830948174,0.31548222184180397,-0.11356534244929804,T→P
2626,525,Q,431121,431111,431131,20,-0.2592275,839,133.53099725410019,-0.01740020888698131,-0.014684811726382927,-0.05623573568004815,-0.01264445764328811,P→Q
2627,525,R,431151,431131,431171,40,1.7387565,839,133.53099725410019,0.18155573284244636,0.2397377334924184,0.19895594172942768,0.2544225452188013,Q→R
2628,525,S,431175,431171,431183,12,-0.15080149999999998,839,133.53099725410019,-0.003796296594107462,-0.007791014074222912,-0.18535202943655382,-0.2475287475666413,R→S
2629,525,T,431426,431276,431493,217,0.3903305,839,133.53099725410019,-0.26830416190521056,0.11698200669294014,-0.2645078653111031,0.12477302076716305,S→T
2630,526,P,431866,431838,431894,56,0.15805249999999998,799,127.16479953042438,0.033493560779650836,9.545851034148379e-05,0.3017977226848614,-0.11688654818259865,T→P
2631,526,Q,431968,431947,431978,31,-0.24154450000000002,799,127.16479953042438,-0.021584334314318113,-0.02157565191658947,-0.055077895093968945,-0.021671110426930953,P→Q
2632,526,R,431997,431978,432014,36,1.6561155,799,127.16479953042438,0.1608592439419646,0.2612074320253476,0.1824435782562827,0.282783083941937,Q→R
2633,526,S,432020,432014,432028,14,-0.1470275,799,127.16479953042438,-0.0031332846559027684,-0.008350089282460518,-0.16399252859786737,-0.2695575213078081,R→S
2634,526,T,432265,432135,432315,180,0.32969950000000003,799,127.16479953042438,-0.21408855362789136,0.04385745724216832,-0.2109552689719886,0.05220754652462884,S→T
2635,527,P,432665,432622,432691,69,0.1563135,718,114.27324913998086,0.03880815599773342,-0.0018247442306494545,0.25289670962562477,-0.04568220147281778,T→P
2636,527,Q,432761,432749,432771,22,-0.2757635,718,114.27324913998086,-0.020249019217536256,-0.022016426721340625,-0.05905717521526968,-0.02019168249069117,P→Q
2637,527,R,432785,432771,432811,40,1.6654005,718,114.27324913998086,0.15770684706494906,0.299596076115355,0.1779558662824853,0.3216125028366956,Q→R
2638,527,S,432816,432811,432822,11,-0.09423950000000003,718,114.27324913998086,-0.0016130801700607969,-0.006376226273011381,-0.15931992723500984,-0.30597230238836637,R→S
2639,527,T,433063,432913,433130,217,0.3279975,718,114.27324913998086,-0.2797575284232638,-0.011691289952610446,-0.278144448253203,-0.005315063679599065,S→T
2640,528,P,433383,433357,433431,74,0.184428,781,124.30001055477027,0.05246682438564981,0.0035595575406235968,0.3322243528089136,0.015250847493234042,T→P
2641,528,Q,433489,433470,433498,28,-0.237809,781,124.30001055477027,-0.016685932099920014,-0.01844963241615808,-0.06915275648556983,-0.022009189956781677,P→Q
2642,528,R,433518,433498,433537,39,1.6882990000000002,781,124.30001055477027,0.15558727307474549,0.2858727491074233,0.1722732051746655,0.3043223815235814,Q→R
2643,528,S,433540,433537,433547,10,-0.054509,781,124.30001055477027,-0.000687864708326971,-0.0022194959599292612,-0.15627513778307245,-0.28809224506735254,R→S
2644,528,T,433782,433632,434032,400,0.425695,781,124.30001055477027,-0.3857623587369095,-0.03221297231029086,-0.3850744940285825,-0.0299934763503616,S→T
2645,529,P,434164,434136,434208,72,0.15574,757,120.48029192056477,0.043889944040688925,0.0013132551341282531,0.4296523027775984,0.03352622744441912,T→P
2646,529,Q,434269,434245,434278,33,-0.276336,757,120.48029192056477,-0.021432605403723333,-0.024047178446117617,-0.06532254944441226,-0.02536043358024587,P→Q
2647,529,R,434298,434278,434315,37,1.704261,757,120.48029192056477,0.1512203654529726,0.29445176793221967,0.17265297085669593,0.3184989463783373,Q→R
2648,529,S,434319,434315,434332,17,-0.11049700000000001,757,120.48029192056477,-0.0021742917630124996,-0.007947303536179414,-0.1533946572159851,-0.30239907146839906,R→S
2649,529,T,434561,434411,434649,238,0.424826,757,120.48029192056477,-0.34550001114252993,0.019373592701606275,-0.34332571937951745,0.02732089623778569,S→T
2650,530,P,434921,434890,434949,59,0.16877999999999999,739,117.61550294491066,0.0390032765369731,-0.00020185268938277876,0.38450328767950304,-0.019575445390989054,T→P
2651,530,Q,435023,434982,435033,51,-0.24709400000000004,739,117.61550294491066,-0.028629138260357703,-0.02991662805920569,-0.0676324147973308,-0.02971477536982291,P→Q
2652,530,R,435046,435033,435071,38,1.592006,739,117.61550294491066,0.14455491879986124,0.28741757763042336,0.17318405706021894,0.31733420568962906,Q→R
2653,530,S,435076,435071,435084,13,-0.10267400000000002,739,117.61550294491066,-0.001700176601543844,-0.006674600873192836,-0.14625509540140508,-0.2940921785036162,R→S
2654,530,T,435320,435173,435369,196,0.30565299999999995,739,117.61550294491066,-0.224676312413761,-0.0003426120219002663,-0.22297613581221715,0.00633198885129257,S→T
2655,531,P,435660,435616,435706,90,0.1769,798,127.00564458733248,0.04991592809704892,-0.00010668182501019761,0.2745922405108099,0.00023593019689006867,T→P
2656,531,Q,435761,435745,435771,26,-0.20124099999999998,798,127.00564458733248,-0.01605328756045525,-0.01605671160425073,-0.06596921565750417,-0.015950029779240534,P→Q
2657,531,R,435791,435771,435810,39,1.676147,798,127.00564458733248,0.16695604572644837,0.2707892526735866,0.1830093332869036,0.2868459642778373,Q→R
2658,531,S,435814,435810,435819,9,-0.084677,798,127.00564458733248,-0.0013841782757238804,-0.003683954966884696,-0.16834022400217225,-0.2744732076404713,R→S
2659,531,T,436059,435909,436187,278,0.399042,798,127.00564458733248,-0.3263249096639301,0.07241134635129462,-0.32494073138820617,0.07609530131817932,S→T
2660,532,P,436458,436415,436485,70,0.1449935,859,136.7140961159381,0.03389108392484092,-0.0023451617694013106,0.360215993588771,-0.07475650812069592,T→P
2661,532,Q,436551,436520,436561,41,-0.2934835,859,136.7140961159381,-0.025671472211583824,-0.019413339621745768,-0.05956255613642475,-0.017068177852344456,P→Q
2662,532,R,436581,436561,436600,39,1.7364264999999999,859,136.7140961159381,0.17985694072681765,0.22256412211181917,0.2055284129384015,0.24197746173356494,Q→R
2663,532,S,436606,436600,436614,14,-0.1571645,859,136.7140961159381,-0.004513747750051579,-0.00853360184836055,-0.18437068847686924,-0.23109772396017972,R→S
2664,532,T,436838,436688,436905,217,0.3595885,859,136.7140961159381,-0.21308657564141428,0.1157899845731112,-0.2085728278913627,0.12432358642147175,S→T
2665,533,P,437317,437273,437344,71,0.16328700000000002,778,123.82254572549458,0.0392108358699198,-0.0022783827001749456,0.2522974115113341,-0.11806836727328614,T→P
2666,533,Q,437412,437378,437422,44,-0.29664599999999997,778,123.82254572549458,-0.028234047090296397,-0.02506004572141514,-0.0674448829602162,-0.022781663021240194,P→Q
2667,533,R,437441,437422,437461,39,1.623062,778,123.82254572549458,0.163021949470649,0.25236346660089826,0.19125599656094538,0.2774235123223134,Q→R
2668,533,S,437465,437461,437475,14,-0.17541999999999996,778,123.82254572549458,-0.004444140573612248,-0.011869914333204066,-0.16746609004426125,-0.2642333809341023,R→S
2669,533,T,437716,437572,437764,192,0.332048,778,123.82254572549458,-0.2244564692662337,0.04021542461364672,-0.22001232869262144,0.05208533894685079,S→T
2670,534,P,438095,438051,438123,72,0.158922,782,124.45916549786216,0.04439885052734341,-0.0034887885542331776,0.26885531979357713,-0.0437042131678799,T→P
2671,534,Q,438188,438178,438196,18,-0.276632,782,124.45916549786216,-0.0176345474721268,-0.01608147552641648,-0.062033397999470205,-0.012592686972183303,P→Q
2672,534,R,438215,438196,438240,44,1.683657,782,124.45916549786216,0.18055704666668065,0.26438014921045944,0.19819159413880746,0.2804616247368759,Q→R
2673,534,S,438244,438240,438250,10,-0.073652,782,124.45916549786216,-0.0012969726654451835,-0.0033242451237768264,-0.18185401933212583,-0.26770439433423626,R→S
2674,534,T,438475,438325,438725,400,0.400781,782,124.45916549786216,-0.38843709328252973,-0.018287419638751228,-0.3871401206170845,-0.014963174514974403,S→T
2675,535,P,438877,438847,438921,74,0.1649885,817,130.02958850607848,0.04869907598610854,0.0016136358839705881,0.4371361692686383,0.019901055522721818,T→P
2676,535,Q,438983,438960,438992,32,-0.27289650000000004,817,130.02958850607848,-0.017270097348576156,-0.017660814750800908,-0.0659691733346847,-0.019274450634771498,P→Q
2677,535,R,439013,438992,439030,38,1.7494665,817,130.02958850607848,0.15926257575926925,0.26318833702284883,0.1765326731078454,0.2808491517736497,Q→R
2678,535,S,439035,439030,439045,15,-0.09366549999999998,817,130.02958850607848,-0.0022893910280338357,-0.006377784617228338,-0.16155196678730308,-0.26956612164007715,R→S
2679,535,T,439274,439124,439362,238,0.4132105,817,130.02958850607848,-0.3067316323814658,0.08828990887621088,-0.30444224135343195,0.09466769349343922,S→T
2680,536,P,439694,439667,439739,72,0.1528365,877,139.5788850915922,0.037932671050550947,0.0015163606240252553,0.3446643034320167,-0.08677354825218563,T→P
2681,536,Q,439801,439777,439810,33,-0.2885255,877,139.5788850915922,-0.019938830036067813,-0.018455672903985133,-0.05787150108661876,-0.01997203352801039,P→Q
2682,536,R,439831,439810,439848,38,1.7274745,877,139.5788850915922,0.16114833981035728,0.23284339576342175,0.1810871698464251,0.25129906866740687,Q→R
2683,536,S,439854,439848,439864,16,-0.07973849999999999,877,139.5788850915922,-0.0024481213526882724,-0.0055427408771594406,-0.16359646116304555,-0.2383861366405812,R→S
2684,536,T,440092,439942,440160,218,0.3906265,877,139.5788850915922,-0.23845492591797018,0.12102515477944667,-0.23600680456528192,0.12656789565660612,S→T
2685,537,P,440571,440546,440604,58,0.134839,783,124.61832044095405,0.031626024068196805,0.0008744475631438394,0.270080949986167,-0.12015070721630283,T→P
2686,537,Q,440678,440655,440687,32,-0.287953,783,124.61832044095405,-0.0233519715882262,-0.025593710290203683,-0.054977995656423,-0.026468157853347524,P→Q
2687,537,R,440707,440687,440725,38,1.555771,783,124.61832044095405,0.14124132900691944,0.25972435069133015,0.16459330059514563,0.28531806098153384,Q→R
2688,537,S,440729,440725,440745,20,-0.054824,783,124.61832044095405,-0.0016360056944638083,-0.005946194106740259,-0.14287733470138325,-0.2656705447980704,R→S
2689,537,T,440971,440825,441036,211,0.323317,783,124.61832044095405,-0.22717964765433335,0.0284456097074884,-0.22554364195986953,0.03439180381422866,S→T
2690,538,P,441354,441322,441396,74,0.152244,775,123.34508089621889,0.0389003878912046,0.00030829935198261834,0.26608003554553794,-0.028137310355505783,T→P
2691,538,Q,441457,441433,441466,33,-0.279278,775,123.34508089621889,-0.022394229226208723,-0.023345318405445143,-0.061294617117413325,-0.02365361775742776,P→Q
2692,538,R,441486,441466,441505,39,1.631182,775,123.34508089621889,0.159219219525078,0.2781640220661143,0.18161344875128674,0.3015093404715594,Q→R
2693,538,S,441512,441505,441517,12,-0.025802999999999993,775,123.34508089621889,-0.0004354927763438873,-0.0014102871338569506,-0.1596547123014219,-0.2795743091999712,R→S
2694,538,T,441750,441600,442000,400,0.395842,775,123.34508089621889,-0.34808933263433856,-0.03823296853122743,-0.3476538398579947,-0.03682268139737048,S→T
2695,539,P,442129,442101,442176,75,0.159199,821,130.66620827844608,0.04048026974044387,0.0017135268385249918,0.38856960237478244,0.03994649536975242,T→P
2696,539,Q,442235,442214,442243,29,-0.24328399999999997,821,130.66620827844608,-0.01844555908692954,-0.01846704857867459,-0.05892582882737341,-0.020180575417199583,P→Q
2697,539,R,442263,442243,442281,38,1.670616,821,130.66620827844608,0.15992308275797656,0.25731753931542484,0.1783686418449061,0.27578458789409943,Q→R
2698,539,S,442286,442281,442294,13,-0.09131700000000001,821,130.66620827844608,-0.0017752639546144621,-0.00459048319360611,-0.16169834671259103,-0.26190802250903095,R→S
2699,539,T,442528,442378,442595,217,0.375533,821,130.66620827844608,-0.25915392216834443,0.08516316168173373,-0.25737865821372996,0.08975364487533984,S→T
2700,540,P,442950,442922,442994,72,0.148489,859,136.7140961159381,0.03752194895372544,0.0009665245786719872,0.2966758711220699,-0.08419663710306174,T→P
2701,540,Q,443056,443032,443064,32,-0.284734,859,136.7140961159381,-0.020166188253199192,-0.018742654987712406,-0.05768813720692463,-0.019709179566384395,P→Q
2702,540,R,443085,443064,443102,38,1.723127,859,136.7140961159381,0.16236946573490987,0.23819990577294492,0.18253565398810906,0.2569425607606573,Q→R
2703,540,S,443108,443102,443119,17,-0.09684800000000002,859,136.7140961159381,-0.003132169609188902,-0.007231789854196888,-0.16550163534409879,-0.24543169562714182,R→S
2704,540,T,443347,443197,443414,217,0.38454000000000005,859,136.7140961159381,-0.2313832273394073,0.10227751383184028,-0.2282510577302184,0.10950930368603716,S→T
2705,541,P,443809,443781,443852,71,0.127293,815,129.7112786198947,0.03484838506619289,0.0012671159275169637,0.26623161240560017,-0.10101039790432331,T→P
2706,541,Q,443915,443887,443925,38,-0.301898,815,129.7112786198947,-0.023287393072373732,-0.023519428299311716,-0.058135778138566616,-0.02478654422682868,P→Q
2707,541,R,443945,443925,443963,38,1.723387,815,129.7112786198947,0.15233168247629048,0.2569787805556709,0.1756190755486642,0.2804982088549826,Q→R
2708,541,S,443971,443963,443980,17,-0.111089,815,129.7112786198947,-0.002862865599961971,-0.008447947661375903,-0.15519454807625244,-0.2654267282170468,R→S
2709,541,T,444205,444056,444272,216,0.35639,815,129.7112786198947,-0.2376029061314181,0.060240133945921606,-0.23474004053145614,0.0686880816072975,S→T
2710,542,P,444624,444581,444652,71,0.166745,719,114.43240408307275,0.0408626741539336,-0.0013179301905238896,0.2784655802853517,-0.061558064136445496,T→P
2711,542,Q,444721,444687,444734,47,-0.24909099999999998,719,114.43240408307275,-0.025166422215011988,-0.02673257070592653,-0.06602909636894558,-0.02541464051540264,P→Q
2712,542,R,444747,444734,444772,38,1.6300350000000001,719,114.43240408307275,0.1465431019512359,0.2969505726903402,0.1717095241662479,0.32368314339626675,Q→R
2713,542,S,444778,444772,444784,12,-0.08957799999999999,719,114.43240408307275,-0.0013334203978216334,-0.005727793682024644,-0.14787652234905754,-0.30267836637236484,R→S
2714,542,T,445024,444874,445091,217,0.333213,719,114.43240408307275,-0.2746803420333364,-0.021117543810570426,-0.2733469216355148,-0.015389750128545782,S→T
2715,543,P,445343,445318,445371,53,0.15426,719,114.43240408307275,0.038618426289920293,0.000703428476124256,0.3132987683232567,0.021820972286694683,T→P
2716,543,Q,445445,445405,445455,50,-0.26098499999999997,719,114.43240408307275,-0.031344908996911135,-0.03346377152777861,-0.06996333528683144,-0.034167200003902866,P→Q
2717,543,R,445468,445455,445492,37,1.647699,719,114.43240408307275,0.14337627483764892,0.3049340975124002,0.17472118383456006,0.3383978690401788,Q→R
2718,543,S,445498,445492,445505,13,-0.08526899999999998,719,114.43240408307275,-0.001308937554677424,-0.005905533228967429,-0.14468521239232635,-0.3108396307413676,R→S
2719,543,T,445742,445592,445810,218,0.34103700000000003,719,114.43240408307275,-0.29186790036198274,-0.021193384592033626,-0.2905589628073053,-0.015287851363066197,S→T
2720,544,P,446062,446018,446089,71,0.176326,759,120.79860180674856,0.04930401009112625,-0.00320934386323097,0.34117191045310896,0.017984040728802657,T→P
2721,544,Q,446153,446142,446161,19,-0.289414,759,120.79860180674856,-0.019282476218924163,-0.017858912229624543,-0.0685864863100504,-0.014649568366393573,P→Q
2722,544,R,446182,446161,446203,42,1.6743890000000001,759,120.79860180674856,0.17872438031311005,0.26948170739814603,0.1980068565320342,0.2873406196277706,Q→R
2723,544,S,446209,446203,446215,12,-0.107298,759,120.79860180674856,-0.0022481731553810245,-0.00602650903282476,-0.1809725534684911,-0.2755082164309708,R→S
2724,544,T,446441,446291,446508,217,0.35552,759,120.79860180674856,-0.26984946775785085,0.06468603515049122,-0.26760129460246984,0.07071254418331598,S→T
2725,545,P,446821,446791,446867,76,0.169057,817,130.02958850607848,0.040633509892762196,0.000774076889129845,0.31048297765061306,-0.06391195826136137,T→P
2726,545,Q,446923,446905,446933,28,-0.225878,817,130.02958850607848,-0.019246322039139833,-0.01865049580025016,-0.05987983193190203,-0.019424572689380006,P→Q
2727,545,R,446952,446933,446969,36,1.6659739999999998,817,130.02958850607848,0.16328794290003684,0.25422663678444657,0.18253426493917668,0.2728771325846967,Q→R
2728,545,S,446975,446969,446982,13,-0.160364,817,130.02958850607848,-0.0035857733224061643,-0.008791850161730782,-0.166873716222443,-0.26301848694617735,R→S
2729,545,T,447220,447070,447286,216,0.36859699999999995,817,130.02958850607848,-0.2527612976392499,0.08285946632424492,-0.24917552431684376,0.0916513164859757,S→T
2730,546,P,447638,447596,447665,69,0.137151,760,120.95775674984046,0.03363886509076935,-0.002406841520776247,0.2864001627300193,-0.08526630784502116,T→P
2731,546,Q,447731,447700,447741,41,-0.31231200000000003,760,120.95775674984046,-0.028751597223942767,-0.0260829584178594,-0.06239046231471211,-0.02367611689708315,P→Q
2732,546,R,447761,447741,447781,40,1.6317739999999998,760,120.95775674984046,0.16437850165358853,0.2602991253552282,0.1931300988775313,0.2863820837730876,Q→R
2733,546,S,447787,447781,447796,15,-0.154575,760,120.95775674984046,-0.003567991464571151,-0.010209918088231735,-0.16794649311815968,-0.27050904344345994,R→S
2734,546,T,448019,447874,448085,211,0.321006,760,120.95775674984046,-0.22485010194944527,0.03624053305306272,-0.22128211048487412,0.04645045114129445,S→T
2735,547,P,448398,448353,448430,77,0.1731075,798,127.00564458733248,0.04454218633115936,-0.0013008530302644847,0.26939228828060463,-0.0375413860833272,T→P
2736,547,Q,448499,448484,448509,25,-0.21024949999999998,798,127.00564458733248,-0.016855106693911437,-0.016711290221649588,-0.0613972930250708,-0.015410437191385103,P→Q
2737,547,R,448523,448509,448548,39,1.6584455,798,127.00564458733248,0.16491603951771916,0.2658847272034847,0.1817711462116306,0.2825960174251343,Q→R
2738,547,S,448553,448548,448557,9,-0.0629065,798,127.00564458733248,-0.0010327130757432502,-0.0027602619667652156,-0.16594875259346242,-0.2686449891702499,R→S
2739,547,T,448797,448647,448865,218,0.3836715,798,127.00564458733248,-0.310131295386208,0.08702352152316027,-0.3090985823104647,0.08978378348992548,S→T
2740,548,P,449196,449152,449243,91,0.18183850000000001,819,130.3478983922623,0.05295621375996902,-0.0009168775666898854,0.363087509146177,-0.08794039908985016,T→P
2741,548,Q,449293,449282,449304,22,-0.21661149999999998,819,130.3478983922623,-0.015806150282834417,-0.014611474127405046,-0.06876236404280343,-0.01369459656071516,P→Q
2742,548,R,449324,449304,449343,39,1.6729465000000001,819,130.3478983922623,0.17254323207235722,0.2543338904566753,0.18834938235519164,0.26894536458408036,Q→R
2743,548,S,449347,449343,449354,11,-0.1423675,819,130.3478983922623,-0.0033834086129352833,-0.007853832369434068,-0.1759266406852925,-0.26218772282610936,R→S
2744,548,T,449575,449425,449663,238,0.40568250000000006,819,130.3478983922623,-0.2983860734690013,0.1194580345092049,-0.295002664856066,0.12731186687863896,S→T
2745,549,P,450015,449970,450043,73,0.1882005,778,123.82254572549458,0.04978452293531671,-0.0026925697564024287,0.348170596404318,-0.12215060426560734,T→P
2746,549,Q,450111,450099,450123,24,-0.2514225,778,123.82254572549458,-0.01940958304018814,-0.019091166488270528,-0.06919410597550485,-0.0163985967318681,P→Q
2747,549,R,450141,450123,450161,38,1.6497515,778,123.82254572549458,0.164667536380648,0.26713822568398293,0.18407711942083613,0.28622939217225346,Q→R
2748,549,S,450165,450161,450173,12,-0.1487675,778,123.82254572549458,-0.0033768858410329807,-0.009291159764287849,-0.16804442222168098,-0.2764293854482708,R→S
2749,549,T,450414,450264,450462,198,0.3534845,778,123.82254572549458,-0.2510407929905713,0.05069269848346383,-0.24766390714953831,0.05998385824775168,S→T
2750,550,P,450793,450750,450821,71,0.1635635,740,117.77465788800255,0.04282708826803268,-0.0013215932003777988,0.29386788125860397,-0.05201429168384163,T→P
2751,550,Q,450891,450878,450903,25,-0.21983049999999998,740,117.77465788800255,-0.01916120675018486,-0.02116780234375163,-0.06198829501821754,-0.01984620914337383,P→Q
2752,550,R,450917,450903,450942,39,1.6540805,740,117.77465788800255,0.15143380362939665,0.2904022360269557,0.17059501037958152,0.31157003837070735,Q→R
2753,550,S,450948,450942,450953,11,-0.07481849999999998,740,117.77465788800255,-0.0010675310627409151,-0.00397578087606705,-0.15250133469213756,-0.29437801690302273,R→S
2754,550,T,451193,451043,451282,239,0.3706125,740,117.77465788800255,-0.3211693749250044,0.00014668437821230965,-0.3201018438622635,0.004122465254279359,S→T
2755,551,P,451533,451504,451580,76,0.16646850000000002,798,127.00564458733248,0.0471138578153861,0.0021194790434198594,0.36828323274039054,0.0019727946652075496,T→P
2756,551,Q,451639,451617,451648,31,-0.2545845,798,127.00564458733248,-0.017221562224590446,-0.018220633029031125,-0.06433542003997655,-0.020340112072450983,P→Q
2757,551,R,451668,451648,451686,38,1.6801795,798,127.00564458733248,0.15666563133826886,0.27227300780552816,0.1738871935628593,0.2904936408345593,Q→R
2758,551,S,451690,451686,451698,12,-0.061481499999999994,798,127.00564458733248,-0.0010537099462892433,-0.0030980440142482054,-0.1577193412845581,-0.27537105181977634,R→S
2759,551,T,451932,451782,452020,238,0.41469049999999996,798,127.00564458733248,-0.32986537210579076,0.08098403176039609,-0.3288116621595015,0.0840820757746443,S→T
2760,552,P,452331,452286,452358,72,0.1481745,739,117.61550294491066,0.04764860282222037,-0.004818453144187801,0.37751397492801114,-0.08580248490458389,T→P
2761,552,Q,452421,452412,452430,18,-0.27635550000000003,739,117.61550294491066,-0.018218565072799568,-0.0176000747463426,-0.06586716789501994,-0.012781621602154798,P→Q
2762,552,R,452451,452430,452471,41,1.7431225000000001,739,117.61550294491066,0.1791234934328839,0.28418823572853846,0.19734205850568345,0.3017883104748811,Q→R
2763,552,S,452478,452471,452484,13,-0.1035245,739,117.61550294491066,-0.0023645365202027424,-0.006846697822837239,-0.18148802995308663,-0.2910349335513757,R→S
2764,552,T,452710,452560,452777,217,0.3453835,739,117.61550294491066,-0.2626291920571896,0.036223783686175355,-0.26026465553698686,0.0430704815090126,S→T
2765,553,P,453070,453044,453116,72,0.141793,759,120.79860180674856,0.03933029162503131,0.002121535168172912,0.3019594836822209,-0.03410224851800244,T→P
2766,553,Q,453178,453152,453187,35,-0.327979,759,120.79860180674856,-0.024307628853801437,-0.02848573354746013,-0.06363792047883274,-0.03060726871563304,P→Q
2767,553,R,453209,453187,453227,40,1.600422,759,120.79860180674856,0.13377414779318164,0.27801896475455645,0.15808177664698309,0.3065046983020166,Q→R
2768,553,S,453237,453227,453244,17,-0.09307400000000002,759,120.79860180674856,-0.0011434126511542287,-0.005711791262828363,-0.13491756044433587,-0.2837307560173848,R→S
2769,553,T,453469,453319,453537,218,0.340149,759,120.79860180674856,-0.2665171068549349,0.016471404791909,-0.26537369420378065,0.022183196054737363,S→T
2770,554,P,453829,453798,453875,77,0.1769,858,136.5549411728462,0.04230421999957029,0.0007285823801668905,0.3088213268545052,-0.01574282241174211,T→P
2771,554,Q,453930,453913,453939,26,-0.212265,858,136.5549411728462,-0.017315578800851467,-0.015345055950489126,-0.05961979880042176,-0.016073638330656018,P→Q
2772,554,R,453959,453939,453977,38,1.658131,858,136.5549411728462,0.17025003329380056,0.23493152115734653,0.18756561209465203,0.25027657710783563,Q→R
2773,554,S,453982,453977,453989,12,-0.136874,858,136.5549411728462,-0.0033187860978768466,-0.006862739376093853,-0.1735688193916774,-0.24179426053344039,R→S
2774,554,T,454227,454077,454295,218,0.386242,858,136.5549411728462,-0.24797660825754,0.12440675018316526,-0.24465782215966317,0.1312694895592591,S→T
2775,555,P,454687,454642,454734,92,0.18095050000000001,862,137.19156094521378,0.04784135553923005,0.00017913202927001822,0.29581796379677006,-0.12422761815389524,T→P
2776,555,Q,454791,454771,454799,28,-0.21576149999999997,862,137.19156094521378,-0.017804886236967517,-0.01609820967111483,-0.06564624177619757,-0.016277341700384848,P→Q
2777,555,R,454819,454799,454836,37,1.6673974999999999,862,137.19156094521378,0.16692227824347253,0.23419482904368996,0.18472716448044005,0.2502930387148048,Q→R
2778,555,S,454842,454836,454848,12,-0.1217995,862,137.19156094521378,-0.0026503875037454574,-0.005569163656873322,-0.169572665747218,-0.23976399270056328,R→S
2779,555,T,455089,454939,455174,235,0.41407950000000004,862,137.19156094521378,-0.2827349980440985,0.131362341284948,-0.28008461054035305,0.13693150494182132,S→T
2780,556,P,455549,455522,455592,70,0.13426549999999998,778,123.82254572549458,0.03726063537883997,0.0015364519227076714,0.31999563342293846,-0.12982588936224032,T→P
2781,556,Q,455654,455629,455664,35,-0.3239285,778,123.82254572549458,-0.024605282169767578,-0.026650755355847704,-0.06186591754860754,-0.028187207278555376,P→Q
2782,556,R,455685,455664,455706,42,1.5795395,778,123.82254572549458,0.14146166872948895,0.2624568069347739,0.16606695089925652,0.2891075622906216,Q→R
2783,556,S,455713,455706,455720,14,-0.0954235,778,123.82254572549458,-0.0012712340506428612,-0.0049495890693566184,-0.14273290278013182,-0.2674063960041305,R→S
2784,556,T,455945,455795,456012,217,0.31112850000000003,778,123.82254572549458,-0.24436677137107474,0.03673816729620898,-0.24309553732043188,0.0416877563655656,S→T
2785,557,P,456327,456297,456370,73,0.1502095,797,126.84648964424059,0.037724389525651894,0.0004753698737615782,0.28209116089672664,-0.0362627974224474,T→P
2786,557,Q,456431,456405,456440,35,-0.2940375,797,126.84648964424059,-0.023112776835009653,-0.023512359574161656,-0.06083716636066155,-0.023987729447923233,P→Q
2787,557,R,456461,456440,456479,39,1.6366934999999998,797,126.84648964424059,0.1563746104414945,0.2632341322385636,0.17948738727650415,0.28674649181272527,Q→R
2788,557,S,456485,456479,456496,17,-0.06553250000000002,797,126.84648964424059,-0.0017840745807149283,-0.005387991083147865,-0.15815868502220942,-0.2686221233217115,R→S
2789,557,T,456724,456594,456771,177,0.2998455,797,126.84648964424059,-0.19707951283178388,0.04697270382795808,-0.19529543825106896,0.05236069491110595,S→T
2790,558,P,457124,457095,457169,74,0.156591,837,133.2126873679164,0.03694879100136262,0.0009367375895397446,0.2340283038331465,-0.04603596623841834,T→P
2791,558,Q,457229,457207,457238,31,-0.255177,837,133.2126873679164,-0.020968077669654556,-0.01998647223275586,-0.057916868671017176,-0.020923209822295605,P→Q
2792,558,R,457258,457238,457275,37,1.666862,837,133.2126873679164,0.16002863019432959,0.24455024311580947,0.18099670786398414,0.2645367153485653,Q→R
2793,558,S,457279,457275,457293,18,-0.133951,837,133.2126873679164,-0.003329385604010613,-0.008022091029788792,-0.1633580157983402,-0.25257233414559827,R→S
2794,558,T,457522,457372,457591,219,0.386835,837,133.2126873679164,-0.2601503187255635,0.09371564613345745,-0.25682093312155285,0.10173773716324624,S→T
2795,559,P,457961,457917,457989,72,0.169908,779,123.98170066858647,0.04269018455050264,-0.0016879244196699864,0.30284050327606615,-0.09540357055312744,T→P
2796,559,Q,458059,458046,458070,24,-0.24592899999999998,779,123.98170066858647,-0.019845523233656102,-0.01996067867417299,-0.06253570778415875,-0.018272754254503004,P→Q
2797,559,R,458083,458070,458108,38,1.620435,779,123.98170066858647,0.1594211983579227,0.2630976357488843,0.1792667215915788,0.2830583144230573,Q→R
2798,559,S,458113,458108,458121,13,-0.14963600000000002,779,123.98170066858647,-0.0033456072286990554,-0.00947322835768892,-0.16276680558662177,-0.2725708641065732,R→S
2799,559,T,458361,458211,458410,199,0.34099999999999997,779,123.98170066858647,-0.24586185175815525,0.04543085378529541,-0.2425162445294562,0.05490408214298433,S→T
2800,560,P,458740,458696,458767,71,0.1623985,799,127.16479953042438,0.042058237483657106,-0.0025464610880683385,0.28792008924181234,-0.04797731487336375,T→P
2801,560,Q,458833,458824,458842,18,-0.27663249999999995,799,127.16479953042438,-0.01745092357238736,-0.01557632442633248,-0.059509161056044466,-0.013029863338264142,P→Q
2802,560,R,458860,458842,458886,44,1.6650855,799,127.16479953042438,0.17960205178723046,0.2552081005226771,0.19705297535961783,0.2707844249490096,Q→R
2803,560,S,458889,458886,458895,9,-0.07657549999999999,799,127.16479953042438,-0.0013722158854778358,-0.003296496240272569,-0.1809742676727083,-0.2585045967629497,R→S
2804,560,T,459120,458970,459370,400,0.42974650000000003,799,127.16479953042438,-0.4196729676380714,-0.002978398367678423,-0.41830075175259357,0.00031809787259414607,S→T
2805,561,P,459539,459493,459567,74,0.162103,842,134.0084620833759,0.04588160788733021,-0.002823129630716535,0.4655545755254016,0.00015526873696188786,T→P
2806,561,Q,459632,459622,459641,19,-0.263611,842,134.0084620833759,-0.016450574630398777,-0.013613560755433397,-0.062332182517728985,-0.010790431124716861,P→Q
2807,561,R,459662,459641,459681,40,1.729194,842,134.0084620833759,0.18142348347181547,0.23264103997072605,0.19787405810221426,0.24625460072615946,Q→R
2808,561,S,459687,459681,459694,13,-0.144716,842,134.0084620833759,-0.003461983151112324,-0.006868996223353497,-0.1848854666229278,-0.23951003619407954,R→S
2809,561,T,459919,459769,460169,400,0.422495,842,134.0084620833759,-0.33252917956249667,0.09621060098777165,-0.3290671964113843,0.10307959721112514,S→T
2810,562,P,460381,460353,460424,71,0.1438465,835,132.89437748173262,0.039807511797588624,0.0016091866453751043,0.3723366913600853,-0.09460141434239655,T→P
2811,562,Q,460487,460461,460496,35,-0.29984550000000004,835,132.89437748173262,-0.020570370983071625,-0.02033478895965251,-0.06037788278066025,-0.021943975605027616,P→Q
2812,562,R,460517,460496,460535,39,1.7201865,835,132.89437748173262,0.15492348916775314,0.24683003698693082,0.17549386015082477,0.2671648259465833,Q→R
2813,562,S,460544,460535,460552,17,-0.1153995,835,132.89437748173262,-0.002835017992128256,-0.0076636027871898734,-0.1577585071598814,-0.2544936397741207,R→S
2814,562,T,460776,460628,460844,216,0.35263449999999996,835,132.89437748173262,-0.22927111495220612,0.07692876366787747,-0.22643609696007785,0.08459236645506735,S→T
2815,563,P,461216,461172,461241,69,0.1304925,739,117.61550294491066,0.036808339521667496,-0.003403522583503092,0.2660794544738736,-0.08033228625138056,T→P
2816,563,Q,461306,461278,461316,38,-0.3120155,739,117.61550294491066,-0.028288409075501324,-0.025542363018714122,-0.06509674859716882,-0.02213884043521103,P→Q
2817,563,R,461336,461316,461358,42,1.5902685,739,117.61550294491066,0.16968304711959564,0.26724477932326035,0.19797145619509696,0.29278714234197445,Q→R
2818,563,S,461364,461358,461371,13,-0.10208149999999999,739,117.61550294491066,-0.00179667444859767,-0.005606370339514965,-0.1714797215681933,-0.2728511496627753,R→S
2819,563,T,461595,461465,461664,199,0.3236325,739,117.61550294491066,-0.24973398398109406,0.019051281563314804,-0.2479373095324964,0.02465765190282977,S→T
2820,564,P,461955,461926,461987,61,0.153113,799,127.16479953042438,0.035826714927677,0.0003157538982019629,0.28556069890877106,-0.01873552766511284,T→P
2821,564,Q,462060,462036,462069,33,-0.263316,799,127.16479953042438,-0.02165775568575929,-0.022292242318889405,-0.05748447061343629,-0.022607996217091367,P→Q
2822,564,R,462089,462069,462106,37,1.626243,799,127.16479953042438,0.15482873347836223,0.262170393489279,0.17648648916412152,0.28446263580816844,Q→R
2823,564,S,462111,462106,462121,15,-0.10324799999999999,799,127.16479953042438,-0.002213774623593291,-0.006351234919327327,-0.15704250810195552,-0.2685216284086063,R→S
2824,564,T,462354,462204,462398,194,0.2726,799,127.16479953042438,-0.18401409779304315,0.06842969290163396,-0.18180032316944986,0.0747809278209613,S→T
2825,565,P,462754,462726,462781,55,0.1357455,857,136.39578622975432,0.025591312892348318,-0.00015436591354862973,0.20960541068539146,-0.06858405881518259,T→P
2826,565,Q,462856,462796,462866,70,-0.2406935,857,136.39578622975432,-0.03554753953044395,-0.026544423161799783,-0.06113885242279227,-0.026390057248251154,P→Q
2827,565,R,462886,462866,462902,36,1.6500485,857,136.39578622975432,0.1642288329818598,0.23113091299650668,0.19977637251230376,0.25767533615830646,Q→R
2828,565,S,462908,462902,462917,15,-0.1641185,857,136.39578622975432,-0.0042089676211561865,-0.00896027385305931,-0.168437800603016,-0.24009118684956599,R→S
2829,565,T,463153,463003,463222,219,0.3943995,857,136.39578622975432,-0.25003866850622847,0.10906006172827742,-0.24582970088507228,0.11802033558133673,S→T
2830,566,P,463611,463568,463639,71,0.13513499999999998,802,127.64226435970006,0.036337238663237355,-0.002643935464591009,0.2863759071694658,-0.11170399719286843,T→P
2831,566,Q,463703,463675,463712,37,-0.293464,802,127.64226435970006,-0.023880929255143974,-0.01981270801650649,-0.06021816791838133,-0.01716877255191548,P→Q
2832,566,R,463733,463712,463754,42,1.654654,802,127.64226435970006,0.1760234505348073,0.24128407846801703,0.1999043797899513,0.2610967864845235,Q→R
2833,566,S,463760,463754,463766,12,-0.10091700000000003,802,127.64226435970006,-0.0022984679578276616,-0.005340596530413081,-0.17832191849263496,-0.2466246749984301,R→S
2834,566,T,463991,463843,464058,215,0.290579,802,127.64226435970006,-0.1940700622155247,0.06731995295995116,-0.19177159425769705,0.07266054949036424,S→T
2835,567,P,464413,464381,464457,76,0.156276,876,139.41973014850032,0.03836097359584033,0.0008173495470201262,0.23243103581136504,-0.06650260341293103,T→P
2836,567,Q,464518,464496,464526,30,-0.250275,876,139.41973014850032,-0.01769939086620079,-0.01578218983036179,-0.056060364462041115,-0.016599539377381914,P→Q
2837,567,R,464546,464526,464565,39,1.653192,876,139.41973014850032,0.16707738098130087,0.2287252625907013,0.18477677184750166,0.2445074524210631,Q→R
2838,567,S,464568,464565,464576,11,-0.03508800000000001,876,139.41973014850032,-0.0007810335938520889,-0.0016400837526783887,-0.16785841457515296,-0.23036534634337968,R→S
2839,567,T,464810,464660,464898,238,0.413229,876,139.41973014850032,-0.27208122463994705,0.14523698249968406,-0.271300191046095,0.14687706625236244,S→T
2840,568,P,465289,465241,465338,97,0.158034,899,143.08029383961392,0.05056527998315816,-0.0014936195227385912,0.3226465046231052,-0.14673060202242266,T→P
2841,568,Q,465379,465371,465388,17,-0.260134,899,143.08029383961392,-0.014390432151312478,-0.0105334641843365,-0.06495571213447063,-0.009039844661597908,P→Q
2842,568,R,465409,465388,465430,42,1.755275,899,143.08029383961392,0.19059432904534265,0.20752051941987243,0.20498476119665512,0.21805398360420894,Q→R
2843,568,S,465436,465430,465441,11,-0.083234,899,143.08029383961392,-0.0021613656657542696,-0.0035130928996740577,-0.19275569471109694,-0.21103361231954648,R→S
2844,568,T,465668,465518,465776,258,0.43525800000000003,899,143.08029383961392,-0.2627632669039887,0.19615132405069405,-0.26060190123823446,0.1996644169503681,S→T
2845,569,P,466188,466158,466235,77,0.1763265,802,127.64226435970006,0.044769113731279134,0.0019346628112300076,0.30753238063526783,-0.19421666123946404,T→P
2846,569,Q,466291,466274,466300,26,-0.2093605,802,127.64226435970006,-0.016820561233026905,-0.017059302995523898,-0.061589674964306035,-0.018993965806753905,P→Q
2847,569,R,466314,466300,466339,39,1.5943375,802,127.64226435970006,0.156732485625295,0.2555559156925137,0.1735530468583219,0.27261521868803756,Q→R
2848,569,S,466344,466339,466350,11,-0.0649405,802,127.64226435970006,-0.0011107293363956663,-0.003013754995080313,-0.15784321496169065,-0.258569670687594,R→S
2849,569,T,466587,466437,466655,218,0.39669350000000003,802,127.64226435970006,-0.29960772005714986,0.07612402382346584,-0.2984969907207542,0.07913777881854615,S→T
2850,570,P,466990,466961,467019,58,0.149599,815,129.7112786198947,0.031178342394627228,-5.587865166281241e-05,0.3307860624517771,-0.07617990247512865,T→P
2851,570,Q,467093,467071,467102,31,-0.27086200000000005,815,129.7112786198947,-0.020589922860173703,-0.019841913193049905,-0.05176826525480093,-0.019786034541387092,P→Q
2852,570,R,467122,467102,467141,39,1.6169580000000001,815,129.7112786198947,0.1629859852717973,0.2535254074974414,0.183575908131971,0.2733673206904913,Q→R
2853,570,S,467143,467141,467156,15,-0.041765,815,129.7112786198947,-0.0011466249099617682,-0.003037285689173144,-0.16413261018175906,-0.25656269318661457,R→S
2854,570,T,467386,467236,467454,218,0.393197,815,129.7112786198947,-0.29658133530758995,0.10122866583328483,-0.2954347103976282,0.10426595152245798,S→T
2855,571,P,467805,467775,467852,77,0.187905,841,133.84930714028397,0.042704619446531415,0.0014461080294997236,0.3392859547541214,-0.0997825578037851,T→P
2856,571,Q,467907,467890,467916,26,-0.20706800000000003,841,133.84930714028397,-0.016693801987137262,-0.01549519844106384,-0.05939842143366868,-0.016941306470563564,P→Q
2857,571,R,467936,467916,467954,38,1.6877069999999998,841,133.84930714028397,0.16960700686961264,0.24766181530056253,0.1863008088567499,0.26315701374162637,Q→R
2858,571,S,467959,467954,467965,11,-0.13282300000000002,841,133.84930714028397,-0.0029034584705539533,-0.006504435084421422,-0.1725104653401666,-0.25416625038498397,R→S
2859,571,T,468204,468054,468272,218,0.418741,841,133.84930714028397,-0.29140027116334183,0.1287101387304614,-0.2884968126927879,0.1352145738148828,S→T
2860,572,P,468646,468614,468672,58,0.16702299999999998,776,123.50423583931078,0.03663865454116788,-0.0009382805285194741,0.3280389257045097,-0.12964841925898085,T→P
2861,572,Q,468741,468726,468752,26,-0.27896299999999996,776,123.50423583931078,-0.021772612704385807,-0.02074859189347721,-0.05841126724555369,-0.019810311364957735,P→Q
2862,572,R,468765,468752,468790,38,1.604195,776,123.50423583931078,0.16418070836319248,0.2555388083195773,0.18595332106757828,0.27628740021305453,Q→R
2863,572,S,468795,468790,468802,12,-0.13572700000000001,776,123.50423583931078,-0.003427097062087045,-0.009088105192903985,-0.16760780542527953,-0.2646269135124813,R→S
2864,572,T,469043,468894,469091,197,0.34277599999999997,776,123.50423583931078,-0.23442506446967654,0.046293009517350374,-0.2309979674075895,0.05538111471025436,S→T
2865,573,P,469422,469393,469451,58,0.17081449999999998,803,127.80141930279196,0.038454771531710265,0.0003008089593382622,0.2728798360013868,-0.04599220055801211,T→P
2866,573,Q,469524,469508,469533,25,-0.21661250000000004,803,127.80141930279196,-0.0171893503075,-0.017098941892483455,-0.05564412183921026,-0.017399750851821716,P→Q
2867,573,R,469547,469533,469573,40,1.6682855,803,127.80141930279196,0.16465599869293132,0.2651351815278532,0.1818453490004313,0.28223412342033666,Q→R
2868,573,S,469577,469573,469582,9,-0.055989500000000025,803,127.80141930279196,-0.0009201476636639384,-0.00244909974918762,-0.16557614635659526,-0.2675842812770408,R→S
2869,573,T,469822,469672,470072,400,0.4143755,803,127.80141930279196,-0.3609424883448017,-0.000520018700939002,-0.36002234068113775,0.0019290810482486182,S→T
2870,574,P,470225,470195,470267,72,0.14355099999999998,838,133.3718423110083,0.03812256117490247,0.0009021070488454798,0.3990650495197042,0.0014221257497844817,T→P
2871,574,Q,470330,470286,470340,54,-0.305358,838,133.3718423110083,-0.026777506238795417,-0.023968844447127817,-0.06490006741369789,-0.024870951495973296,P→Q
2872,574,R,470360,470340,470378,38,1.713528,838,133.3718423110083,0.156707564945995,0.24447737966175906,0.1834850711847904,0.26844622410888686,Q→R
2873,574,S,470386,470378,470395,17,-0.10700199999999999,838,133.3718423110083,-0.0031645605569527776,-0.008221211747879872,-0.15987212550294777,-0.2526985914096389,R→S
2874,574,T,470623,470473,470687,214,0.37841800000000003,838,133.3718423110083,-0.24491479135978253,0.09081929075271769,-0.24175023080282976,0.09904050250059757,S→T
2875,575,P,471063,471033,471106,73,0.149044,898,142.92113889652202,0.032619534540444854,0.00039968459415145626,0.27753432590022736,-0.09041960615856623,T→P
2876,575,Q,471167,471145,471175,30,-0.25403000000000003,898,142.92113889652202,-0.019037889287015945,-0.016086887938005275,-0.0516574238274608,-0.01648657253215673,P→Q
2877,575,R,471195,471175,471212,37,1.687133,898,142.92113889652202,0.16989771237302081,0.21831736774305913,0.18893560166003676,0.2344042556810644,Q→R
2878,575,S,471217,471212,471230,18,-0.11134899999999999,898,142.92113889652202,-0.0031153608779208924,-0.0059334860367192335,-0.1730130732509417,-0.22425085377977835,R→S
2879,575,T,471459,471309,471526,217,0.390903,898,142.92113889652202,-0.21919572801150417,0.14254479571891007,-0.21608036713358328,0.1484782817556293,S→T
2880,576,P,471961,471931,472005,74,0.15165299999999998,835,132.89437748173262,0.042672810595324705,0.0016308175997957787,0.26186853860682885,-0.1409139781191143,T→P
2881,576,Q,472066,472044,472075,31,-0.28101600000000004,835,132.89437748173262,-0.01896333115582485,-0.018296225415510195,-0.06163614175114955,-0.019927043015305974,P→Q
2882,576,R,472096,472075,472115,40,1.582462,835,132.89437748173262,0.15512387734348657,0.23733075369295561,0.17408720849931142,0.2556269791084658,Q→R
2883,576,S,472123,472115,472128,13,-0.040895000000000015,835,132.89437748173262,-0.0007334197548245958,-0.001959548483592057,-0.15585729709831117,-0.23929030217654768,R→S
2884,576,T,472358,472208,472429,221,0.368579,835,132.89437748173262,-0.2740844094345189,0.09841729435621907,-0.2733509896796943,0.10037684283981113,S→T
2885,577,P,472796,472754,472824,70,0.153964,859,136.7140961159381,0.03586851151245084,-0.0019034824869541176,0.30995292094696975,-0.10032077684317318,T→P
2886,577,Q,472891,472881,472899,18,-0.254326,859,136.7140961159381,-0.015701956091601736,-0.012841678544120676,-0.051570467604052574,-0.010938196057166559,P→Q
2887,577,R,472920,472899,472941,42,1.69727,859,136.7140961159381,0.18249864326106335,0.23006696683458336,0.1982005993526651,0.24290864537870405,Q→R
2888,577,S,472945,472941,472952,11,-0.098327,859,136.7140961159381,-0.0021888530152098383,-0.004272523518372944,-0.1846874962762732,-0.23433949035295631,R→S
2889,577,T,473180,473030,473265,235,0.398709,859,136.7140961159381,-0.2752710716475845,0.15881372310044561,-0.2730822186323747,0.16308624661881857,S→T
2890,578,P,473655,473612,473683,71,0.1394815,862,137.19156094521378,0.036103621546552486,-0.0021193839248296762,0.311374693194137,-0.1609331070252753,T→P
2891,578,Q,473747,473737,473756,19,-0.2763555,862,137.19156094521378,-0.017423656281520577,-0.013773339708904528,-0.05352727782807307,-0.01165395578407485,P→Q
2892,578,R,473777,473756,473797,41,1.7332455,862,137.19156094521378,0.184063639825042,0.22175875761851307,0.20148729610656257,0.2355320973274176,Q→R
2893,578,S,473803,473797,473810,13,-0.1279025,862,137.19156094521378,-0.003371876326043571,-0.0062531466730394464,-0.18743551615108558,-0.22801190429155252,R→S
2894,578,T,474035,473885,474122,237,0.39525049999999995,862,137.19156094521378,-0.2581733165789692,0.149927284337598,-0.2548014402529256,0.15618043101063744,S→T
2895,579,P,474517,474487,474561,74,0.16239900000000002,815,129.7112786198947,0.044511688812543346,0.0015054627897876133,0.30268500539151255,-0.1484218215478104,T→P
2896,579,Q,474619,474601,474628,27,-0.23779,815,129.7112786198947,-0.016338453222048174,-0.016083127602243705,-0.06085014203459152,-0.01758859039203132,P→Q
2897,579,R,474649,474628,474668,40,1.616958,815,129.7112786198947,0.16191117316667744,0.2526339997006931,0.1782496263887256,0.26871712730293684,Q→R
2898,579,S,474671,474668,474679,11,-0.03828799999999999,815,129.7112786198947,-0.0006540280449078119,-0.001693559053968461,-0.16256520121158524,-0.25432755875466156,R→S
2899,579,T,474914,474764,474981,217,0.35668500000000003,815,129.7112786198947,-0.26856473580558715,0.08505128376422139,-0.2679107077606793,0.08674484281818985,S→T
2900,580,P,475332,475289,475360,71,0.15254,839,133.53099725410019,0.03809272178591417,-0.0019547005648239838,0.3066574575915013,-0.08700598432904537,T→P
2901,580,Q,475426,475416,475434,18,-0.265035,839,133.53099725410019,-0.01593309826281825,-0.013332353211573365,-0.05402582004873242,-0.011377652646749382,P→Q
2902,580,R,475452,475434,475478,44,1.7022080000000002,839,133.53099725410019,0.1852800003000247,0.2415339378520079,0.20121309856284295,0.2548662910635813,Q→R
2903,580,S,475481,475478,475487,9,-0.075965,839,133.53099725410019,-0.0016152419298801732,-0.00338206444842321,-0.18689524222990486,-0.24491600230043112,R→S
2904,580,T,475712,475562,475962,400,0.405978,839,133.53099725410019,-0.3469177227225294,0.1028337626349465,-0.34530248079264925,0.1062158270833697,S→T
2905,581,P,476171,476128,476198,70,0.1423675,839,133.53099725410019,0.03557799893237666,-0.0025381529686912783,0.3824957216549061,-0.10537191560363778,T→P
2906,581,Q,476262,476253,476272,19,-0.2786855,839,133.53099725410019,-0.01758482704448472,-0.014335113427835253,-0.05316282597686138,-0.011796960459143975,P→Q
2907,581,R,476292,476272,476312,40,1.7320985,839,133.53099725410019,0.18425415242418816,0.23134709577819534,0.20183897946867288,0.2456822092060306,Q→R
2908,581,S,476319,476312,476325,13,-0.1284575,839,133.53099725410019,-0.003652089014095627,-0.007162327106689884,-0.1879062414382838,-0.23850942288488522,R→S
2909,581,T,476551,476401,476623,222,0.4010585,839,133.53099725410019,-0.2750837248370582,0.14176369289833157,-0.27143163582296254,0.14892602000502145,S→T
2910,582,P,477010,477000,477037,37,0.141794,818,130.1887434491704,0.020296265065577513,0.0009965011852010991,0.2953799899026357,-0.14076719171313049,T→P
2911,582,Q,477108,477093,477120,27,-0.24851800000000002,818,130.1887434491704,-0.021619401183044264,-0.020289104214638816,-0.04191566624862178,-0.021285605399839914,P→Q
2912,582,R,477133,477120,477157,37,1.605084,818,130.1887434491704,0.16293989726408042,0.24416541385869978,0.18455929844712468,0.2644545180733386,Q→R
2913,582,S,477163,477157,477171,14,-0.1395,818,130.1887434491704,-0.003456557148342157,-0.008358702555088273,-0.16639645441242257,-0.252524116413788,R→S
2914,582,T,477409,477264,477458,194,0.344811,818,130.1887434491704,-0.2202054515337416,0.06855062940551185,-0.21674889438539946,0.07690933196060012,S→T
2915,583,P,477828,477784,477856,72,0.14007350000000002,819,130.3478983922623,0.03715507276378784,-0.0023334247431793433,0.2573605242975294,-0.07088405414869119,T→P
2916,583,Q,477921,477910,477929,19,-0.27520849999999997,819,130.3478983922623,-0.017132220874809166,-0.014575598025461226,-0.05428729363859701,-0.012242173282281882,P→Q
2917,583,R,477948,477929,477974,45,1.6665465,819,130.3478983922623,0.18407157241118358,0.24555949554747455,0.20120379328599275,0.2601350935729358,Q→R
2918,583,S,477977,477974,477982,8,-0.0727835,819,130.3478983922623,-0.0012110470021689972,-0.0026894605513684694,-0.18528261941335258,-0.248248956098843,R→S
2919,583,T,478228,478078,478478,400,0.3871485,819,130.3478983922623,-0.3290564451161406,0.04724464722819996,-0.32784539811397156,0.04993410777956843,S→T
2920,584,P,478647,478602,478675,73,0.139482,839,133.53099725410019,0.038323667793865646,-0.002868273713578214,0.3673801129100062,-0.050112920941778175,T→P
2921,584,Q,478737,478728,478747,19,-0.270584,839,133.53099725410019,-0.017372682006019952,-0.014004742347054204,-0.055696349799885594,-0.01113646863347599,P→Q
2922,584,R,478767,478747,478787,40,1.747155,839,133.53099725410019,0.18675780974551,0.23083125447487035,0.20413049175152997,0.24483599682192456,Q→R
2923,584,S,478795,478787,478801,14,-0.113956,839,133.53099725410019,-0.0033419345908743997,-0.006485717345212591,-0.1900997443363844,-0.23731697182008293,R→S
2924,584,T,479027,478877,479095,218,0.384227,839,133.53099725410019,-0.24927327002321367,0.1241750127405766,-0.24593133543233928,0.13066073008578918,S→T
2925,585,P,479486,479456,479516,60,0.17630800000000002,878,139.7380400346841,0.035939682406346846,9.668594915760347e-05,0.2852129524295605,-0.124078326791419,T→P
2926,585,Q,479588,479572,479598,26,-0.208233,878,139.7380400346841,-0.016880037462915876,-0.01477479577166377,-0.05281971986926272,-0.014871481720821374,P→Q
2927,585,R,479618,479598,479635,37,1.677848,878,139.7380400346841,0.17101442606480174,0.22910927743610093,0.18789446352771763,0.2438840732077647,Q→R
2928,585,S,479640,479635,479647,12,-0.125295,878,139.7380400346841,-0.0027546920587513757,-0.0054849338432491675,-0.1737691181235531,-0.2345942112793501,R→S
2929,585,T,479885,479735,479954,219,0.407698,878,139.7380400346841,-0.2600159274341397,0.1382866108567816,-0.2572612353753883,0.14377154470003076,S→T
2930,586,P,480364,480320,480393,73,0.1774725,819,130.3478983922623,0.045043678051185504,-0.001671845258562712,0.3050596054853252,-0.1399584561153443,T→P
2931,586,Q,480459,480449,480469,20,-0.2685125,819,130.3478983922623,-0.018046069481268988,-0.015935593808025814,-0.0630897475324545,-0.014263748549463103,P→Q
2932,586,R,480488,480469,480510,41,1.6523415,819,130.3478983922623,0.17278663436810104,0.2409464004613213,0.19083270384937004,0.2568819942693471,Q→R
2933,586,S,480513,480510,480521,11,-0.09801249999999999,819,130.3478983922623,-0.0020849237956914258,-0.004739533162266078,-0.17487155816379246,-0.24568593362358737,R→S
2934,586,T,480763,480613,480831,218,0.35496449999999996,819,130.3478983922623,-0.25274633976576333,0.09075128103355377,-0.2506614159700719,0.09549081419581985,S→T
2935,587,P,481183,481138,481210,72,0.138298,763,121.43522157911615,0.04166072710062752,-0.003321122058405275,0.29440706686639084,-0.09407240309195905,T→P
2936,587,Q,481273,481249,481282,33,-0.297256,763,121.43522157911615,-0.021192441104617092,-0.018754090115059553,-0.06285316820524461,-0.015432968056654279,P→Q
2937,587,R,481303,481282,481327,45,1.648568,763,121.43522157911615,0.18404234381999024,0.26837339467610793,0.20523478492460734,0.2871274847911675,Q→R
2938,587,S,481331,481327,481335,8,-0.05480499999999999,763,121.43522157911615,-0.0006726481318968374,-0.0018235740366342643,-0.18471499195188706,-0.2701969687127422,R→S
2939,587,T,481566,481416,481651,235,0.349416,763,121.43522157911615,-0.2989177596223357,0.06515131133373028,-0.29824511149043886,0.06697488537036454,S→T
2940,588,P,481946,481916,481989,73,0.142682,854,135.91832140047862,0.035147234646839776,0.0008605528332982922,0.33406499426917546,-0.06429075850043199,T→P
2941,588,Q,482050,482027,482059,32,-0.276669,854,135.91832140047862,-0.017805789805089182,-0.01644243593681131,-0.052953024451928954,-0.017302988770109603,P→Q
2942,588,R,482080,482059,482098,39,1.663939,854,135.91832140047862,0.16614826387438816,0.24011361496086675,0.18395405367947734,0.2565560508976781,Q→R
2943,588,S,482107,482098,482112,14,-0.054527,854,135.91832140047862,-0.0014156507121392005,-0.0033395676799058156,-0.16756391458652736,-0.24345318264077256,R→S
2944,588,T,482342,482192,482410,218,0.371187,854,135.91832140047862,-0.25829325814954207,0.12369255420523687,-0.25687760743740284,0.12703212188514268,S→T
2945,589,P,482800,482757,482829,72,0.1481745,879,139.897194977776,0.03549088855067943,-0.0020907162632185284,0.2937841467002215,-0.1257832704684554,T→P
2946,589,Q,482892,482882,482901,19,-0.2833095,879,139.897194977776,-0.018046414749090568,-0.013946863527872631,-0.053537303299769995,-0.011856147264654103,P→Q
2947,589,R,482922,482901,482941,40,1.7170055000000002,879,139.897194977776,0.18176429236297276,0.21267671408769884,0.19981070711206333,0.22662357761557148,Q→R
2948,589,S,482949,482941,482956,15,-0.14762050000000002,879,139.897194977776,-0.004609471880582333,-0.008114317187973593,-0.1863737642435551,-0.22079103127567243,R→S
2949,589,T,483199,483049,483266,217,0.37612450000000003,879,139.897194977776,-0.2240705349951499,0.13520203989086385,-0.21946106311456756,0.14331635707883744,S→T
2950,590,P,483679,483636,483707,71,0.160087,879,139.897194977776,0.0341543342839789,-0.0011097593315304503,0.2582248692791288,-0.1363117992223943,T→P
2951,590,Q,483775,483763,483786,23,-0.25460299999999997,879,139.897194977776,-0.017864972322193463,-0.014583512072430103,-0.052019306606172364,-0.013473752740899653,P→Q
2952,590,R,483805,483786,483825,39,1.682491,879,139.897194977776,0.17465397250992212,0.21872168974807996,0.1925189448321156,0.23330520182051007,Q→R
2953,590,S,483829,483825,483837,12,-0.151948,879,139.897194977776,-0.003988126891895722,-0.00745665146153702,-0.17864209940181786,-0.22617834120961697,R→S
2954,590,T,484079,483929,484147,218,0.397285,879,139.897194977776,-0.24929449396092185,0.14269660181752783,-0.24530636706902612,0.15015325327906484,S→T
2955,591,P,484558,484528,484586,58,0.159772,799,127.16479953042438,0.03375907220961019,7.478004087963056e-05,0.283053566170532,-0.1426218217766482,T→P
2956,591,Q,484659,484641,484669,28,-0.253734,799,127.16479953042438,-0.022385479999074264,-0.02202561978559972,-0.05614455220868446,-0.02210039982647935,P→Q
2957,591,R,484682,484669,484707,38,1.5934679999999999,799,127.16479953042438,0.15566772255669803,0.24852286183671737,0.17805320255577228,0.2705484816223171,Q→R
2958,591,S,484713,484707,484720,13,-0.112791,799,127.16479953042438,-0.0023348459662743933,-0.006285411775235314,-0.15800256852297243,-0.2548082736119527,R→S
2959,591,T,484957,484807,485006,199,0.316363,799,127.16479953042438,-0.2153877910046834,0.054407733207163494,-0.213052945038409,0.060693144982398806,S→T
2960,592,P,485357,485315,485384,69,0.159513,778,123.82254572549458,0.03753957408360837,-0.001737284654018597,0.2529273650882918,-0.05614501786118209,T→P
2961,592,Q,485452,485441,485462,21,-0.287102,778,123.82254572549458,-0.019211182342902443,-0.018245489088599787,-0.05675075642651081,-0.01650820443458119,P→Q
2962,592,R,485477,485462,485503,41,1.705704,778,123.82254572549458,0.17224942432405335,0.26909347109815607,0.1914606066669558,0.28733896018675587,Q→R
2963,592,S,485508,485503,485514,11,-0.066106,778,123.82254572549458,-0.0014323204183572392,-0.003888430294547844,-0.1736817447424106,-0.2729819013927039,R→S
2964,592,T,485756,485606,485825,219,0.371778,778,123.82254572549458,-0.3087308025705631,0.06430941767233984,-0.3072984821522059,0.06819784796688769,S→T
2965,593,P,486135,486092,486164,72,0.176622,819,130.3478983922623,0.04381149594294215,-0.0013996127499608713,0.35254229851350527,-0.06570903042230071,T→P
2966,593,Q,486232,486220,486243,23,-0.24849900000000003,819,130.3478983922623,-0.017580659656920513,-0.01601281621456389,-0.06139215559986266,-0.01461320346460302,P→Q
2967,593,R,486257,486243,486282,39,1.684563,819,130.3478983922623,0.17379253284364504,0.25335290318926973,0.19137319250056556,0.26936571940383364,Q→R
2968,593,S,486286,486282,486293,11,-0.12091099999999999,819,130.3478983922623,-0.0028494979416652092,-0.006640395774861933,-0.17664203078531024,-0.25999329896413165,R→S
2969,593,T,486534,486384,486603,219,0.398765,819,130.3478983922623,-0.3108052582102407,0.12098174337259322,-0.30795576026857546,0.12762213914745515,S→T
2970,594,P,486954,486925,487001,76,0.17138799999999998,859,136.7140961159381,0.0414027405668515,0.0011599779007157615,0.3522079987770922,-0.11982176547187746,T→P
2971,594,Q,487056,487040,487065,25,-0.208491,859,136.7140961159381,-0.016291298663940034,-0.014678798082866042,-0.05769403923079153,-0.015838775983581802,P→Q
2972,594,R,487085,487065,487103,38,1.6816220000000002,859,136.7140961159381,0.1709231856991448,0.23913182524577115,0.18721448436308483,0.2538106233286372,Q→R
2973,594,S,487108,487103,487114,11,-0.13250800000000001,859,136.7140961159381,-0.002912270991044909,-0.006132239035158161,-0.1738354566901897,-0.2452640642809293,R→S
2974,594,T,487356,487206,487420,214,0.392938,859,136.7140961159381,-0.26019033151867865,0.1298157088048891,-0.25727806052763375,0.13594794784004727,S→T
2975,595,P,487813,487785,487860,75,0.16761500000000001,858,136.5549411728462,0.04243162777426099,0.0020176066380923727,0.30262195929293967,-0.12779810216679674,T→P
2976,595,Q,487920,487899,487928,29,-0.248222,858,136.5549411728462,-0.016976553569973754,-0.016136164150438562,-0.05940818134423474,-0.018153770788530935,P→Q
2977,595,R,487948,487928,487965,37,1.706851,858,136.5549411728462,0.16466482380300956,0.24163380701654652,0.1816413773729833,0.2577699711669851,Q→R
2978,595,S,487969,487965,487977,12,-0.10091599999999999,858,136.5549411728462,-0.002141639598415214,-0.00479611457456339,-0.16680646340142477,-0.2464299215911099,R→S
2979,595,T,488215,488065,488279,214,0.36711699999999997,858,136.5549411728462,-0.2511769553873556,0.1129890741560722,-0.24903531578894042,0.11778518873063559,S→T
2980,596,P,488671,488629,488699,70,0.166172,799,127.16479953042438,0.037245816191761164,-0.0012448573947136726,0.2884227715791168,-0.11423393155078587,T→P
2981,596,Q,488768,488755,488778,23,-0.284475,799,127.16479953042438,-0.02084546917627715,-0.019475376594375416,-0.058091285368038315,-0.018230519199661743,P→Q
2982,596,R,488791,488778,488817,39,1.613185,799,127.16479953042438,0.16210155008856264,0.24299424861500718,0.1829470192648398,0.2624696252093826,Q→R
2983,596,S,488823,488817,488830,13,-0.10350600000000001,799,127.16479953042438,-0.002576197595112449,-0.006509679411777677,-0.1646777476836751,-0.24950392802678487,R→S
2984,596,T,489070,488920,489119,199,0.34015,799,127.16479953042438,-0.23431478819318827,0.06688820736323496,-0.2317385905980758,0.07339788677501263,S→T
2985,597,P,489470,489428,489495,67,0.1412205,779,123.98170066858647,0.028424829023073462,-0.0015353092146282656,0.2627396172162617,-0.06842351657786323,T→P
2986,597,Q,489565,489495,489576,81,-0.3302905,779,123.98170066858647,-0.043517940378542536,-0.032851181395827066,-0.071942769401616,-0.0313158721811988,P→Q
2987,597,R,489589,489576,489615,39,1.6387285,779,123.98170066858647,0.1640120389068385,0.2539293504212631,0.20752997928538103,0.2867805318170901,Q→R
2988,597,S,489620,489615,489629,14,-0.1342655,779,123.98170066858647,-0.003509141538526512,-0.009556089685943008,-0.16752118044536501,-0.2634854401072061,R→S
2989,597,T,489849,489743,489914,171,0.2728775,779,123.98170066858647,-0.16852224376893657,0.02767144244621102,-0.16501310223041005,0.03722753213215403,S→T
2990,598,P,490249,490221,490278,57,0.147324,838,133.3718423110083,0.030842757090930935,0.00021925152040261296,0.1993650008598675,-0.027452190925808407,T→P
2991,598,Q,490352,490333,490361,28,-0.23373899999999997,838,133.3718423110083,-0.018372565227015428,-0.017300280355680417,-0.04921532231794636,-0.01751953187608303,P→Q
2992,598,R,490381,490361,490399,38,1.654672,838,133.3718423110083,0.16728918634963066,0.24894042871401234,0.1856617515766461,0.26624070906969277,Q→R
2993,598,S,490404,490399,490410,11,-0.11018299999999998,838,133.3718423110083,-0.002033929992563224,-0.004691556130256593,-0.16932311634219388,-0.2536319848442689,R→S
2994,598,T,490648,490498,490717,219,0.401354,838,133.3718423110083,-0.2874761777155149,0.11683631717441827,-0.2854422477229517,0.12152787330467486,S→T
2995,599,P,491087,491061,491117,56,0.14094299999999998,902,143.5577586688896,0.02667419463995256,0.0005418419581021579,0.3141503723554675,-0.11629447521631611,T→P
2996,599,Q,491192,491172,491201,29,-0.246483,902,143.5577586688896,-0.019454488038759488,-0.016836194824018953,-0.04612868267871205,-0.01737803678212111,P→Q
2997,599,R,491221,491201,491238,37,1.672078,902,143.5577586688896,0.1656198126512485,0.2184748515690265,0.185074300690008,0.23531104639304545,Q→R
2998,599,S,491243,491238,491251,13,-0.146714,902,143.5577586688896,-0.003483483761765639,-0.006665336919741303,-0.16910329641301414,-0.2251401884887678,R→S
2999,599,T,491487,491337,491554,217,0.392642,902,143.5577586688896,-0.2285072938113799,0.14369031287629305,-0.22502381004961428,0.15035564979603436,S→T
3000,600,P,491989,491959,492033,74,0.15400100000000003,875,139.26057520540843,0.03555280959020637,0.0011062729267390995,0.26406010340158625,-0.14258403994955396,T→P
3001,600,Q,492094,492071,492104,33,-0.27807499999999996,875,139.26057520540843,-0.019676205598646034,-0.017868882300408857,-0.0552290151888524,-0.018975155227147957,P→Q
3002,600,R,492124,492104,492142,38,1.7181710000000001,875,139.26057520540843,0.1642144268712026,0.23162156766403397,0.18389063246984863,0.24949044996444283,Q→R
3003,600,S,492147,492142,492156,14,-0.07624199999999998,875,139.26057520540843,-0.002121088240629288,-0.004687656741009919,-0.1663355151118319,-0.2363092244050439,R→S
3004,600,T,492385,492235,492454,219,0.372074,875,139.26057520540843,-0.24409320186539932,0.12582254031924336,-0.24197211362477003,0.1305101970602533,S→T
3005,601,P,492864,492838,492910,72,0.147898,799,127.16479953042438,0.03700529333225355,0.0018674957587608584,0.28109849519765284,-0.12395504456048251,T→P
3006,601,Q,492970,492948,492979,31,-0.259838,799,127.16479953042438,-0.02068514612371904,-0.021737805764563252,-0.05769043945597259,-0.023605301523324112,P→Q
3007,601,R,492992,492979,493019,40,1.565908,799,127.16479953042438,0.15013011203620358,0.2584512782514228,0.17081525815992263,0.280189084015986,Q→R
3008,601,S,493026,493019,493030,11,-0.022638999999999992,799,127.16479953042438,-0.00044219333399677426,-0.0013525945089387606,-0.15057230537020036,-0.25980387276036154,R→S
3009,601,T,493263,493113,493332,219,0.338707,799,127.16479953042438,-0.26086805602089763,0.060355007077916106,-0.2604258626869009,0.061707601586854864,S→T
3010,602,P,493663,493619,493691,72,0.14993199999999998,798,127.00564458733248,0.0399904744225293,-0.002476600268394428,0.3008585304434269,-0.06283160734631053,T→P
3011,602,Q,493756,493746,493766,20,-0.28447500000000003,798,127.00564458733248,-0.018690496764278034,-0.016721986405060084,-0.05868097118680733,-0.014245386136665657,P→Q
3012,602,R,493783,493766,493807,41,1.704261,798,127.00564458733248,0.1803290375616985,0.25690354855063136,0.19901953432597652,0.2736255349556914,Q→R
3013,602,S,493811,493807,493819,12,-0.11393800000000004,798,127.00564458733248,-0.0024103820180576517,-0.005785542624963687,-0.18273941957975615,-0.262689091175595,R→S
3014,602,T,494062,493912,494112,200,0.355834,798,127.00564458733248,-0.2676108824863513,0.08551899763275099,-0.26520050046829363,0.09130454025771467,S→T
3015,603,P,494461,494416,494490,74,0.15574,823,130.98451816462986,0.04700138436860806,-0.003028343118790458,0.31461226685495935,-0.08854734075154144,T→P
3016,603,Q,494554,494545,494563,18,-0.269382,823,130.98451816462986,-0.016280824783847025,-0.013907408416451272,-0.06328220915245508,-0.010879065297660815,P→Q
3017,603,R,494584,494563,494604,41,1.758197,823,130.98451816462986,0.18606275571774447,0.24794633396450388,0.20234358050159149,0.26185374238095516,Q→R
3018,603,S,494610,494604,494615,11,-0.115122,823,130.98451816462986,-0.0025997499058188524,-0.005500910691343409,-0.18866250562356332,-0.2534472446558473,R→S
3019,603,T,494861,494711,495111,400,0.41439400000000004,823,130.98451816462986,-0.33625638510438705,0.0662514955088161,-0.3336566351985682,0.0717524062001595,S→T
3020,604,P,495284,495255,495315,60,0.13513500000000003,799,127.16479953042438,0.031370125672525895,5.302383369896708e-05,0.36762651077691294,-0.06619847167511712,T→P
3021,604,Q,495389,495362,495398,36,-0.299272,799,127.16479953042438,-0.023485488847047733,-0.023820411765357874,-0.05485561451957363,-0.02387343559905684,P→Q
3022,604,R,495419,495398,495436,38,1.646552,799,127.16479953042438,0.15323058677311807,0.2590320444864833,0.1767160756201658,0.2828524562518412,Q→R
3023,604,S,495446,495436,495455,19,-0.07424499999999998,799,127.16479953042438,-0.002090342860295052,-0.006532718903562746,-0.15532092963341312,-0.2655647633900461,R→S
3024,604,T,495680,495532,495747,215,0.347992,799,127.16479953042438,-0.25655010844185977,0.054589513646749396,-0.25445976558156475,0.06112223255031214,S→T
3025,605,P,496083,496054,496127,73,0.14182999999999998,854,135.91832140047862,0.03866222606840958,0.001441256381193871,0.29521233451026935,-0.053148257265555526,T→P
3026,605,Q,496189,496179,496198,19,-0.281553,854,135.91832140047862,-0.01523697995602084,-0.015027508041128994,-0.05389920602443042,-0.016468764422322864,P→Q
3027,605,R,496219,496198,496241,43,1.719354,854,135.91832140047862,0.16480117087825358,0.2485929775695126,0.1800381508342744,0.2636204856106416,Q→R
3028,605,S,496247,496241,496251,10,-0.06292500000000001,854,135.91832140047862,-0.000903190880039813,-0.002316995511803822,-0.1657043617582934,-0.2509099730813164,R→S
3029,605,T,496479,496329,496729,400,0.406292,854,135.91832140047862,-0.35472081334352124,0.07094196860898931,-0.3538176224634814,0.07325896412079314,S→T
3030,606,P,496937,496893,496966,73,0.16644899999999999,839,133.53099725410019,0.042746497817748356,-0.0022223114947987617,0.3974673111612696,-0.07316428010378807,T→P
3031,606,Q,497031,497020,497040,20,-0.28305100000000005,839,133.53099725410019,-0.018058343838862543,-0.01518363663737178,-0.0608048416566109,-0.012961325142573019,P→Q
3032,606,R,497061,497040,497080,40,1.7143789999999999,839,133.53099725410019,0.17884644615737988,0.23265369204376957,0.19690478999624242,0.24783732868114133,Q→R
3033,606,S,497086,497080,497093,13,-0.13570800000000002,839,133.53099725410019,-0.003836478653656568,-0.007816481138668369,-0.18268292481103646,-0.24047017318243794,R→S
3034,606,T,497318,497168,497405,237,0.38973800000000003,839,133.53099725410019,-0.2721047177338428,0.12902889977319187,-0.26826823908018627,0.13684538091186024,S→T
3035,607,P,497776,497735,497787,52,0.140351,800,127.32395447351627,0.025233121449151043,-0.002154349239703569,0.29733783918299383,-0.13118324901289544,T→P
3036,607,Q,497870,497858,497881,23,-0.31144299999999997,800,127.32395447351627,-0.023013980174704976,-0.0209101494301985,-0.04824710162385602,-0.018755800190494932,P→Q
3037,607,R,497900,497881,497920,39,1.6395979999999999,800,127.32395447351627,0.1660241053479356,0.2408183201030809,0.18903808552264056,0.2617284695332794,Q→R
3038,607,S,497925,497920,497934,14,-0.16413699999999998,800,127.32395447351627,-0.004388963067602176,-0.010710608313698305,-0.17041306841553777,-0.2515289284167792,R→S
3039,607,T,498156,498030,498224,194,0.317251,800,127.32395447351627,-0.2141229732791067,0.058587452550753046,-0.20973401021150453,0.06929806086445135,S→T
3040,608,P,498576,498546,498608,62,0.16328649999999997,838,133.3718423110083,0.03504331899261202,0.0002998362325743397,0.24916629227171871,-0.058287616318178706,T→P
3041,608,Q,498678,498662,498687,25,-0.22647050000000002,838,133.3718423110083,-0.017839919553740993,-0.01656565957968829,-0.05288323854635301,-0.01686549581226263,P→Q
3042,608,R,498701,498687,498727,40,1.6619045000000001,838,133.3718423110083,0.17000971974586082,0.2478932238031439,0.1878496392996018,0.2644588833828322,Q→R
3043,608,S,498731,498727,498735,8,-0.06351650000000003,838,133.3718423110083,-0.0009630151757230831,-0.0022026880137211357,-0.1709727349215839,-0.250095911816865,R→S
3044,608,T,498975,498825,499225,400,0.4260095,838,133.3718423110083,-0.37409812015793437,0.055178880817929085,-0.3731351049822113,0.05738156883165022,S→T
3045,609,P,499414,499369,499443,74,0.1652845,860,136.87325105903,0.040891886022148285,-0.001513715962844445,0.41499000618008264,-0.05669259678077353,T→P
3046,609,Q,499511,499499,499522,23,-0.2331665,860,136.87325105903,-0.016349744640265153,-0.014046688033388632,-0.05724163066241344,-0.012532972070544187,P→Q
3047,609,R,499541,499522,499561,39,1.6946805,860,136.87325105903,0.17625101556844935,0.23493054525480675,0.1926007602087145,0.24897723328819538,Q→R
3048,609,S,499565,499561,499572,11,-0.13687349999999998,860,136.87325105903,-0.003503827767922294,-0.007067131361511701,-0.17975484333637165,-0.24199767661631846,R→S
3049,609,T,499814,499664,499882,218,0.4082905,860,136.87325105903,-0.27153097371969714,0.1364950603987139,-0.26802714595177485,0.1435621917602256,S→T
3050,610,P,500274,500248,500318,70,0.1377425,821,130.66620827844608,0.03073390451048895,0.0009746401701862971,0.3022648782301861,-0.1355204202285276,T→P
3051,610,Q,500380,500334,500389,55,-0.28504850000000004,821,130.66620827844608,-0.02813607002449008,-0.025994073447235574,-0.058869974534979025,-0.026968713617421872,P→Q
3052,610,R,500409,500389,500426,37,1.6514905,821,130.66620827844608,0.15458890223011038,0.25008802951917875,0.18272497225460047,0.27608210296641433,Q→R
3053,610,S,500430,500426,500446,20,-0.09830850000000002,821,130.66620827844608,-0.0027445413376135483,-0.007511931795281649,-0.1573334435677239,-0.2575999613144604,R→S
3054,610,T,500672,500528,500739,211,0.34364549999999994,821,130.66620827844608,-0.22918911306972428,0.06093791067265821,-0.22644457173211074,0.06844984246793986,S→T
3055,611,P,501095,501067,501137,70,0.1328045,855,136.0774763435705,0.03215133226374826,0.0008293831840287375,0.26134044533347256,-0.06010852748862947,T→P
3056,611,Q,501200,501177,501209,32,-0.2923175,855,136.0774763435705,-0.020808830668506893,-0.019276510376946276,-0.05296016293225515,-0.020105893560975013,P→Q
3057,611,R,501230,501209,501253,44,1.6488455,855,136.0774763435705,0.1624522113527867,0.237599371627714,0.1832610420212936,0.25687588200466027,Q→R
3058,611,S,501259,501253,501262,9,-0.04291149999999999,855,136.0774763435705,-0.0005983623628749731,-0.0015233622566769543,-0.16305057371566167,-0.23912273388439095,R→S
3059,611,T,501492,501342,501578,236,0.3769945,855,136.0774763435705,-0.27219863227134855,0.11961415642002737,-0.2716002699084736,0.12113751867670433,S→T
3060,612,P,501950,501907,501998,91,0.187332,879,139.897194977776,0.04667056759440253,0.0002272202101228364,0.3188691998657511,-0.11938693620990454,T→P
3061,612,Q,502047,502037,502059,22,-0.201833,879,139.897194977776,-0.014228729786249675,-0.011921342243223686,-0.06089929738065221,-0.012148562453346522,P→Q
3062,612,R,502078,502059,502098,39,1.69235,879,139.897194977776,0.17915688776361596,0.23083391430217232,0.19338561754986563,0.242755256545396,Q→R
3063,612,S,502102,502098,502108,10,-0.103801,879,139.897194977776,-0.002251128614342662,-0.004300405715797369,-0.18140801637795861,-0.2351343200179697,R→S
3064,612,T,502350,502200,502600,400,0.44077,879,139.897194977776,-0.3553203190529609,0.1045003209476452,-0.35306919043861823,0.10880072666344258,S→T
3065,613,P,502829,502800,502877,77,0.17225749999999998,878,139.7380400346841,0.04386861351800573,0.0020520002868379813,0.39918893257096666,-0.10244832066080722,T→P
3066,613,Q,502936,502916,502943,27,-0.2221235,878,139.7380400346841,-0.015298487251281873,-0.013995705033007318,-0.059167100769287606,-0.0160477053198453,P→Q
3067,613,R,502964,502943,502981,38,1.7120855,878,139.7380400346841,0.16854413759873274,0.2355695257190328,0.18384262485001462,0.24956523075204012,Q→R
3068,613,S,502986,502981,502992,11,-0.0736715,878,139.7380400346841,-0.0014109220053983075,-0.00291338160524041,-0.16995505960413104,-0.2384829073242732,R→S
3069,613,T,503228,503078,503316,238,0.4303195,878,139.7380400346841,-0.2940680581946076,0.14948090211735962,-0.29265713618920924,0.15239428372260003,S→T
3070,614,P,503707,503678,503736,58,0.16066,819,130.3478983922623,0.03109800487307869,0.0001745280479174231,0.32516606306768625,-0.1493063740694422,T→P
3071,614,Q,503805,503789,503817,28,-0.263315,819,130.3478983922623,-0.022484200998688267,-0.02083689707713359,-0.05358220587176696,-0.021011425125051015,P→Q
3072,614,R,503830,503817,503855,38,1.604787,819,130.3478983922623,0.1593842729602374,0.23581221527790872,0.1818684739589257,0.2566491123550423,Q→R
3073,614,S,503860,503855,503867,12,-0.11249500000000001,819,130.3478983922623,-0.0027707872018862072,-0.00665159138702805,-0.1621550601621236,-0.24246380666493678,R→S
3074,614,T,504107,503957,504155,198,0.324797,819,130.3478983922623,-0.21447747707610712,0.07085419494252276,-0.21170668987422092,0.07750578632955081,S→T
3075,615,P,504526,504481,504555,74,0.1734225,842,134.0084620833759,0.04062544681567575,-0.001391410449702101,0.25510292389178285,-0.07224560539222487,T→P
3076,615,Q,504623,504611,504634,23,-0.24648349999999997,842,134.0084620833759,-0.017304116670684315,-0.015183129750624606,-0.05792956348636007,-0.013791719300922505,P→Q
3077,615,R,504648,504634,504673,39,1.6906485,842,134.0084620833759,0.1756376963405902,0.2414485691770201,0.19294181301127453,0.2566316989276447,Q→R
3078,615,S,504677,504673,504684,11,-0.10265449999999998,842,134.0084620833759,-0.0026085469097163615,-0.00558612375135204,-0.17824624325030658,-0.24703469292837213,R→S
3079,615,T,504925,504775,504975,200,0.3624935,842,134.0084620833759,-0.2358977875926493,0.109160582277716,-0.2332892406829329,0.11474670602906803,S→T
3080,616,P,505368,505339,505412,73,0.161807,879,139.897194977776,0.04196760936262311,0.0012124118838159055,0.2778653969552724,-0.10794817039390009,T→P
3081,616,Q,505472,505450,505481,31,-0.267976,879,139.897194977776,-0.01762951529956343,-0.015754729210917036,-0.05959712466218654,-0.016967141094732942,P→Q
3082,616,R,505502,505481,505519,38,1.7138060000000002,879,139.897194977776,0.1692245404603747,0.23144891762504058,0.18685405575993813,0.2472036468359576,Q→R
3083,616,S,505523,505519,505534,15,-0.07483599999999999,879,139.897194977776,-0.0018885379186718294,-0.003908752916194664,-0.17111307837904652,-0.23535767054123524,R→S
3084,616,T,505764,505614,505832,218,0.385096,879,139.897194977776,-0.24554076975396374,0.1403409962993007,-0.24365223183529192,0.14424974921549535,S→T
3085,617,P,506247,506219,506290,71,0.12383350000000001,834,132.73522253864073,0.03337633767357121,0.0013420810776807609,0.27891710742753495,-0.13899891522161992,T→P
3086,617,Q,506352,506328,506362,34,-0.29492549999999995,834,132.73522253864073,-0.020077174225785466,-0.01963634597405355,-0.05345351189935668,-0.02097842705173431,P→Q
3087,617,R,506382,506362,506403,41,1.6839335000000002,834,132.73522253864073,0.15680648457969318,0.24662420473956106,0.17688365880547866,0.2662605507136146,Q→R
3088,617,S,506410,506403,506416,13,-0.0826605,834,132.73522253864073,-0.0015664300795881578,-0.004280949236285152,-0.15837291465928133,-0.25090515397584623,R→S
3089,617,T,506642,506492,506710,218,0.3424615,834,132.73522253864073,-0.24704420443963543,0.08910288854461815,-0.24547777436004728,0.0933838377809033,S→T
3090,618,P,507081,507037,507109,72,0.133951,840,133.69015219719208,0.03750307121981237,-0.00274641719060266,0.2845472756594478,-0.09184930573522081,T→P
3091,618,Q,507171,507147,507180,33,-0.289433,840,133.69015219719208,-0.02009521080639053,-0.01554850521534498,-0.0575982820262029,-0.01280208802474232,P→Q
3092,618,R,507201,507180,507225,45,1.6981570000000001,840,133.69015219719208,0.19010512878486513,0.23177378764729453,0.21020033959125567,0.24732229286263951,Q→R
3093,618,S,507230,507225,507233,8,-0.06847400000000001,840,133.69015219719208,-0.0011201895393922637,-0.0022348103861074687,-0.1912253183242574,-0.234008598033402,R→S
3094,618,T,507461,507311,507590,279,0.40829,840,133.69015219719208,-0.31262333310939966,0.1571103793256688,-0.3115031435700074,0.15934518971177625,S→T
3095,619,P,507921,507891,507950,59,0.156036,858,136.5549411728462,0.03462851974954425,-0.00016682448185957688,0.3472518528589439,-0.15727720380752838,T→P
3096,619,Q,508021,508006,508031,25,-0.225582,858,136.5549411728462,-0.018853466901286618,-0.016596392696812897,-0.05348198665083087,-0.01642956821495332,P→Q
3097,619,R,508051,508031,508068,37,1.672078,858,136.5549411728462,0.17137172109834126,0.23385962361883977,0.19022518799962787,0.2504560163156527,Q→R
3098,619,S,508073,508068,508081,13,-0.16066000000000003,858,136.5549411728462,-0.004137143538726041,-0.008516483554377889,-0.1755088646370673,-0.24237610717321767,R→S
3099,619,T,508320,508170,508386,216,0.38861,858,136.5549411728462,-0.24500335783530072,0.11725144579966108,-0.24086621429657468,0.12576792935403897,S→T
3100,620,P,508779,508734,508810,76,0.1884785,822,130.82536322153797,0.04655119275423934,-0.0011718322908865631,0.29155455058954005,-0.11842327809054765,T→P
3101,620,Q,508877,508864,508889,25,-0.2192195,822,130.82536322153797,-0.018961422114923382,-0.01781670020321389,-0.06551261486916272,-0.01664486791232733,P→Q
3102,620,R,508909,508889,508927,38,1.6801785,822,130.82536322153797,0.16920587939252496,0.2523975599131152,0.18816730150744834,0.2702142601163291,Q→R
3103,620,S,508932,508927,508939,12,-0.1444205,822,130.82536322153797,-0.003374155780907507,-0.007972090510056089,-0.17258003517343246,-0.2603696504231713,R→S
3104,620,T,509178,509028,509244,216,0.3653785,822,130.82536322153797,-0.24969342651417667,0.08670005662688217,-0.24631927073326917,0.09467214713693825,S→T
3105,621,P,509601,509572,509626,54,0.14527099999999998,775,123.34508089621889,0.03171008699376717,-0.0004464579465369243,0.28140351350794385,-0.0871465145734191,T→P
3106,621,Q,509703,509680,509712,32,-0.26535000000000003,775,123.34508089621889,-0.02338394270680225,-0.024152094869057814,-0.055094029700569425,-0.023705636922520888,P→Q
3107,621,R,509726,509712,509751,39,1.5830359999999999,775,123.34508089621889,0.15495868754269254,0.26742984725945035,0.1783426302494948,0.2915819421285082,Q→R
3108,621,S,509754,509751,509769,18,-0.044391000000000014,775,123.34508089621889,-0.0010522321652917548,-0.0033946750869077724,-0.1560109197079843,-0.2708245223463581,R→S
3109,621,T,509997,509847,510064,217,0.332603,775,123.34508089621889,-0.25468237268980903,0.03625037503698309,-0.25363014052451727,0.039645050123890864,S→T
3110,622,P,510376,510349,510423,74,0.16384100000000001,799,127.16479953042438,0.039191900062639125,0.0017834363222152079,0.29387427275244815,-0.034466938714767886,T→P
3111,622,Q,510482,510461,510491,30,-0.24911,799,127.16479953042438,-0.01990159020700679,-0.02082310428527227,-0.059093490269645915,-0.02260654060748748,P→Q
3112,622,R,510511,510491,510529,38,1.682213,799,127.16479953042438,0.1573687517331631,0.2709537395724511,0.17727034194016988,0.2917768438577234,Q→R
3113,622,S,510533,510529,510540,11,-0.103543,799,127.16479953042438,-0.0016804017733451529,-0.00485463236129839,-0.15904915350650825,-0.2758083719337495,R→S
3114,622,T,510776,510626,510841,215,0.36856,799,127.16479953042438,-0.2693547145588015,0.06735035709004814,-0.26767431278545634,0.07220498945134653,S→T
3115,623,P,511175,511149,511203,54,0.149636,838,133.3718423110083,0.03036285936322823,0.0004962934839720686,0.29971757392202975,-0.06685406360607607,T→P
3116,623,Q,511282,511256,511290,34,-0.277817,838,133.3718423110083,-0.022244681384229043,-0.0216781981580444,-0.05260754074745727,-0.02217449164201647,P→Q
3117,623,R,511311,511290,511327,37,1.695826,838,133.3718423110083,0.1601411365967853,0.24928284063447279,0.18238581798101436,0.2709610387925172,Q→R
3118,623,S,511332,511327,511346,19,-0.11774899999999999,838,133.3718423110083,-0.0030506767157556596,-0.007685525732030237,-0.16319181331254096,-0.256968366366503,R→S
3119,623,T,511574,511424,511641,217,0.361309,838,133.3718423110083,-0.23170992151592854,0.08088650634613644,-0.22865924480017288,0.08857203207816668,S→T
3120,624,P,512013,511984,512041,57,0.171092,803,127.80141930279196,0.03447844852676322,-4.167411082003065e-05,0.26618837004269175,-0.08092818045695646,T→P
3121,624,Q,512111,512097,512124,27,-0.23198200000000002,803,127.80141930279196,-0.020240328122726657,-0.019776683440311044,-0.054718776649489875,-0.019735009329491012,P→Q
3122,624,R,512143,512124,512161,37,1.62972,803,127.80141930279196,0.16314985484171843,0.2571861395666882,0.1833901829644451,0.2769628230069992,Q→R
3123,624,S,512166,512161,512173,12,-0.12818000000000002,803,127.80141930279196,-0.002777286228187326,-0.007180876297862486,-0.16592714106990575,-0.26436701586455064,R→S
3124,624,T,512413,512263,512479,216,0.34799199999999997,803,127.80141930279196,-0.2476891367006037,0.059370432103378126,-0.24491185047241637,0.06655130840124061,S→T
3125,625,P,512816,512787,512858,71,0.13106600000000002,815,129.7112786198947,0.03473652902120306,0.0012591093042598762,0.2824256657218068,-0.05811132279911825,T→P
3126,625,Q,512921,512896,512930,34,-0.31321799999999994,815,129.7112786198947,-0.0212711443827162,-0.021578595839362745,-0.05600767340391927,-0.02283770514362262,P→Q
3127,625,R,512951,512931,512974,43,1.654654,815,129.7112786198947,0.1560029144008855,0.2574147519990004,0.17727405878360172,0.2789933478383631,Q→R
3128,625,S,512980,512974,512984,10,-0.080644,815,129.7112786198947,-0.0009879957310182572,-0.0030607877313057223,-0.15699091013190378,-0.2604755397303061,R→S
3129,625,T,513211,513061,513298,237,0.360718,815,129.7112786198947,-0.2814625398840283,0.08200006713042876,-0.28047454415301004,0.08506085486173448,S→T
3130,626,P,513631,513585,513677,92,0.175753,839,133.53099725410019,0.04816815046650856,-0.0013791679755846419,0.3296306903505369,-0.0833792351060134,T→P
3131,626,Q,513727,513717,513737,20,-0.22214199999999998,839,133.53099725410019,-0.014830594852340532,-0.012847674570297592,-0.0629987453188491,-0.01146850659471295,P→Q
3132,626,R,513756,513737,513776,39,1.70685,839,133.53099725410019,0.17985396962169614,0.24459518931761237,0.19468456447403668,0.25744286388791,Q→R
3133,626,S,513780,513776,513788,12,-0.13339700000000002,839,133.53099725410019,-0.003136010315886447,-0.006577098682988081,-0.1829899799375826,-0.25117228800060043,R→S
3134,626,T,514030,513880,514119,239,0.421053,839,133.53099725410019,-0.30704323946064704,0.13071408020787129,-0.3039072291447606,0.13729117889085937,S→T
3135,627,P,514470,514440,514515,75,0.16123300000000002,877,139.5788850915922,0.038414126883044034,0.0006073964289583883,0.34545736634369106,-0.1301066837789129,T→P
3136,627,Q,514573,514555,514582,27,-0.202406,877,139.5788850915922,-0.015823378173980714,-0.013920224633598939,-0.05423750505702475,-0.014527621062557327,P→Q
3137,627,R,514602,514582,514620,38,1.706869,877,139.5788850915922,0.17409326922414342,0.2339655417258827,0.18991664739812414,0.24788576635948162,Q→R
3138,627,S,514624,514620,514630,10,-0.111959,877,139.5788850915922,-0.0020903624290519725,-0.004144117368379386,-0.1761836316531954,-0.23810965909426207,R→S
3139,627,T,514868,514718,514957,239,0.415263,877,139.5788850915922,-0.2724486368388887,0.14506323195640355,-0.27035827440983673,0.14920734932478294,S→T
3140,628,P,515347,515302,515375,73,0.14442,820,130.5070533353542,0.04244330990965497,-0.003078916831297526,0.31489194674854365,-0.14814214878770107,T→P
3141,628,Q,515438,515429,515447,18,-0.277225,820,130.5070533353542,-0.01757177456932088,-0.014788317626915872,-0.06001508447897585,-0.011709400795618346,P→Q
3142,628,R,515468,515447,515489,42,1.728898,820,130.5070533353542,0.18512094695032227,0.24054677656440043,0.20269272151964315,0.2553350941913163,Q→R
3143,628,S,515495,515489,515500,11,-0.09570100000000001,820,130.5070533353542,-0.0019989685597733248,-0.004211440214483278,-0.1871199155100956,-0.2447582167788837,R→S
3144,628,T,515730,515580,515814,234,0.363048,820,130.5070533353542,-0.26521918618541224,0.11055810858227876,-0.2632202176256389,0.11476954879676203,S→T
3145,629,P,516167,516123,516194,71,0.175734,781,124.30001055477027,0.04377129237846095,-0.0020887948951879435,0.3089904785638732,-0.1126469034774667,T→P
3146,629,Q,516263,516250,516274,24,-0.254604,781,124.30001055477027,-0.01879410684186125,-0.01802159582617467,-0.0625653992203222,-0.01593280093098673,P→Q
3147,629,R,516287,516274,516314,40,1.659888,781,124.30001055477027,0.16711172442316333,0.2624210697604815,0.18590583126502458,0.2804426655866562,Q→R
3148,629,S,516319,516314,516324,10,-0.07308,781,124.30001055477027,-0.0013990783725310715,-0.00380130703446245,-0.1685108027956944,-0.266222376794944,R→S
3149,629,T,516565,516415,516815,400,0.379861,781,124.30001055477027,-0.34208662414469326,-0.02909944970616518,-0.3406875457721622,-0.02529814267170273,S→T
3150,630,P,516948,516918,516992,74,0.1424035,854,135.91832140047862,0.040121213253509876,0.0014919625142605726,0.38220783739820313,0.030591412220425752,T→P
3151,630,Q,517054,517030,517063,33,-0.27868649999999995,854,135.91832140047862,-0.018320155560496307,-0.017405022071402907,-0.05844136881400618,-0.018896984585663478,P→Q
3152,630,R,517084,517063,517104,41,1.7686465,854,135.91832140047862,0.164450741675558,0.2480067462406012,0.18277089723605433,0.26541176831200414,Q→R
3153,630,S,517111,517104,517116,12,-0.07452249999999999,854,135.91832140047862,-0.0016458387806779476,-0.004087826747429378,-0.16609658045623596,-0.25209457298803056,R→S
3154,630,T,517344,517194,517432,238,0.39931950000000005,854,135.91832140047862,-0.28988205260466576,0.1287185608617899,-0.28823621382398784,0.13280638760921928,S→T
3155,631,P,517802,517761,517829,68,0.1423665,839,133.53099725410019,0.030826287723621948,-0.0015323092408223813,0.3207083403282877,-0.13025087010261227,T→P
3156,631,Q,517896,517846,517906,60,-0.2978115,839,133.53099725410019,-0.02936938339689902,-0.02167459830151287,-0.06019567112052097,-0.020142289060690488,P→Q
3157,631,R,517926,517906,517945,39,1.7135274999999999,839,133.53099725410019,0.17636608992406294,0.2305962101063087,0.20573547332096195,0.25227080840782157,Q→R
3158,631,S,517951,517945,517960,15,-0.1615295,839,133.53099725410019,-0.004519239897932801,-0.009301048211233336,-0.18088532982199573,-0.23989725831754205,R→S
3159,631,T,518202,518053,518250,197,0.3534855,839,133.53099725410019,-0.21656965991398078,0.0895005828686334,-0.21205042001604799,0.09880163107986673,S→T
3160,632,P,518641,518599,518670,71,0.15947599999999998,762,121.27606663602425,0.03641158211072892,-0.0008117914134086437,0.2529812420247097,-0.09031237428204204,T→P
3161,632,Q,518738,518726,518750,24,-0.25517700000000004,762,121.27606663602425,-0.020060591435740974,-0.02066088542306776,-0.05647217354646989,-0.019849094009659115,P→Q
3162,632,R,518763,518750,518788,38,1.612926,762,121.27606663602425,0.15691272878949797,0.268119017211052,0.17697332022523893,0.2887799026341198,Q→R
3163,632,S,518794,518788,518800,12,-0.11948700000000001,762,121.27606663602425,-0.0025009760742162133,-0.007763260767885876,-0.15941370486371417,-0.2758822779789379,R→S
3164,632,T,519040,518890,519089,199,0.31899,762,121.27606663602425,-0.24921809887312812,0.036173386081991894,-0.24671712279891192,0.04393664684987777,S→T
3165,633,P,519403,519374,519432,58,0.1452895,795,126.5281797580568,0.03380168021867971,0.00015516988547957771,0.2830197790918078,-0.03601821619651232,T→P
3166,633,Q,519507,519485,519515,30,-0.2763555,795,126.5281797580568,-0.02109772737835423,-0.021404191426327327,-0.054899407597033933,-0.021559361311806906,P→Q
3167,633,R,519536,519515,519555,40,1.6433895,795,126.5281797580568,0.16047780034665413,0.2686095968580953,0.18157552772500835,0.29001378828442265,Q→R
3168,633,S,519560,519555,519569,14,-0.04259750000000001,795,126.5281797580568,-0.000996819659859367,-0.003008144043343706,-0.1614746200065135,-0.27161774090143903,R→S
3169,633,T,519799,519649,519868,219,0.3651005,795,126.5281797580568,-0.28975904279625164,0.07555275114287976,-0.28876222313639227,0.07856089518622347,S→T
3170,634,P,520198,520154,520227,73,0.1557215,798,127.00564458733248,0.04125142518453073,-0.0016130430559021089,0.3310104679807824,-0.07716579419878188,T→P
3171,634,Q,520293,520280,520305,25,-0.2496835,798,127.00564458733248,-0.018678175691852494,-0.017492478077798326,-0.05992960087638323,-0.015879435021896218,P→Q
3172,634,R,520324,520305,520344,39,1.7094585,798,127.00564458733248,0.17242652803552289,0.26199047744518233,0.19110470372737537,0.27948295552298064,Q→R
3173,634,S,520348,520344,520356,12,-0.16038249999999998,798,127.00564458733248,-0.0036075810736807983,-0.00901643127487016,-0.1760341091092037,-0.2710069087200525,R→S
3174,634,T,520578,520428,520665,237,0.37379450000000003,798,127.00564458733248,-0.2835575791548684,0.08844311548297641,-0.2799499980811876,0.09745954675784657,S→T
3175,635,P,520996,520954,521028,74,0.1690395,760,120.95775674984046,0.045562735594650364,-0.0008422379628371242,0.32912031474951875,-0.08928535344581354,T→P
3176,635,Q,521098,521081,521109,28,-0.2195335,760,120.95775674984046,-0.019090525328421416,-0.02097287707346857,-0.06465326092307178,-0.020130639110631444,P→Q
3177,635,R,521128,521109,521146,37,1.6520465,760,120.95775674984046,0.1530161852575033,0.2846757094696071,0.17210671058592472,0.30564858654307564,Q→R
3178,635,S,521151,521146,521158,12,-0.13137949999999998,760,120.95775674984046,-0.0022828129263223274,-0.00767456930100529,-0.15529899818382562,-0.29235027877061237,R→S
3179,635,T,521397,521247,521462,215,0.34534750000000003,760,120.95775674984046,-0.2665270130651162,0.029173506977415026,-0.2642442001387939,0.036848076278420315,S→T
3180,636,P,521756,521727,521784,57,0.165858,757,120.48029192056477,0.03418961958928513,8.821416792000745e-05,0.30071663265440135,-0.02908529280949502,T→P
3181,636,Q,521858,521840,521868,28,-0.24124900000000002,757,120.48029192056477,-0.020746552781419004,-0.022798638039826607,-0.05493617237070414,-0.022886852207746614,P→Q
3182,636,R,521882,521868,521908,40,1.615238,757,120.48029192056477,0.15255857940668785,0.2858206954305604,0.17330513218810686,0.308619333470387,Q→R
3183,636,S,521912,521908,521918,10,-0.044668999999999986,757,120.48029192056477,-0.0006510069637370346,-0.0022717212308693514,-0.1532095863704249,-0.2880924166614297,R→S
3184,636,T,522154,522004,522404,400,0.37816,757,120.48029192056477,-0.32508340769512695,-0.06717847509373634,-0.3244324007313899,-0.06490675386286698,S→T
3185,637,P,522513,522468,522541,73,0.16472900000000001,739,117.61550294491066,0.05157934923223474,-0.004089379133793821,0.3766627569273617,0.06308909595994251,T→P
3186,637,Q,522604,522596,522613,17,-0.27315500000000004,739,117.61550294491066,-0.017491013450342745,-0.017219846006772475,-0.06907036268257749,-0.013130466872978655,P→Q
3187,637,R,522634,522613,522654,41,1.731821,739,117.61550294491066,0.17798605719995286,0.29031587778731516,0.1954770706502956,0.3075357237940876,Q→R
3188,637,S,522662,522654,522667,13,-0.10498600000000001,739,117.61550294491066,-0.0022124086302619064,-0.006698039578332016,-0.18019846583021476,-0.2970139173656472,R→S
3189,637,T,522893,522743,522965,222,0.385096,739,117.61550294491066,-0.3271148460264515,0.04643074908003917,-0.3249024373961896,0.05312878865837119,S→T
3190,638,P,523252,523209,523280,71,0.1534095,758,120.63944686365667,0.039843563476714444,-0.002296923180911353,0.36695840950316594,-0.048727672260950525,T→P
3191,638,Q,523348,523297,523360,63,-0.2885445,758,120.63944686365667,-0.03685114103356436,-0.031727589551072306,-0.0766947045102788,-0.02943066637016095,P→Q
3192,638,R,523378,523360,523397,37,1.6166995,758,120.63944686365667,0.1569009975620139,0.269111276996654,0.19375213859557824,0.3008388665477263,Q→R
3193,638,S,523402,523397,523411,14,-0.17660350000000002,758,120.63944686365667,-0.003972320183539434,-0.012231375596062294,-0.16087331774555333,-0.2813426525927163,R→S
3194,638,T,523632,523508,523697,189,0.3024535,758,120.63944686365667,-0.19616603062628996,0.01978846334002593,-0.19219371044275052,0.03201983893608822,S→T
3195,639,P,524010,523968,524038,70,0.1348385,740,117.77465788800255,0.03740160102605398,-0.0033802328408026406,0.23356763165234393,-0.02316869618082857,T→P
3196,639,Q,524103,524072,524112,40,-0.3216155,740,117.77465788800255,-0.029680900743267898,-0.027421299192880014,-0.06708250176932187,-0.024041066352077374,P→Q
3197,639,R,524130,524112,524154,42,1.6184005,740,117.77465788800255,0.1666529673882425,0.2763642077262736,0.1963338681315104,0.3037855069191536,Q→R
3198,639,S,524160,524154,524167,13,-0.1133835,740,117.77465788800255,-0.002114188325708174,-0.006928895950192017,-0.16876715571395068,-0.28329310367646565,R→S
3199,639,T,524390,524240,524477,237,0.31754649999999995,740,117.77465788800255,-0.2613196205453779,0.025041679607075183,-0.2592054322196697,0.0319705755572672,S→T
3200,640,P,524750,524721,524778,57,0.156591,798,127.00564458733248,0.03574137156455051,-0.00012579649402610162,0.2970609921099284,-0.025167476101101285,T→P
3201,640,Q,524854,524831,524863,32,-0.25229100000000004,798,127.00564458733248,-0.022498243314095747,-0.02269934386770684,-0.05823961487864626,-0.02257354737368074,P→Q
3202,640,R,524883,524863,524899,36,1.654099,798,127.00564458733248,0.1585889742233626,0.2644096634743304,0.18108721753745835,0.28710900734203726,Q→R
3203,640,S,524905,524899,524914,15,-0.134543,798,127.00564458733248,-0.002848355159362969,-0.007843427758976593,-0.16143732938272556,-0.27225309123330704,R→S
3204,640,T,525149,524999,525216,217,0.3538,798,127.00564458733248,-0.2612008909002229,0.06921856248342746,-0.2583525357408599,0.07706199024240405,S→T
3205,641,P,525548,525518,525594,76,0.17198000000000002,798,127.00564458733248,0.04062277658227498,0.0009338803964951307,0.3018236674824979,-0.06828468208693234,T→P
3206,641,Q,525651,525633,525661,28,-0.22647,798,127.00564458733248,-0.019029844937762646,-0.0195175276117309,-0.05965262152003763,-0.02045140800822603,P→Q
3207,641,R,525681,525661,525698,37,1.68743,798,127.00564458733248,0.1598899594242804,0.268917415490926,0.17891980436204302,0.28843494310265694,Q→R
3208,641,S,525703,525698,525710,12,-0.11974599999999999,798,127.00564458733248,-0.0023437928805937376,-0.006482739274285859,-0.16223375230487413,-0.27540015476521185,R→S
3209,641,T,525947,525797,526015,218,0.384245,798,127.00564458733248,-0.2747465395977163,0.06809353339623865,-0.27240274671712256,0.07457627267052451,S→T
3210,642,P,526346,526317,526377,60,0.1536865,762,121.27606663602425,0.03859612188528982,0.0005801404245471288,0.3133426614830061,-0.06751339297169152,T→P
3211,642,Q,526450,526430,526459,29,-0.24531849999999997,762,121.27606663602425,-0.021584967982263118,-0.023860437815720472,-0.06018108986755294,-0.024440578240267602,P→Q
3212,642,R,526472,526459,526497,38,1.5792805,762,121.27606663602425,0.1472706008331367,0.27567325992666775,0.16885556881539981,0.2995336977423882,Q→R
3213,642,S,526502,526497,526510,13,-0.07596549999999999,762,121.27606663602425,-0.001176617257334992,-0.00411469679678943,-0.1484472180904717,-0.2797879567234572,R→S
3214,642,T,526745,526595,526813,218,0.3398715,762,121.27606663602425,-0.2730429750682754,0.02878703185849698,-0.27186635781094043,0.03290172865528641,S→T
3215,643,P,527108,527079,527152,73,0.15890300000000002,835,132.89437748173262,0.04131774731727299,0.001064026627656038,0.3143607223855484,-0.027723005230840942,T→P
3216,643,Q,527213,527190,527222,32,-0.28305099999999994,835,132.89437748173262,-0.017228113858759005,-0.016783141574060127,-0.05854586117603199,-0.017847168201716165,P→Q
3217,643,R,527243,527222,527262,40,1.7068690000000002,835,132.89437748173262,0.16480120798420117,0.2542251073874617,0.18202932184296017,0.2710082489615218,Q→R
3218,643,S,527270,527262,527274,12,-0.04640799999999998,835,132.89437748173262,-0.0009547009250280605,-0.002499479687370327,-0.16575590890922923,-0.25672458707483203,R→S
3219,643,T,527505,527355,527592,237,0.372352,835,132.89437748173262,-0.2782845018230029,0.11026263478516057,-0.2773298008979748,0.1127621144725309,S→T
3220,644,P,527943,527899,527971,72,0.17310799999999998,819,130.3478983922623,0.04517740473854561,-0.00288148376488335,0.3234619065615485,-0.11314411855004393,T→P
3221,644,Q,528037,528028,528046,18,-0.260707,819,130.3478983922623,-0.016195550233926454,-0.014126022145778187,-0.06137295497247207,-0.011244538380894837,P→Q
3222,644,R,528067,528046,528087,41,1.733245,819,130.3478983922623,0.17945172249685873,0.24660526996958693,0.1956472727307852,0.2607312921153651,Q→R
3223,644,S,528092,528087,528099,12,-0.15224400000000002,819,130.3478983922623,-0.0037513555346353586,-0.008272841378118023,-0.18320307803149408,-0.25487811134770494,R→S
3224,644,T,528343,528193,528410,217,0.394103,819,130.3478983922623,-0.2793149703972837,0.1058405532447365,-0.27556361486264835,0.11411339462285452,S→T
3225,645,P,528762,528734,528807,73,0.15106,759,120.79860180674856,0.03907273841114326,0.0017373972214280405,0.318387708808427,-0.10410315602330845,T→P
3226,645,Q,528869,528846,528878,32,-0.28737900000000005,759,120.79860180674856,-0.021218238938936942,-0.02454705463320059,-0.060290977350080203,-0.026284451854628632,P→Q
3227,645,R,528899,528878,528917,39,1.606803,759,120.79860180674856,0.14078801433207755,0.2835061005491594,0.16200625327101448,0.30805315518236004,Q→R
3228,645,S,528926,528917,528932,15,-0.040304000000000006,759,120.79860180674856,-0.000705623591536503,-0.003066072823851991,-0.14149363792361405,-0.28657217337301144,R→S
3229,645,T,529161,529011,529229,218,0.348269,759,120.79860180674856,-0.2861170290028481,0.018884652870985206,-0.28541140541131155,0.021950725694837196,S→T
3230,646,P,529521,529495,529567,72,0.1519485,758,120.63944686365667,0.04361659580245372,0.0022557528718267577,0.3297336248053018,-0.01662889999915845,T→P
3231,646,Q,529628,529606,529636,30,-0.26215049999999995,758,120.63944686365667,-0.016966554156279758,-0.01989638999122372,-0.060583149958733484,-0.022152142863050478,P→Q
3232,646,R,529657,529636,529677,41,1.6796055,758,120.63944686365667,0.14834040246229818,0.29863944130032766,0.16530695661857794,0.3185358312915514,Q→R
3233,646,S,529678,529677,529682,5,-0.006381500000000012,758,120.63944686365667,-5.1930208514622716e-05,-0.00019512099807162078,-0.1483923326708128,-0.2988345622983993,R→S
3234,646,T,529919,529769,530008,239,0.39092150000000003,758,120.63944686365667,-0.33663179222978024,0.0240115276333639,-0.3365798620212656,0.024206648631435523,S→T
3235,647,P,530279,530235,530306,71,0.1348575,718,114.27324913998086,0.040343646003002664,-0.0032587390199378444,0.3769754382327829,-0.027270266653301744,T→P
3236,647,Q,530371,530321,530381,60,-0.3053575,718,114.27324913998086,-0.036816174195994415,-0.03172293059219026,-0.07715982019899709,-0.028464191572252415,P→Q
3237,647,R,530399,530381,530420,39,1.6323285,718,114.27324913998086,0.16183917325383396,0.285836900393881,0.19865534744982838,0.31755983098607127,Q→R
3238,647,S,530427,530420,530435,15,-0.1563135,718,114.27324913998086,-0.0033320057872843756,-0.011788022036365333,-0.16517117904111833,-0.2976249224302463,R→S
3239,647,T,530660,530510,530725,215,0.3511545,718,114.27324913998086,-0.27049461410673586,0.007499460167575514,-0.2671626083194515,0.019287482203940845,S→T
3240,648,P,530997,530955,531026,71,0.16733750000000003,780,124.14085561167836,0.042502496266592804,-0.0016099814512753633,0.31299711037332867,-0.009109441618850876,T→P
3241,648,Q,531094,531079,531106,27,-0.25719249999999994,780,124.14085561167836,-0.020272493855321594,-0.01991298710562844,-0.0627749901219144,-0.018303005654353076,P→Q
3242,648,R,531124,531106,531143,37,1.6387285,780,124.14085561167836,0.16171091993463416,0.2626744073276357,0.18198341378995575,0.28258739443326414,Q→R
3243,648,S,531148,531143,531156,13,-0.17196149999999996,780,124.14085561167836,-0.004051809832248948,-0.011205340653563328,-0.1657627297668831,-0.273879747981199,R→S
3244,648,T,531378,531230,531444,214,0.3419065,780,124.14085561167836,-0.2453669522853278,0.06059039638207506,-0.24131514245307883,0.07179573703563838,S→T
3245,649,P,531777,531750,531805,55,0.14993199999999998,777,123.66339078240269,0.03211128205821524,0.00022606098427853258,0.277478234343543,-0.06036433539779652,T→P
3246,649,Q,531884,531837,531892,55,-0.289099,777,123.66339078240269,-0.03132406062575562,-0.03115819152292619,-0.06343534268397086,-0.031384252507204724,P→Q
3247,649,R,531912,531892,531928,36,1.608561,777,123.66339078240269,0.144270972875625,0.2655876651489304,0.17559503350138062,0.2967458566718566,Q→R
3248,649,S,531934,531928,531950,22,-0.100028,777,123.66339078240269,-0.002646698842638254,-0.009303899520035233,-0.14691767171826325,-0.27489156466896564,R→S
3249,649,T,532175,532046,532226,180,0.323318,777,123.66339078240269,-0.21519065509147797,0.025805812901026633,-0.2125439562488397,0.03510971242106187,S→T
3250,650,P,532554,532511,532581,70,0.1409055,759,120.79860180674856,0.03663680535941071,-0.002633170405577215,0.25182746045088866,-0.028438983306603847,T→P
3251,650,Q,532647,532636,532657,21,-0.3074105,759,120.79860180674856,-0.020947773651433216,-0.020162975294317362,-0.05758457901084393,-0.017529804888740147,P→Q
3252,650,R,532674,532657,532699,42,1.6511764999999998,759,120.79860180674856,0.17029931604572107,0.26915538743096057,0.1912470896971543,0.28931836272527794,Q→R
3253,650,S,532703,532699,532710,11,-0.09337050000000002,759,120.79860180674856,-0.0017097485644079126,-0.004996879529345825,-0.172009064610129,-0.27415226696030637,R→S
3254,650,T,532934,532784,533022,238,0.34044549999999996,759,120.79860180674856,-0.29829557058542827,0.0585602062402503,-0.29658582202102035,0.06355708576959612,S→T
3255,651,P,533313,533270,533360,90,0.17982199999999998,822,130.82536322153797,0.04981444133777654,0.00037578270280623954,0.3481100119232048,-0.05818442353744406,T→P
3256,651,Q,533416,533399,533425,26,-0.209343,822,130.82536322153797,-0.0170833926038232,-0.016607022390900256,-0.06689783394159973,-0.016982805093706494,P→Q
3257,651,R,533445,533425,533463,38,1.682509,822,130.82536322153797,0.1657033917324667,0.256762528794079,0.1827867843362899,0.2733695511849793,Q→R
3258,651,S,533467,533463,533474,11,-0.11656500000000003,822,130.82536322153797,-0.0022435428135931753,-0.005464854321117787,-0.16794693454605988,-0.2622273831151968,R→S
3259,651,T,533712,533562,533962,400,0.41702,822,130.82536322153797,-0.3416024098614426,0.04826398545427532,-0.3393588670478494,0.05372883977539311,S→T
3260,652,P,534135,534106,534178,72,0.140073,954,151.83381570966816,0.03198102994426209,0.0005096858151061687,0.3735834398057047,-0.047754299639169155,T→P
3261,652,Q,534241,534215,534250,35,-0.287934,954,151.83381570966816,-0.01920992288946007,-0.015454829048463323,-0.05119095283372216,-0.015964514863569493,P→Q
3262,652,R,534271,534250,534288,38,1.7320980000000001,954,151.83381570966816,0.16342499523949114,0.1981235120701709,0.18263491812895122,0.21357834111863422,Q→R
3263,652,S,534296,534288,534305,17,-0.10526300000000002,954,151.83381570966816,-0.00347388180194345,-0.006144169320527187,-0.16689887704143458,-0.2042676813906981,R→S
3264,652,T,534531,534381,534599,218,0.372056,954,151.83381570966816,-0.18301613404773745,0.15161394631150432,-0.179542252245794,0.15775811563203151,S→T
3265,653,P,535089,535046,535118,72,0.1643965,879,139.897194977776,0.040610273656954715,-0.002179065612876627,0.22362640770469217,-0.15379301192438094,T→P
3266,653,Q,535182,535172,535192,20,-0.2705655,879,139.897194977776,-0.01711892483034659,-0.013409201678460715,-0.057729198487301306,-0.011230136065584088,P→Q
3267,653,R,535212,535192,535234,42,1.6143315,879,139.897194977776,0.17303813126955186,0.20595775179151443,0.19015705609989847,0.21936695346997515,Q→R
3268,653,S,535238,535234,535245,11,-0.11164450000000004,879,139.897194977776,-0.0025212151226642623,-0.00462489897039169,-0.17555934639221613,-0.21058265076190613,R→S
3269,653,T,535489,535339,535557,218,0.3616055,879,139.897194977776,-0.22247248048794735,0.13576936041526824,-0.2199512653652831,0.14039425938565994,S→T
3270,654,P,535968,535923,535996,73,0.167911,898,142.92113889652202,0.04117810775057845,-0.0025586702349459454,0.26365058823852583,-0.13832803065021418,T→P
3271,654,Q,536059,536050,536068,18,-0.265313,898,142.92113889652202,-0.015433361472101417,-0.01142012850908054,-0.05661146922267987,-0.008861458274134594,P→Q
3272,654,R,536088,536068,536111,43,1.695568,898,142.92113889652202,0.18586221429571143,0.20580712496625742,0.20129557576781285,0.21722725347533794,Q→R
3273,654,S,536116,536111,536120,9,-0.06640199999999999,898,142.92113889652202,-0.0014156991277980814,-0.0023604206944538545,-0.1872779134235095,-0.20816754566071127,R→S
3274,654,T,536347,536197,536597,400,0.406847,898,142.92113889652202,-0.29923760173082903,0.1594640506373107,-0.29782190260303093,0.16182447133176456,S→T
3275,655,P,536866,536822,536894,72,0.159477,899,143.08029383961392,0.03569554926218602,-0.0020542430816867983,0.33493315099301507,-0.1615182937189975,T→P
3276,655,Q,536960,536948,536969,21,-0.270861,899,143.08029383961392,-0.01716718909052699,-0.013052772845715347,-0.05286273835271302,-0.010998529764028549,P→Q
3277,655,R,536989,536969,537008,39,1.709737,899,143.08029383961392,0.17868476558334298,0.204617683127217,0.19585195467386998,0.21767045597293236,Q→R
3278,655,S,537015,537008,537022,14,-0.14208900000000002,899,143.08029383961392,-0.004034022195216434,-0.006862428504260308,-0.1827187877785594,-0.2114801116314773,R→S
3279,655,T,537265,537115,537332,217,0.376403,899,143.08029383961392,-0.21897277423610434,0.1518860917409895,-0.21493875204088791,0.1587485202452498,S→T
3280,656,P,537765,537721,537793,72,0.18180200000000002,898,142.92113889652202,0.04322590326828701,-0.001904472135899739,0.26219867750439135,-0.15379056387688922,T→P
3281,656,Q,537860,537849,537869,20,-0.24794399999999997,898,142.92113889652202,-0.01579524541790539,-0.012114528817396261,-0.0590211486861924,-0.010210056681496523,P→Q
3282,656,R,537889,537869,537909,40,1.723368,898,142.92113889652202,0.18202543352245715,0.21137847798328305,0.19782067894036254,0.2234930068006793,Q→R
3283,656,S,537913,537909,537921,12,-0.134857,898,142.92113889652202,-0.0034140313313114367,-0.005877288909251812,-0.18543946485376858,-0.21725576689253487,R→S
3284,656,T,538164,538014,538231,217,0.39758099999999996,898,142.92113889652202,-0.23320790495543564,0.16241600162403202,-0.2297938736241242,0.16829329053328385,S→T
3285,657,P,538663,538620,538691,71,0.1771775,819,130.3478983922623,0.039273321034871925,-0.0009466548401407659,0.27248122599030755,-0.16336265646417278,T→P
3286,657,Q,538758,538747,538768,21,-0.2583765,819,130.3478983922623,-0.01746156805617118,-0.015400938115504104,-0.0567348890910431,-0.014454283275363338,P→Q
3287,657,R,538783,538768,538809,41,1.6537845,819,130.3478983922623,0.16942776283394137,0.2374221934627223,0.18688933089011256,0.2528231315782264,Q→R
3288,657,S,538814,538809,538820,11,-0.07570550000000001,819,130.3478983922623,-0.0018616159039039448,-0.004272144527590417,-0.1712893787378453,-0.24169433799031273,R→S
3289,657,T,539062,538912,539129,217,0.34131449999999997,819,130.3478983922623,-0.24729122258536942,0.08753814541537819,-0.2454296066814655,0.09181028994296861,S→T
3290,658,P,539482,539438,539510,72,0.1705185,818,130.1887434491704,0.04149710009676159,-0.001896570092600325,0.288788322682131,-0.08943471550797852,T→P
3291,658,Q,539576,539566,539585,19,-0.2702885,818,130.1887434491704,-0.017212122016999683,-0.01499317431816218,-0.05870922211376127,-0.013096604225561855,P→Q
3292,658,R,539601,539585,539628,43,1.7045385,818,130.1887434491704,0.1792203680533226,0.24822489169053574,0.19643249007032226,0.2632180660086979,Q→R
3293,658,S,539632,539628,539638,10,-0.0661255,818,130.1887434491704,-0.001369574884817909,-0.0031301719632561525,-0.18058994293814049,-0.2513550636537919,R→S
3294,658,T,539881,539731,540131,400,0.4030925,818,130.1887434491704,-0.3606847570146922,0.022341581883351676,-0.3593151821298743,0.02547175384660783,S→T
3295,659,P,540300,540254,540332,78,0.1713695,859,136.7140961159381,0.043581698879284016,-0.002495062433120325,0.40426645589397625,-0.024836644316472,T→P
3296,659,Q,540393,540384,540402,18,-0.26477649999999997,859,136.7140961159381,-0.015791297156722173,-0.012705221437073942,-0.05937299603600619,-0.010210159003953617,P→Q
3297,659,R,540423,540402,540444,42,1.7512235,859,136.7140961159381,0.18716042946158373,0.23147942334435295,0.2029517266183059,0.2441846447814269,Q→R
3298,659,S,540448,540444,540455,11,-0.1064465,859,136.7140961159381,-0.0023805079917165253,-0.004535322305356529,-0.18954093745330025,-0.23601474564970948,R→S
3299,659,T,540699,540549,540768,219,0.4045355,859,136.7140961159381,-0.280790420466513,0.15778501020647578,-0.27840991247479646,0.1623203325118323,S→T
3300,660,P,541159,541130,541206,76,0.169631,897,142.76198395343013,0.03649257896019946,0.001071665485083213,0.31728299942671245,-0.15671334472139256,T→P
3301,660,Q,541260,541245,541270,25,-0.206771,897,142.76198395343013,-0.01701312621034399,-0.014184730851918454,-0.05350570517054345,-0.015256396337001666,P→Q
3302,660,R,541289,541270,541307,37,1.6822320000000002,897,142.76198395343013,0.17292847682985887,0.21884596572133322,0.18994160304020286,0.23303069657325168,Q→R
3303,660,S,541312,541307,541319,12,-0.137743,897,142.76198395343013,-0.0033710110427702077,-0.006197512182036924,-0.17629948787262908,-0.22504347790337015,R→S
3304,660,T,541558,541408,541625,217,0.39292,897,142.76198395343013,-0.23391015810670518,0.14787721633649722,-0.23053914706393497,0.15407472851853415,S→T
3305,661,P,542056,542014,542084,70,0.1351345,820,130.5070533353542,0.036099623674113124,-0.002193890801816333,0.2700097817808183,-0.15007110713831356,T→P
3306,661,Q,542147,542121,542157,36,-0.3010105,820,130.5070533353542,-0.024737327654317527,-0.01994290572693466,-0.06083695132843065,-0.017749014925118326,P→Q
3307,661,R,542177,542157,542197,40,1.6743705,820,130.5070533353542,0.17646043218261068,0.23060436645706578,0.2011977598369282,0.2505472721840004,Q→R
3308,661,S,542205,542197,542213,16,-0.1374655,820,130.5070533353542,-0.0036975892474948382,-0.007952691485745728,-0.1801580214301055,-0.2385570579428115,R→S
3309,661,T,542437,542310,542502,192,0.3050435,820,130.5070533353542,-0.18948215456387446,0.07359319488085231,-0.18578456531637963,0.08154588636659804,S→T
3310,662,P,542876,542865,542903,38,0.14003649999999998,800,127.32395447351627,0.02008286203187632,0.0010155244611590646,0.20956501659575077,-0.07257767041969325,T→P
3311,662,Q,542973,542959,542985,26,-0.2456515,800,127.32395447351627,-0.021739412198160286,-0.0207899171005577,-0.04182227423003661,-0.021805441561716765,P→Q
3312,662,R,542999,542985,543024,39,1.6543765000000001,800,127.32395447351627,0.1631948289991477,0.2529659740790231,0.18493424119730797,0.2737558911795808,Q→R
3313,662,S,543029,543024,543036,12,-0.08439950000000002,800,127.32395447351627,-0.0017803030412040727,-0.004640021614701963,-0.16497513204035177,-0.25760599569372505,R→S
3314,662,T,543275,543126,543324,198,0.3146055,800,127.32395447351627,-0.22212523580411014,0.06099379265313757,-0.22034493276290607,0.06563381426783953,S→T
3315,663,P,543676,543644,543721,77,0.161806,860,136.87325105903,0.040302876443883126,0.0009905049547704553,0.2624281122479933,-0.060003287698367117,T→P
3316,663,Q,543779,543760,543787,27,-0.22095900000000002,860,136.87325105903,-0.01694181459317653,-0.015245080784571909,-0.05724469103705966,-0.016235585739342365,P→Q
3317,663,R,543808,543787,543826,39,1.67093,860,136.87325105903,0.17059486915025987,0.23766124939541594,0.1875366837434364,0.25290633017998787,Q→R
3318,663,S,543830,543826,543837,11,-0.102656,860,136.87325105903,-0.002094699955317743,-0.004402921903747898,-0.17268956910557762,-0.24206417129916383,R→S
3319,663,T,544074,543924,544143,219,0.405404,860,136.87325105903,-0.2752883290321845,0.13889505731683974,-0.27319362907686673,0.14329797922058762,S→T
3320,664,P,544536,544508,544580,72,0.1365595,915,145.62677292908424,0.034948975235820814,0.0013491779940200288,0.3102373042680053,-0.1375458793228197,T→P
3321,664,Q,544641,544618,544650,32,-0.2966645,915,145.62677292908424,-0.018276878362999103,-0.015611805240579249,-0.053225853598819914,-0.016960983234599276,P→Q
3322,664,R,544671,544650,544688,38,1.7239595,915,145.62677292908424,0.16824622119961777,0.21623189325073416,0.18652309956261687,0.23184369849131342,Q→R
3323,664,S,544694,544688,544704,16,-0.0722285,915,145.62677292908424,-0.002380277995030588,-0.004610263919214239,-0.17062649919464837,-0.2208421571699484,R→S
3324,664,T,544932,544782,545001,219,0.37379450000000003,915,145.62677292908424,-0.217564858888306,0.14890335662451679,-0.2151845808932754,0.15351362054373102,S→T
3325,665,P,545451,545408,545479,71,0.15801500000000002,823,130.98451816462986,0.03359438192421611,-0.0008333468847870077,0.2511592408125221,-0.1497367035093038,T→P
3326,665,Q,545548,545532,545560,28,-0.272878,823,130.98451816462986,-0.02152696940951416,-0.019601929498433927,-0.05512135133373027,-0.01876858261364692,P→Q
3327,665,R,545575,545560,545597,37,1.612611,823,130.98451816462986,0.16422799035755958,0.23709226913311818,0.18575495976707374,0.25669419863155213,Q→R
3328,665,S,545603,545597,545610,13,-0.131972,823,130.98451816462986,-0.003624770211146135,-0.008357408036142148,-0.1678527605687057,-0.24544967716926033,R→S
3329,665,T,545850,545700,545903,203,0.33436,823,130.98451816462986,-0.22472397452574602,0.0761699452760025,-0.2210992043145999,0.08452735331214464,S→T
3330,666,P,546274,546245,546316,71,0.1331185,814,129.5521236768028,0.03310053980478126,0.0007911174778860749,0.2578245143305273,-0.07537882779811643,T→P
3331,666,Q,546378,546355,546387,32,-0.3059495,814,129.5521236768028,-0.021739572900187163,-0.02141608978498654,-0.05484011270496843,-0.022207207262872616,P→Q
3332,666,R,546408,546387,546432,45,1.6346595,814,129.5521236768028,0.1593877550615,0.25593539779965224,0.18112732796168715,0.2773514875846388,Q→R
3333,666,S,546437,546432,546441,9,-0.04551949999999999,814,129.5521236768028,-0.0006459807742252558,-0.001957417533648672,-0.16003373583572525,-0.25789281533330094,R→S
3334,666,T,546669,546519,546757,238,0.3569625,814,129.5521236768028,-0.276332727229863,0.08251460619265645,-0.2756867464556378,0.08447202372630512,S→T
3335,667,P,547088,547045,547116,71,0.151671,839,133.53099725410019,0.03813320343761554,-0.0018991744238651992,0.3144659306674786,-0.08441378061652165,T→P
3336,667,Q,547182,547171,547191,20,-0.28736000000000006,839,133.53099725410019,-0.017840722548328514,-0.01490715718278098,-0.055973925985944056,-0.01300798275891578,P→Q
3337,667,R,547211,547191,547232,41,1.7181710000000001,839,133.53099725410019,0.18174108048127452,0.23619232869686616,0.19958180302960304,0.25109948587964714,Q→R
3338,667,S,547237,547232,547244,12,-0.118007,839,133.53099725410019,-0.0026883299467963333,-0.005525707639576064,-0.18442941042807084,-0.24171803633644223,R→S
3339,667,T,547471,547321,547538,217,0.37089099999999997,839,133.53099725410019,-0.2562583546967764,0.13359546472500988,-0.25357002474998,0.13912117236458596,S→T
3340,668,P,547927,547883,547955,72,0.155148,899,143.08029383961392,0.03773611549385577,-0.0022911459622685587,0.29399447019063213,-0.13588661068727845,T→P
3341,668,Q,548018,548008,548027,19,-0.29375999999999997,899,143.08029383961392,-0.017882366788044408,-0.01319953630620204,-0.05561848228190018,-0.010908390343933483,P→Q
3342,668,R,548048,548027,548067,40,1.74081,899,143.08029383961392,0.18567150863471069,0.20510433658470845,0.2035538754227551,0.2183038728909105,Q→R
3343,668,S,548075,548067,548081,14,-0.12033800000000001,899,143.08029383961392,-0.0035927518602134954,-0.005910152290577634,-0.18926426049492417,-0.2110144888752861,R→S
3344,668,T,548307,548157,548376,219,0.37669800000000003,899,143.08029383961392,-0.2097224932722202,0.15842969086656408,-0.2061297414120067,0.16433984315714173,S→T
3345,669,P,548826,548782,548854,72,0.16817000000000001,840,133.69015219719208,0.037970179754314944,-0.0020708678302263023,0.24769267302653514,-0.1605005586967904,T→P
3346,669,Q,548920,548907,548931,24,-0.30101100000000003,840,133.69015219719208,-0.020854740200795644,-0.017619916031028804,-0.05882491995511059,-0.015549048200802502,P→Q
3347,669,R,548950,548931,548970,39,1.6407450000000001,840,133.69015219719208,0.1704517239673296,0.22370443888130626,0.19130646416812525,0.24132435491233506,Q→R
3348,669,S,548974,548970,548983,13,-0.14789699999999997,840,133.69015219719208,-0.003952112966139097,-0.00814956515485145,-0.1744038369334687,-0.23185400403615772,R→S
3349,669,T,549225,549077,549272,195,0.300419,840,133.69015219719208,-0.18809718704843628,0.08331215577264499,-0.1841450740822972,0.09146172092749644,S→T
3350,670,P,549666,549621,549690,69,0.1287535,800,127.32395447351627,0.033263769245582414,-0.002859252306679668,0.2213609562940187,-0.08617140807932466,T→P
3351,670,Q,549756,549726,549765,39,-0.30217649999999996,800,127.32395447351627,-0.026695404743897616,-0.021248234875285404,-0.05995917398948003,-0.018388982568605737,P→Q
3352,670,R,549785,549765,549808,43,1.6424645,800,127.32395447351627,0.18199209649628512,0.24114153611772357,0.20868750124018273,0.262389770993009,Q→R
3353,670,S,549813,549808,549819,11,-0.1003435,800,127.32395447351627,-0.0020838095109373903,-0.004746132337218723,-0.1840759060072225,-0.24588766845494228,R→S
3354,670,T,550044,549894,550132,238,0.3444955,800,127.32395447351627,-0.27224727741850985,0.09375173681745395,-0.27016346790757245,0.09849786915467268,S→T
3355,671,P,550466,550435,550511,76,0.1452895,875,139.26057520540843,0.036581883286162596,0.0011981681708330908,0.3088291607046724,-0.09255356864662086,T→P
3356,671,Q,550570,550550,550579,29,-0.2641845,875,139.26057520540843,-0.017137584859504233,-0.015380400865522816,-0.05371946814566683,-0.016578569036355906,P→Q
3357,671,R,550600,550579,550617,38,1.7042424999999999,875,139.26057520540843,0.16928045468182598,0.23308057573753818,0.1864180395413302,0.248460976603061,Q→R
3358,671,S,550621,550617,550633,16,-0.0756695,875,139.26057520540843,-0.001955843812570191,-0.004108802981004974,-0.17123629849439617,-0.23718937871854315,R→S
3359,671,T,550863,550713,550931,218,0.3975805,875,139.26057520540843,-0.25269004518893123,0.1332565063383224,-0.25073420137636104,0.13736530931932736,S→T
3360,672,P,551341,551296,551371,75,0.168761,882,140.3746598070517,0.04267899909198993,-0.002046352015989979,0.29536904428092114,-0.13530285835431238,T→P
3361,672,Q,551435,551426,551443,17,-0.258099,882,140.3746598070517,-0.014789654648705918,-0.011554519855358197,-0.057468653740695846,-0.009508167839368219,P→Q
3362,672,R,551464,551443,551485,42,1.759048,882,140.3746598070517,0.18742081451370599,0.2214680118100337,0.2022104691624119,0.23302253166539189,Q→R
3363,672,S,551490,551485,551496,11,-0.10554100000000002,882,140.3746598070517,-0.002636309709495347,-0.004707598106981998,-0.19005712422320134,-0.22617560991701569,R→S
3364,672,T,551741,551591,551991,400,0.441362,882,140.3746598070517,-0.3382784532161784,0.1264875908334751,-0.33564214350668303,0.1311951889404571,S→T
3365,673,P,552223,552194,552267,73,0.14934,836,133.0535324248245,0.03717302972096197,0.001286908534893273,0.37545148293714037,-0.12520068229858183,T→P
3366,673,Q,552328,552305,552337,32,-0.283328,836,133.0535324248245,-0.02020859651292556,-0.01946794772078284,-0.057381626233887525,-0.02075485625567611,P→Q
3367,673,R,552358,552337,552377,40,1.6056380000000001,836,133.0535324248245,0.15606646329136165,0.23938734884337648,0.1762750598042872,0.25885529656415934,Q→R
3368,673,S,552386,552377,552392,15,-0.059447,836,133.0535324248245,-0.0014079149377517924,-0.0037753470442769277,-0.15747437822911345,-0.2431626958876534,R→S
3369,673,T,552620,552471,552686,215,0.328534,836,133.0535324248245,-0.22276110286775389,0.08093782567545678,-0.22135318793000208,0.0847131727197337,S→T
3370,674,P,553059,553014,553084,70,0.12818049999999998,802,127.64226435970006,0.033092147578986306,-0.0031267009954868874,0.2558532504467402,-0.08406452667094366,T→P
3371,674,Q,553148,553124,553158,34,-0.3155115,802,127.64226435970006,-0.024244119070842802,-0.01952627949516128,-0.057336266649829104,-0.016399578499674394,P→Q
3372,674,R,553179,553158,553203,45,1.6453685,802,127.64226435970006,0.18719473720212948,0.24436290393818494,0.2114388562729723,0.2638891834333462,Q→R
3373,674,S,553207,553203,553211,8,-0.06436750000000002,802,127.64226435970006,-0.0009975459469913777,-0.002267028010145491,-0.18819228314912087,-0.24662993194833044,R→S
3374,674,T,553439,553289,553527,238,0.3653785,802,127.64226435970006,-0.29258997951824506,0.1160231085034476,-0.2915924335712537,0.11829013651359309,S→T
3375,675,P,553861,553832,553904,72,0.154852,839,133.53099725410019,0.03776051812684418,0.0012286495794541256,0.3303504976450892,-0.11479445892399348,T→P
3376,675,Q,553965,553943,553973,30,-0.26446200000000003,839,133.53099725410019,-0.019135599248068638,-0.01798174299783287,-0.05689611737491282,-0.019210392577286996,P→Q
3377,675,R,553993,553973,554011,38,1.6656779999999998,839,133.53099725410019,0.16456324887337556,0.24418311649560245,0.1836988481214442,0.2621648594934353,Q→R
3378,675,S,554016,554011,554028,17,-0.081791,839,133.53099725410019,-0.0022909831663631306,-0.005451731672724419,-0.1668542320397387,-0.24963484816832687,R→S
3379,675,T,554257,554107,554325,218,0.369448,839,133.53099725410019,-0.2474494517907924,0.10071858386765481,-0.24515846862442925,0.10617031554037923,S→T
3380,676,P,554700,554672,554743,71,0.14122,855,136.0774763435705,0.036578582831940425,0.0012427182230982544,0.2840280346227328,-0.09947586564455656,T→P
3381,676,Q,554805,554781,554814,33,-0.29200299999999996,855,136.0774763435705,-0.019378365183894956,-0.018222414810852287,-0.05595694801583538,-0.019465133033950543,P→Q
3382,676,R,554835,554814,554853,39,1.7245519999999999,855,136.0774763435705,0.1627139967663481,0.2414713789781368,0.18209236195024306,0.2596937937889891,Q→R
3383,676,S,554861,554853,554869,16,-0.09194599999999997,855,136.0774763435705,-0.002551093359170042,-0.006179969581350384,-0.16526509012551813,-0.2476513485594872,R→S
3384,676,T,555097,554947,555184,237,0.413821,855,136.0774763435705,-0.27558811746222894,0.1108967084968368,-0.2730370241030589,0.11707667807818718,S→T
3385,677,P,555555,555526,555587,61,0.16066,819,130.3478983922623,0.03436498080086243,0.00042172729233595313,0.30995309826309136,-0.11047498120450085,T→P
3386,677,Q,555658,555639,555668,29,-0.24359799999999998,819,130.3478983922623,-0.021877434724910296,-0.02130700709756241,-0.05624241552577272,-0.021728734389898363,P→Q
3387,677,R,555687,555668,555705,37,1.5955020000000002,819,130.3478983922623,0.15716907182082765,0.24488492614986096,0.17904650654573795,0.26619193324742335,Q→R
3388,677,S,555710,555705,555719,14,-0.10905500000000001,819,130.3478983922623,-0.0023332888999390284,-0.005884598685947503,-0.15950236072076668,-0.25076952483580844,R→S
3389,677,T,555955,555825,556021,196,0.331752,819,130.3478983922623,-0.21793258170635474,0.05909694100041331,-0.2155992928064157,0.0649815396863608,S→T
3390,678,P,556374,556345,556403,58,0.15544400000000003,779,123.98170066858647,0.03396155294855023,0.0004674615792435801,0.25189413465490496,-0.05862947942116973,T→P
3391,678,Q,556477,556460,556486,26,-0.227358,779,123.98170066858647,-0.01846558005449703,-0.019591849113691093,-0.05242713300304726,-0.020059310692934672,P→Q
3392,678,R,556500,556486,556527,41,1.64363,779,123.98170066858647,0.15724140344303086,0.27557502372170045,0.1757069834975279,0.29516687283539156,Q→R
3393,678,S,556531,556527,556533,6,-0.019716999999999985,779,123.98170066858647,-0.00017406748311199775,-0.0005335221555697335,-0.15741547092614286,-0.2761085458772702,R→S
3394,678,T,556773,556623,557023,400,0.37525600000000003,779,123.98170066858647,-0.32826484824691504,-0.03207595369146825,-0.32809078076380305,-0.031542431535898516,S→T
3395,679,P,557153,557106,557200,94,0.17251650000000002,818,130.1887434491704,0.04787525363911992,0.0001200267017412532,0.37614010188603497,0.0321959803932095,T→P
3396,679,Q,557254,557239,557263,24,-0.21313449999999998,818,130.1887434491704,-0.016713443338695497,-0.01587485157910066,-0.06458869697781541,-0.015994878280841913,P→Q
3397,679,R,557277,557263,557303,40,1.6804565,818,130.1887434491704,0.17290659374685974,0.2626880241723168,0.18962003708555525,0.27856287575141747,Q→R
3398,679,S,557307,557303,557312,9,-0.061759499999999995,818,130.1887434491704,-0.000969633450794809,-0.0023545924380867183,-0.17387622719765455,-0.2650426166104035,R→S
3399,679,T,557552,557402,557802,400,0.4103065,818,130.1887434491704,-0.36095004397937597,0.03620797264934532,-0.35998041052858115,0.038562565087432034,S→T
3400,680,P,557971,557928,557999,71,0.16473000000000002,859,136.7140961159381,0.04087171321867762,-0.002302960655543242,0.4018217571980536,-0.03851093330488856,T→P
3401,680,Q,558064,558055,558074,19,-0.28243999999999997,859,136.7140961159381,-0.01795563374735916,-0.014529505978525268,-0.05882734696603678,-0.012226545322982025,P→Q
3402,680,R,558094,558074,558114,40,1.726013,859,136.7140961159381,0.18202577578696402,0.22620217908283285,0.1999814095343232,0.2407316850613581,Q→R
3403,680,S,558120,558114,558127,13,-0.14675,859,136.7140961159381,-0.003848030645091135,-0.0073301322846837155,-0.18587380643205514,-0.23353231136751657,R→S
3404,680,T,558370,558220,558419,199,0.372333,859,136.7140961159381,-0.2324025239525138,0.12779424324419017,-0.22855449330742267,0.13512437552887388,S→T
3405,681,P,558830,558800,558858,58,0.161215,878,139.7380400346841,0.03085207599995017,-8.526210187118e-05,0.263254599952464,-0.12787950534606135,T→P
3406,681,Q,558927,558914,558940,26,-0.232574,878,139.7380400346841,-0.01909573445373174,-0.016148330319641743,-0.04994781045368191,-0.016063068217770562,P→Q
3407,681,R,558959,558940,558977,37,1.6616080000000002,878,139.7380400346841,0.172189205614474,0.22353949014970495,0.19128494006820576,0.2396878204693467,Q→R
3408,681,S,558982,558977,558989,12,-0.146159,878,139.7380400346841,-0.0038848193921898824,-0.007478858110493031,-0.1760740250066639,-0.231018348260198,R→S
3409,681,T,559229,559079,559296,217,0.387426,878,139.7380400346841,-0.2300812228148024,0.128734405118925,-0.22619640342261252,0.13621326322941804,S→T
3410,682,P,559708,559665,559736,71,0.17255350000000003,820,130.5070533353542,0.03794818102341948,-0.0011013166942079578,0.2680294038382219,-0.12983572181313296,T→P
3411,682,Q,559805,559793,559817,24,-0.26300049999999997,820,130.5070533353542,-0.020131919479036784,-0.018541528823694864,-0.05808010050245627,-0.017440212129486907,P→Q
3412,682,R,559830,559817,559855,38,1.6062485,820,130.5070533353542,0.16291942053778208,0.23820271224680276,0.18305134001681886,0.25674424107049765,Q→R
3413,682,S,559860,559855,559867,12,-0.13193449999999998,820,130.5070533353542,-0.0030931780654065624,-0.007287240004216434,-0.16601259860318865,-0.2454899522510192,R→S
3414,682,T,560108,559958,560163,205,0.3355445,820,130.5070533353542,-0.2234668060134981,0.07521560138546407,-0.22037362794809154,0.0825028413896805,S→T
3415,683,P,560528,560499,560560,61,0.1513565,837,133.2126873679164,0.03306021247968184,0.00019068507016893412,0.25652701849317994,-0.07502491631529513,T→P
3416,683,Q,560630,560613,560640,27,-0.2308175,837,133.2126873679164,-0.018387426305482707,-0.01730058899682622,-0.05144763878516455,-0.017491274066995154,P→Q
3417,683,R,560653,560640,560679,39,1.6424645,837,133.2126873679164,0.16575551910193723,0.24376201230575328,0.18414294540741993,0.2610626013025795,Q→R
3418,683,S,560684,560679,560690,11,-0.03712249999999999,837,133.2126873679164,-0.0006096538103572711,-0.001439244064596556,-0.1663651729122945,-0.24520125637034984,R→S
3419,683,T,560926,560776,560996,220,0.3694295,837,133.2126873679164,-0.2708199150180523,0.11475221259696533,-0.27021026120769503,0.11619145666156189,S→T
3420,684,P,561365,561336,561394,58,0.1464545,882,140.3746598070517,0.027739557444184642,0.00010858706901456352,0.29855947246223696,-0.11464362552795077,T→P
3421,684,Q,561467,561447,561476,29,-0.2282085,882,140.3746598070517,-0.019918031431201074,-0.016935666746798715,-0.047657588875385716,-0.01704425381581328,P→Q
3422,684,R,561496,561476,561513,37,1.6340854999999999,882,140.3746598070517,0.16756643882591835,0.22015902708720278,0.18748447025711942,0.2370946938340015,Q→R
3423,684,S,561519,561513,561527,14,-0.16846550000000002,882,140.3746598070517,-0.004586942123812142,-0.008909963978085356,-0.17215338094973048,-0.22906899106528814,R→S
3424,684,T,561765,561616,561831,215,0.3598665,882,140.3746598070517,-0.20257568364185477,0.10977521639430836,-0.19798874151804263,0.11868518037239371,S→T
3425,685,P,562247,562217,562291,74,0.1557215,855,136.0774763435705,0.03800802760164774,0.0008499379569327064,0.2405837112435025,-0.10892527843737565,T→P
3426,685,Q,562350,562329,562359,30,-0.23751250000000002,855,136.0774763435705,-0.018329975361142507,-0.016629247391111244,-0.05633800296279025,-0.01747918534804395,P→Q
3427,685,R,562379,562359,562396,37,1.6752405,855,136.0774763435705,0.16754583315003102,0.2356504074291931,0.18587580851117352,0.25227965482030434,Q→R
3428,685,S,562401,562396,562410,14,-0.1070015,855,136.0774763435705,-0.0024508601550762574,-0.005237232747208528,-0.16999669330510728,-0.24088764017640163,R→S
3429,685,T,562644,562494,562713,219,0.38770350000000003,855,136.0774763435705,-0.25449101258070733,0.11200689643339051,-0.25204015242563105,0.11724412918059904,S→T
3430,686,P,563102,563060,563129,69,0.152521,819,130.3478983922623,0.031201294624888787,-0.0013416139204985502,0.28569230720559613,-0.11334851035388906,T→P
3431,686,Q,563196,563184,563206,22,-0.30448800000000004,819,130.3478983922623,-0.019951536604515045,-0.017388429888062967,-0.05115283122940383,-0.016046815967564416,P→Q
3432,686,R,563222,563206,563248,42,1.625651,819,130.3478983922623,0.1711753083424979,0.23474020747378796,0.19112684494701293,0.2521286373618509,Q→R
3433,686,S,563252,563248,563259,11,-0.09743900000000003,819,130.3478983922623,-0.0021251937538873627,-0.004853362969740929,-0.17330050209638526,-0.23959357044352889,R→S
3434,686,T,563502,563352,563752,400,0.363048,819,130.3478983922623,-0.28870659832040674,0.038731902306606426,-0.28658140456651937,0.04358526527634735,S→T
3435,687,P,563921,563876,563949,73,0.1429405,843,134.16761702646778,0.04076171803273278,-0.0031732962618923584,0.3294683163531395,-0.04190519856849879,T→P
3436,687,Q,564012,563986,564020,34,-0.2937605,843,134.16761702646778,-0.021589598782478184,-0.016616290339081043,-0.06235131681521096,-0.013442994077188686,P→Q
3437,687,R,564041,564020,564061,41,1.7065545000000002,843,134.16761702646778,0.18468610029123195,0.22556688723653295,0.20627569907371013,0.242183177575614,Q→R
3438,687,S,564069,564061,564075,14,-0.11978250000000001,843,134.16761702646778,-0.0033428846054428187,-0.006470851204027675,-0.18802898489667477,-0.23203773844056064,R→S
3439,687,T,564301,564151,564369,218,0.3633435,843,134.16761702646778,-0.2296311150958843,0.12526569089606734,-0.22628823049044147,0.13173654210009503,S→T
3440,688,P,564764,564732,564808,76,0.155444,898,142.92113889652202,0.04488448703915547,0.0018282573065359548,0.2745156021350398,-0.1234374335895314,T→P
3441,688,Q,564869,564860,564878,18,-0.26560900000000004,898,142.92113889652202,-0.014188313116150713,-0.012848544820420065,-0.059072800155306186,-0.01467680212695602,P→Q
3442,688,R,564899,564878,564919,41,1.743399,898,142.92113889652202,0.16736457664867074,0.22513817021446317,0.18155288976482145,0.23798671503488322,Q→R
3443,688,S,564925,564919,564931,12,-0.066699,898,142.92113889652202,-0.001622703253254085,-0.003378660959000328,-0.16898727990192483,-0.2285168311734635,R→S
3444,688,T,565159,565009,565288,279,0.419906,898,142.92113889652202,-0.27915993357271324,0.15638221895146648,-0.27753723031945915,0.1597608799104668,S→T
3445,689,P,565662,565632,565705,73,0.1319345,854,135.91832140047862,0.033706772189518626,0.0009775465569804571,0.31286670576223186,-0.15540467239448602,T→P
3446,689,Q,565767,565743,565776,33,-0.3169365,854,135.91832140047862,-0.023106400529720617,-0.021511887482333476,-0.05681317271923925,-0.022489434039313933,P→Q
3447,689,R,565797,565776,565815,39,1.6021794999999999,854,135.91832140047862,0.1539327663879715,0.22610463964171418,0.17703916691769211,0.24761652712404766,Q→R
3448,689,S,565825,565815,565833,18,-0.09017049999999999,854,135.91832140047862,-0.00246887450455131,-0.006159760901217423,-0.1564016408925228,-0.2322644005429316,R→S
3449,689,T,566061,565927,566124,197,0.3279965,854,135.91832140047862,-0.20619353647142538,0.07729454526038476,-0.20372466196687408,0.08345430616160218,S→T
3450,690,P,566516,566472,566545,73,0.145863,860,136.87325105903,0.040421166371923244,-0.0025545275675753856,0.24661470284334863,-0.07984907282796015,T→P
3451,690,Q,566607,566597,566616,19,-0.292614,860,136.87325105903,-0.017897922641306588,-0.014007306513756803,-0.05831908901322983,-0.011452778946181418,P→Q
3452,690,R,566637,566616,566660,44,1.6874289999999998,860,136.87325105903,0.18658332602524413,0.22177949880302247,0.2044812486665507,0.23578680531677929,Q→R
3453,690,S,566665,566660,566669,9,-0.07687100000000001,860,136.87325105903,-0.0013961673377434326,-0.0026293088845343584,-0.18797949336298755,-0.22440880768755683,R→S
3454,690,T,566900,566750,567025,275,0.401631,860,136.87325105903,-0.29004169670940066,0.16019893025416113,-0.2886455293716572,0.16282823913869549,S→T
3455,691,P,567376,567330,567404,74,0.16500700000000001,881,140.2155048639598,0.03724795018817282,-0.0018418981064020666,0.3272896468975735,-0.1620408283605632,T→P
3456,691,Q,567472,567461,567481,20,-0.23399799999999998,881,140.2155048639598,-0.015324279784829593,-0.01228703660024468,-0.05257222997300241,-0.010445138493842612,P→Q
3457,691,R,567501,567481,567521,40,1.705981,881,140.2155048639598,0.18073315685911953,0.22207888637334514,0.19605743664394912,0.23436592297358982,Q→R
3458,691,S,567525,567521,567533,12,-0.14876699999999998,881,140.2155048639598,-0.003777420960786956,-0.006908617413655944,-0.18451057781990648,-0.22898750378700108,R→S
3459,691,T,567775,567625,567843,218,0.417298,881,140.2155048639598,-0.2654300584398724,0.15693665773603538,-0.2616526374790854,0.16384527514969133,S→T
3460,692,P,568257,568224,568282,58,0.169354,855,136.0774763435705,0.03410561353438952,-0.0009554710697333589,0.2995356719742619,-0.15789212880576875,T→P
3461,692,Q,568351,568338,568363,25,-0.253438,855,136.0774763435705,-0.019851324219547155,-0.016387919118314175,-0.05395693775393667,-0.015432448048580816,P→Q
3462,692,R,568380,568363,568400,37,1.6320510000000001,855,136.0774763435705,0.1749856176923185,0.2250228471581072,0.19483694191186565,0.24141076627642136,Q→R
3463,692,S,568406,568400,568413,13,-0.16125199999999998,855,136.0774763435705,-0.004703670012365709,-0.009162710759376263,-0.1796892877046842,-0.23418555791748347,R→S
3464,692,T,568653,568507,568700,193,0.310851,855,136.0774763435705,-0.17357355119344064,0.08322024280193457,-0.16886988118107493,0.09238295356131083,S→T
3465,693,P,569112,569070,569139,69,0.15746,822,130.82536322153797,0.03155144377178571,-0.001424295345628781,0.20512499496522635,-0.08464453814756336,T→P
3466,693,Q,569207,569194,569218,24,-0.299587,822,130.82536322153797,-0.020718009175789625,-0.018224544812624054,-0.05226945294757533,-0.016800249466995272,P→Q
3467,693,R,569232,569218,569258,40,1.6444990000000002,822,130.82536322153797,0.16910556046815733,0.23499119339842137,0.18982356964394695,0.2532157382110454,Q→R
3468,693,S,569262,569258,569270,12,-0.07570600000000001,822,130.82536322153797,-0.0019533330715067096,-0.004473676836132816,-0.17105889353966405,-0.23946487023455418,R→S
3469,693,T,569512,569362,569579,217,0.350563,822,130.82536322153797,-0.2497946279016409,0.09104248102583354,-0.24784129483013417,0.09551615786196635,S→T
3470,694,P,569934,569903,569978,75,0.159217,875,139.26057520540843,0.03975277631236016,0.0013199799046835043,0.28954740421400105,-0.08972250112115003,T→P
3471,694,Q,570039,570016,570048,32,-0.278112,875,139.26057520540843,-0.01849536028164323,-0.016674199445380896,-0.058248136594003394,-0.0179941793500644,P→Q
3472,694,R,570069,570048,570086,38,1.695568,875,139.26057520540843,0.1647249291540536,0.22973801539251743,0.18322028943569682,0.24641221483789832,Q→R
3473,694,S,570091,570086,570101,15,-0.080903,875,139.26057520540843,-0.0024563740518940684,-0.0053014879994608055,-0.16718130320594765,-0.23503950339197824,R→S
3474,694,T,570331,570181,570398,217,0.383653,875,139.26057520540843,-0.23864900558976063,0.12018471339589519,-0.23619263153786657,0.125486201395356,S→T
3475,695,P,570809,570764,570836,72,0.144125,859,136.7140961159381,0.03658830009455461,-0.0026760609534954693,0.27523730568431526,-0.12286077434939066,T→P
3476,695,Q,570900,570891,570910,19,-0.280997,859,136.7140961159381,-0.018254878741023765,-0.014370439339816894,-0.05484317883557838,-0.011694378386321425,P→Q
3477,695,R,570930,570910,570949,39,1.7193180000000001,859,136.7140961159381,0.18345166803397067,0.2193205015875338,0.20170654677499444,0.23369094092735068,Q→R
3478,695,S,570957,570949,570965,16,-0.127292,859,136.7140961159381,-0.003904552550935566,-0.007233397434922847,-0.18735622058490622,-0.22655389902245665,R→S
3479,695,T,571191,571042,571256,214,0.36160600000000004,859,136.7140961159381,-0.2190048972096454,0.12008947835878049,-0.21510034465870984,0.12732287579370333,S→T
3480,696,P,571668,571640,571696,56,0.144679,799,127.16479953042438,0.029474280083649808,8.250521210867712e-05,0.2484791772932952,-0.12000697314667182,T→P
3481,696,Q,571767,571750,571778,28,-0.245633,799,127.16479953042438,-0.022071715578759133,-0.021484199725602227,-0.051545995662408944,-0.021566704937710904,P→Q
3482,696,R,571791,571778,571816,38,1.59983,799,127.16479953042438,0.1567642060009296,0.2476190499619818,0.17883592157968875,0.26910324968758403,Q→R
3483,696,S,571822,571816,571829,13,-0.10062100000000002,799,127.16479953042438,-0.002209815873569671,-0.0058221477440707145,-0.15897402187449927,-0.2534411977060525,R→S
3484,696,T,572067,571941,572116,175,0.309408,799,127.16479953042438,-0.19636082004995647,0.039458916358728544,-0.1941510041763868,0.04528106410279926,S→T
3485,697,P,572467,572420,572496,76,0.175143,838,133.3718423110083,0.04696286254744698,-0.0022218221368893627,0.24332368259740345,-0.0416807384956179,T→P
3486,697,Q,572563,572553,572573,20,-0.23780900000000002,838,133.3718423110083,-0.015329415748536553,-0.013278542106330596,-0.06229227829598353,-0.011056719969441233,P→Q
3487,697,R,572590,572573,572613,40,1.6952530000000001,838,133.3718423110083,0.17966924446828442,0.24459582991894904,0.19499866021682097,0.25787437202527963,Q→R
3488,697,S,572617,572613,572624,11,-0.11484400000000003,838,133.3718423110083,-0.0027741792202105155,-0.0059078958245993695,-0.18244342368849492,-0.2505037257435484,R→S
3489,697,T,572866,572716,572937,221,0.411786,838,133.3718423110083,-0.29598899190291306,0.13087437411233072,-0.29321481268270255,0.13678226993693007,S→T
3490,698,P,573305,573260,573333,73,0.17921150000000002,838,133.3718423110083,0.04436412776969521,-0.0024034587603459436,0.3403531196726083,-0.13327783287267667,T→P
3491,698,Q,573399,573389,573408,19,-0.2511265,838,133.3718423110083,-0.015812265975038518,-0.013269518724798464,-0.06017639374473373,-0.01086605996445252,P→Q
3492,698,R,573429,573408,573449,41,1.7521115,838,133.3718423110083,0.18446169309343183,0.24154041527629216,0.20027395906847034,0.25480993400109064,Q→R
3493,698,S,573453,573449,573460,11,-0.12875349999999997,838,133.3718423110083,-0.002963263223535137,-0.006057489866416853,-0.18742495631696696,-0.24759790514270902,R→S
3494,698,T,573704,573554,573954,400,0.4228095,838,133.3718423110083,-0.33618030650012687,0.07309006098020562,-0.33321704327659174,0.07914755084662248,S→T
3495,699,P,574143,574115,574171,56,0.1612335,800,127.32395447351627,0.031417658833523134,0.00010241632525431879,0.36759796533365,-0.0729876446549513,T→P
3496,699,Q,574241,574225,574253,28,-0.24476350000000002,800,127.32395447351627,-0.01996240088787721,-0.019153255957205673,-0.05138005972140035,-0.01925567228245999,P→Q
3497,699,R,574266,574253,574291,38,1.6193075000000001,800,127.32395447351627,0.16109831473461206,0.2521684686965431,0.18106071562248927,0.27132172465374876,Q→R
3498,699,S,574296,574291,574303,12,-0.10729750000000002,800,127.32395447351627,-0.0022378384079383877,-0.005818854990764907,-0.16333615314255046,-0.257987323687308,R→S
3499,699,T,574543,574393,574611,218,0.3688745,800,127.32395447351627,-0.2747098128177143,0.06529027072622315,-0.2724719744097759,0.07110912571698806,S→T
3500,700,P,574943,574913,574989,76,0.15370499999999998,858,136.5549411728462,0.04086961065254093,0.0014021883308806152,0.3155794234702552,-0.06388808239534254,T→P
3501,700,Q,575049,575027,575058,31,-0.28824799999999995,858,136.5549411728462,-0.019420116887607385,-0.01835000721468778,-0.060289727540148316,-0.019752195545568396,P→Q
3502,700,R,575078,575058,575096,38,1.6587230000000002,858,136.5549411728462,0.1629392132539472,0.24013771388864275,0.1823593301415546,0.2584877211033305,Q→R
3503,700,S,575100,575096,575113,17,-0.05915200000000001,858,136.5549411728462,-0.0017241397475388598,-0.0040553919623586366,-0.16466335300148605,-0.24419310585100137,R→S
3504,700,T,575342,575192,575429,237,0.370594,858,136.5549411728462,-0.24703299846081916,0.09631495173836739,-0.24530885871328031,0.10037034370072603,S→T
3505,701,P,575801,575772,575848,76,0.169076,861,137.0324060021219,0.039444231677929306,0.0009036075738302274,0.2864772301387485,-0.09541134416453716,T→P
3506,701,Q,575904,575885,575913,28,-0.23459000000000002,861,137.0324060021219,-0.020000836918105346,-0.017994301767928978,-0.059445068596034656,-0.018897909341759205,P→Q
3507,701,R,575933,575913,575950,37,1.6589999999999998,861,137.0324060021219,0.16622547344930508,0.23275927573354235,0.1862263103674104,0.2507535775014713,Q→R
3508,701,S,575955,575950,575964,14,-0.165007,861,137.0324060021219,-0.004223821422637252,-0.008913635911832243,-0.17044929487194233,-0.2416729116453746,R→S
3509,701,T,576200,576050,576266,216,0.370909,861,137.0324060021219,-0.2287689270264025,0.1046045286565608,-0.22454510560376525,0.11351816456839303,S→T
3510,702,P,576662,576631,576707,76,0.172553,796,126.68733470114869,0.05071276860835073,0.0019112111809340643,0.2794816956347532,-0.10269331747562672,T→P
3511,702,Q,576765,576747,576774,27,-0.226489,796,126.68733470114869,-0.014892457837042012,-0.015445022318489366,-0.06560522644539274,-0.017356233499423432,P→Q
3512,702,R,576794,576774,577044,270,1.63059,796,126.68733470114869,0.0074705355140611334,0.4085809682427807,0.022362993351103144,0.42402599056127005,Q→R
3513,702,S,576822,576774,577072,298,0.0003149999999999993,796,126.68733470114869,-0.05916647733255515,0.4097628951451878,-0.06663701284661629,0.0011819269024071488,R→S
3514,702,T,577060,576910,577126,216,0.3506,796,126.68733470114869,-0.28756672121696336,0.07746054982588708,-0.22840024388440822,-0.33230234531930075,S→T
3515,703,P,577458,577430,577486,56,0.150228,838,133.3718423110083,0.028237702150861257,1.6349975507849767e-05,0.3158044233678246,-0.07744419985037923,T→P
3516,703,Q,577559,577501,577569,68,-0.256915,838,133.3718423110083,-0.03434911966056773,-0.026636576267029366,-0.062586821811429,-0.026652926242537216,P→Q
3517,703,R,577588,577569,577606,37,1.633198,838,133.3718423110083,0.16600704943316613,0.23945849526609414,0.20035616909373385,0.2660950715331235,Q→R
3518,703,S,577612,577606,577620,14,-0.141498,838,133.3718423110083,-0.0036404942218587672,-0.008205882443897198,-0.1696475436550249,-0.24766437770999133,R→S
3519,703,T,577857,577731,577904,173,0.310851,838,133.3718423110083,-0.1717821616973482,0.06122101722987296,-0.16814166747548942,0.06942689967377015,S→T
3520,704,P,578296,578266,578324,58,0.14007350000000002,879,139.897194977776,0.025238825413545746,-0.00032455577124758774,0.19702098711089394,-0.06154557300112055,T→P
3521,704,Q,578393,578357,578405,48,-0.26999249999999997,879,139.897194977776,-0.027587597139782122,-0.021298503763146615,-0.05282642255332787,-0.020973947991899028,P→Q
3522,704,R,578423,578405,578442,37,1.6543765,879,139.897194977776,0.17025580393090264,0.21761736728184788,0.19784340107068477,0.2389158710449945,Q→R
3523,704,S,578447,578442,578456,14,-0.1911235,879,139.897194977776,-0.005620298376700653,-0.010677384261053786,-0.1758761023076033,-0.22829475154290166,R→S
3524,704,T,578696,578566,578743,177,0.3227445,879,139.897194977776,-0.16372680116001115,0.0835203931109285,-0.1581065027833105,0.09419777737198229,S→T
3525,705,P,579175,579164,579203,39,0.15194749999999999,799,127.16479953042438,0.020632830551756715,0.000960452438346215,0.18435963171176786,-0.08255994067258228,T→P
3526,705,Q,579272,579256,579284,28,-0.2557875,799,127.16479953042438,-0.022008826959882887,-0.02095536356648128,-0.042641657511639605,-0.021915816004827494,P→Q
3527,705,R,579297,579284,579322,38,1.6094295,799,127.16479953042438,0.16074679700114997,0.24730536977105785,0.18275562396103284,0.26826073333753914,Q→R
3528,705,S,579328,579322,579334,12,-0.09975149999999999,799,127.16479953042438,-0.0023470956593807098,-0.006069837153614594,-0.16309389266053068,-0.25337520692467247,R→S
3529,705,T,579574,579424,579642,218,0.35085849999999996,799,127.16479953042438,-0.2519700134771946,0.05679265730372078,-0.2496229178178139,0.06286249445733537,S→T
3530,706,P,579974,579926,580022,96,0.180969,817,130.02958850607848,0.06248935084220398,0.001455444613796986,0.3144593643193986,-0.055337212689923795,T→P
3531,706,Q,580079,580066,580087,21,-0.20471899999999998,817,130.02958850607848,-0.012308130951814242,-0.01261191133405632,-0.07479748179401823,-0.014067355947853306,P→Q
3532,706,R,580101,580087,580351,264,1.676701,817,130.02958850607848,-0.002142764226207177,0.47398461346560133,0.010165366725607066,0.48659652479965765,Q→R
3533,706,S,580131,580087,580381,294,0.02726400000000001,817,130.02958850607848,-0.09217332072713003,0.48568883637765703,-0.09003055650092284,0.011704222912055695,R→S
3534,706,T,580373,580223,580623,400,0.441362,817,130.02958850607848,-0.42186955679357974,-0.0012911612142841532,-0.3296962360664497,-0.48697999759194116,S→T
3535,707,P,580791,580742,580820,78,0.163545,820,130.5070533353542,0.04758187059356894,-0.0028228982782218907,0.4694514273871487,-0.0015317370639377375,T→P
3536,707,Q,580883,580873,580892,19,-0.27200799999999997,820,130.5070533353542,-0.017433618722050924,-0.014819517744949938,-0.06501548931561987,-0.011996619466728047,P→Q
3537,707,R,580913,580892,580933,41,1.745138,820,130.5070533353542,0.18437478856062142,0.24479688899823074,0.20180840728267235,0.25961640674318065,Q→R
3538,707,S,580940,580933,580946,13,-0.11830299999999999,820,130.5070533353542,-0.0030083582889564296,-0.006401879288842433,-0.18738314684957785,-0.25119876828707316,R→S
3539,707,T,581191,581041,581260,219,0.400189,820,130.5070533353542,-0.2937010805983292,0.10636386537810345,-0.2906927223093728,0.11276574466694589,S→T
3540,708,P,581611,581567,581638,71,0.15629500000000002,801,127.48310941660817,0.03904982397291835,-0.002087123403187188,0.33275090457124756,-0.10845098878129064,T→P
3541,708,Q,581707,581695,581717,22,-0.271121,801,127.48310941660817,-0.019218654712658618,-0.017760396850853042,-0.05826847868557697,-0.015673273447665854,P→Q
3542,708,R,581737,581717,581756,39,1.691498,801,127.48310941660817,0.173299495455928,0.2578239505603317,0.19251815016858662,0.27558434741118476,Q→R
3543,708,S,581760,581756,581769,13,-0.16672700000000001,801,127.48310941660817,-0.00417206822198205,-0.010143226952276135,-0.17747156367791003,-0.26796717751260785,R→S
3544,708,T,582010,581860,582059,199,0.343627,801,127.48310941660817,-0.2402193440409804,0.06991380202318938,-0.23604727581899834,0.08005702897546552,S→T
3545,709,P,582412,582383,582455,72,0.13544899999999999,779,123.98170066858647,0.03698330065467096,0.0012200255986023311,0.27720264469565137,-0.06869377642458704,T→P
3546,709,Q,582518,582493,582528,35,-0.316936,779,123.98170066858647,-0.02153594736911063,-0.023983596795101488,-0.05851924802378159,-0.025203622393703818,P→Q
3547,709,R,582548,582528,582571,43,1.644536,779,123.98170066858647,0.14494105978612767,0.27301428519781734,0.1664770071552383,0.2969978819929188,Q→R
3548,709,S,582577,582571,582583,12,-0.08902299999999999,779,123.98170066858647,-0.0010918706023249239,-0.004377910996957321,-0.1460329303884526,-0.2773921961947747,R→S
3549,709,T,582809,582659,582896,237,0.34305300000000005,779,123.98170066858647,-0.2831796037787247,0.03257576054244486,-0.2820877331763998,0.03695367153940218,S→T
3550,710,P,583191,583163,583235,72,0.1418115,835,132.89437748173262,0.03789019417578545,0.0013654955765893735,0.3210697979545101,-0.031210264965855487,T→P
3551,710,Q,583297,583272,583306,34,-0.2891185,835,132.89437748173262,-0.019128550650564045,-0.0187839242424504,-0.0570187448263495,-0.020149419819039775,P→Q
3552,710,R,583327,583306,583346,40,1.7291755,835,132.89437748173262,0.16112666607052883,0.2534473353409548,0.18025521672109288,0.2722312595834052,Q→R
3553,710,S,583355,583346,583359,13,-0.0756695,835,132.89437748173262,-0.0017057515077726843,-0.00461410708517984,-0.16283241757830152,-0.25806144242613466,R→S
3554,710,T,583587,583437,583675,238,0.3801565,835,132.89437748173262,-0.2818864735309985,0.10221755817767851,-0.2801807220232258,0.10683166526285835,S→T
3555,711,P,584026,583983,584054,71,0.15252100000000002,859,136.7140961159381,0.03458407886976664,-0.0019222306395696538,0.31647055240076516,-0.10413978881724817,T→P
3556,711,Q,584120,584108,584130,22,-0.285363,859,136.7140961159381,-0.019074256522134656,-0.015537553843912609,-0.05365833539190129,-0.013615323204342954,P→Q
3557,711,R,584150,584130,584169,39,1.7236820000000002,859,136.7140961159381,0.17861363574001554,0.22476007794735103,0.1976878922621502,0.24029763179126365,Q→R
3558,711,S,584175,584169,584183,14,-0.169354,859,136.7140961159381,-0.004464046692310217,-0.00857802962834128,-0.18307768243232575,-0.23333810757569232,R→S
3559,711,T,584426,584276,584514,238,0.400189,859,136.7140961159381,-0.2739533028804434,0.1367580822138615,-0.2694892561881332,0.14533611184220277,S→T
3560,712,P,584885,584842,584912,70,0.151061,798,127.00564458733248,0.03222729512624047,-0.002072175908179886,0.30618059800668385,-0.13883025812204136,T→P
3561,712,Q,584978,584946,584988,42,-0.323928,798,127.00564458733248,-0.02952087324780143,-0.02468342302770424,-0.0617481683740419,-0.022611247119524357,P→Q
3562,712,R,585005,584988,585028,40,1.615497,798,127.00564458733248,0.16737302980724292,0.23724842328921528,0.19689390305504434,0.2619318463169195,Q→R
3563,712,S,585034,585028,585042,14,-0.127902,798,127.00564458733248,-0.0033640733449405167,-0.008070157290282265,-0.17073710315218343,-0.24531858057949754,R→S
3564,712,T,585284,585137,585332,195,0.297811,798,127.00564458733248,-0.1936831696042094,0.054362864032769846,-0.19031909625926888,0.06243302132305211,S→T
3565,713,P,585683,585639,585731,92,0.18095050000000001,859,136.7140961159381,0.044633609340382255,-0.00020317296967933056,0.23831677894459163,-0.05456603700244918,T→P
3566,713,Q,585781,585769,585793,24,-0.2163155,859,136.7140961159381,-0.01654676756022447,-0.014646284999381613,-0.06118037690060672,-0.014443112029702282,P→Q
3567,713,R,585807,585793,585832,39,1.6697655,859,136.7140961159381,0.17174121038981965,0.23523193018869828,0.18828797795004412,0.2498782151880799,Q→R
3568,713,S,585837,585832,585843,11,-0.1078525,859,136.7140961159381,-0.0023789774188352902,-0.00498705715134978,-0.17412018780865496,-0.24021898734004807,R→S
3569,713,T,586083,585933,586333,400,0.4013545,859,136.7140961159381,-0.3190219776972332,0.07779622712360712,-0.3166430002783979,0.0827832842749569,S→T
3570,714,P,586542,586498,586570,72,0.16441450000000002,899,143.08029383961392,0.03619227649320256,-0.0011391153243936662,0.3552142541904358,-0.07893534244800078,T→P
3571,714,Q,586639,586626,586650,24,-0.2560465,899,143.08029383961392,-0.018461845485728157,-0.014736525013314841,-0.054654121978930714,-0.013597409688921175,P→Q
3572,714,R,586669,586650,586688,38,1.6671385,899,143.08029383961392,0.17296638551229981,0.20971607623831676,0.19142823099802797,0.2244526012516316,Q→R
3573,714,S,586692,586688,586701,13,-0.1719615,899,143.08029383961392,-0.0050836892404361,-0.009051226581951566,-0.1780500747527359,-0.21876730282026832,R→S
3574,714,T,586942,586797,586990,193,0.3372455,899,143.08029383961392,-0.17767055709425017,0.11274357346732507,-0.17258686785381408,0.12179480004927663,S→T
3575,715,P,587441,587396,587469,73,0.1687795,878,139.7380400346841,0.03579478106678682,-0.0018007562886265377,0.213465338161037,-0.11454432975595161,T→P
3576,715,Q,587535,587525,587545,20,-0.2656275,878,139.7380400346841,-0.01727318732224993,-0.013706741127305137,-0.05306796838903675,-0.011905984838678598,P→Q
3577,715,R,587565,587545,587585,40,1.7219255,878,139.7380400346841,0.17988454040889368,0.21789887987285653,0.1971577277311436,0.23160562100016166,Q→R
3578,715,S,587589,587585,587597,12,-0.1345615,878,139.7380400346841,-0.003534640517184215,-0.006420378868508281,-0.1834191809260779,-0.2243192587413648,R→S
3579,715,T,587840,587690,587889,199,0.36362150000000004,878,139.7380400346841,-0.2186992351937445,0.13201819711826263,-0.2151645946765603,0.1384385759867709,S→T
3580,716,P,588319,588277,588328,51,0.12207649999999999,839,133.53099725410019,0.020478263038984333,-0.0019014640548639576,0.23917749823272885,-0.1339196611731266,T→P
3581,716,Q,588411,588360,588421,61,-0.3337865,839,133.53099725410019,-0.03590511575584473,-0.02528814562249008,-0.05638337879482906,-0.02338668156762612,P→Q
3582,716,R,588438,588421,588461,40,1.5836275,839,133.53099725410019,0.17030302228093605,0.21355841791586008,0.20620813803678079,0.23884656353835015,Q→R
3583,716,S,588468,588461,588477,16,-0.1261455,839,133.53099725410019,-0.003669765468354208,-0.007514177920133019,-0.17397278774929026,-0.2210725958359931,R→S
3584,716,T,588699,588589,588766,177,0.2896915,839,133.53099725410019,-0.17446350281374115,0.07053183624747975,-0.17079373734538694,0.07804601416761277,S→T
3585,717,P,589158,589110,589187,77,0.162399,842,134.0084620833759,0.05202447165183261,-0.003778921960893663,0.22648797446557375,-0.0743107582083734,T→P
3586,717,Q,589247,589239,589256,17,-0.255769,842,134.0084620833759,-0.014376707870787072,-0.011395453684865678,-0.06640117952261969,-0.007616531723972015,P→Q
3587,717,R,589278,589256,589299,43,1.745138,842,134.0084620833759,0.19472323542336747,0.23531850157810535,0.20909994329415454,0.24671395526297102,Q→R
3588,717,S,589305,589299,589309,10,-0.06207400000000002,842,134.0084620833759,-0.0013470937714862242,-0.002562574218730959,-0.1960703291948537,-0.23788107579683632,R→S
3589,717,T,589540,589390,589790,400,0.429191,842,134.0084620833759,-0.3736316488103746,0.10735407598594264,-0.37228455503888835,0.1099166502046736,S→T
3590,718,P,590000,589971,590042,71,0.1501905,874,139.10142026231654,0.03200392432152755,0.0005177851530179185,0.4056355731319021,-0.10683629083292472,T→P
3591,718,Q,590105,590079,590114,35,-0.3021945,874,139.10142026231654,-0.022819003741330553,-0.020287697067681357,-0.0548229280628581,-0.020805482220699275,P→Q
3592,718,R,590135,590114,590151,37,1.7021895,874,139.10142026231654,0.16321893083092198,0.22730119102951155,0.18603793457225254,0.2475888880971929,Q→R
3593,718,S,590157,590151,590171,20,-0.1154175,874,139.10142026231654,-0.004368077175352646,-0.009584007977252016,-0.16758700800627463,-0.23688519900676355,R→S
3594,718,T,590396,590249,590461,212,0.3543545,874,139.10142026231654,-0.20498821910137827,0.10242431635620777,-0.20062014192602562,0.1120083243334598,S→T
3595,719,P,590874,590829,590902,73,0.1603645,820,130.5070533353542,0.04149573990725305,-0.0024297413910911226,0.24648395900863132,-0.10485405774729889,T→P
3596,719,Q,590968,590958,590976,18,-0.2850665,820,130.5070533353542,-0.017919868529209404,-0.015462418547375852,-0.05941560843646245,-0.01303267715628473,P→Q
3597,719,R,590996,590976,591018,42,1.6677125,820,130.5070533353542,0.17699634815257786,0.23861806058390195,0.19491621668178727,0.2540804791312778,Q→R
3598,719,S,591023,591018,591030,12,-0.10816750000000003,820,130.5070533353542,-0.0023785269828718817,-0.005244882448034014,-0.17937487513544975,-0.24386294303193595,R→S
3599,719,T,591274,591124,591524,400,0.4062555,820,130.5070533353542,-0.3461188372144713,0.04010651193543706,-0.3437403102315994,0.04535139438347107,S→T
3600,720,P,591694,591665,591728,63,0.1615295,838,133.3718423110083,0.03489441849812574,0.00037962592348322004,0.38101325571259703,-0.03972688601195384,T→P
3601,720,Q,591796,591779,591806,27,-0.2276355,838,133.3718423110083,-0.018862336327047292,-0.01760835070065016,-0.05375675482517303,-0.01798797662413338,P→Q
3602,720,R,591819,591806,591844,38,1.6341045,838,133.3718423110083,0.16493510295695327,0.24249295118157016,0.18379743928400055,0.2601013018822203,Q→R
3603,720,S,591849,591844,591856,12,-0.08610050000000001,838,133.3718423110083,-0.0016702341721508834,-0.003875672220085085,-0.16660533712910414,-0.24636862340165525,R→S
3604,720,T,592093,591943,592161,218,0.3523385,838,133.3718423110083,-0.2466123681202451,0.095998725114431,-0.24494213394809422,0.09987439733451609,S→T
3605,721,P,592532,592488,592560,72,0.1673,859,136.7140961159381,0.04011463717516136,-0.0019990471800027817,0.28672700529540646,-0.09799777229443378,T→P
3606,721,Q,592626,592614,592635,21,-0.268809,859,136.7140961159381,-0.017868581178909614,-0.014490809644822602,-0.05798321835407097,-0.01249176246481982,P→Q
3607,721,R,592656,592635,592675,40,1.725699,859,136.7140961159381,0.18088421194854698,0.22641074886824497,0.19875279312745658,0.24090155851306758,Q→R
3608,721,S,592681,592675,592688,13,-0.145289,859,136.7140961159381,-0.0038983314495058953,-0.007474910618670515,-0.18478254339805286,-0.23388565948691548,R→S
3609,721,T,592931,592781,592999,218,0.387112,859,136.7140961159381,-0.2516653852979436,0.12357322559688147,-0.2477670538484377,0.13104813621555197,S→T
3610,722,P,593391,593347,593422,75,0.175439,859,136.7140961159381,0.039964165792167515,-0.0006649372740429974,0.29162955109011107,-0.12423816287092447,T→P
3611,722,Q,593488,593477,593501,24,-0.216611,859,136.7140961159381,-0.016793326274839936,-0.014684556251651439,-0.05675749206700745,-0.014019618977608441,P→Q
3612,722,R,593520,593501,593539,38,1.684526,859,136.7140961159381,0.17500262850526302,0.23665427302702818,0.19179595478010295,0.2513388292786796,Q→R
3613,722,S,593543,593539,593550,11,-0.11395599999999999,859,136.7140961159381,-0.0027088827269279776,-0.005542097078208189,-0.177711511232191,-0.24219637010523637,R→S
3614,722,T,593790,593640,593857,217,0.39177300000000004,859,136.7140961159381,-0.2583558200572734,0.12491689824450736,-0.25564693733034544,0.13045899532271554,S→T
3615,723,P,594250,594240,594277,37,0.15949449999999998,798,127.00564458733248,0.023278576047842225,0.0011611961725697245,0.28163439610511565,-0.12375570207193763,T→P
3616,723,Q,594350,594334,594360,26,-0.2343315,798,127.00564458733248,-0.021108596748670994,-0.020625636430775612,-0.04438717279651322,-0.021786832603345338,P→Q
3617,723,R,594373,594360,594398,38,1.6216005,798,127.00564458733248,0.15906868441225636,0.25193091089624525,0.18017728116092735,0.27255654732702084,Q→R
3618,723,S,594404,594398,594412,14,-0.07774049999999999,798,127.00564458733248,-0.001814147730125312,-0.004839722204024322,-0.16088283214238167,-0.2567706331002696,R→S
3619,723,T,594649,594499,594716,217,0.3224485,798,127.00564458733248,-0.23164879575256603,0.04778360630329845,-0.22983464802244072,0.05262332850732277,S→T
3620,724,P,595048,595004,595080,76,0.1641,839,133.53099725410019,0.041796905024463385,-0.000972266377008254,0.2734457007770294,-0.048755872680306706,T→P
3621,724,Q,595145,595134,595157,23,-0.20183299999999998,839,133.53099725410019,-0.01562792012963332,-0.014106843801712883,-0.057424825154096706,-0.013134577424704629,P→Q
3622,724,R,595171,595157,595196,39,1.667416,839,133.53099725410019,0.1736431802492836,0.24674778794642324,0.18927110037891692,0.2608546317481361,Q→R
3623,724,S,595201,595196,595207,11,-0.100916,839,133.53099725410019,-0.0022608847320336333,-0.00497930960356412,-0.17590406498131725,-0.25172709754998734,R→S
3624,724,T,595447,595297,595515,218,0.393197,839,133.53099725410019,-0.28395067844553074,0.12491630885856919,-0.2816897937134971,0.12989561846213332,S→T
3625,725,P,595887,595861,595916,55,0.14643650000000002,901,143.3986037257977,0.026648516194670333,0.0002943773522878293,0.3105991946402011,-0.12462193150628137,T→P
3626,725,Q,595994,595967,596003,36,-0.29433349999999997,901,143.3986037257977,-0.02373803803556699,-0.020623598228647393,-0.05038655423023732,-0.020917975580935222,P→Q
3627,725,R,596022,596003,596039,36,1.6827865000000002,901,143.3986037257977,0.1613958109321907,0.21653050939031146,0.18513384896775767,0.23715410761895886,Q→R
3628,725,S,596044,596039,596059,20,-0.1348575,901,143.3986037257977,-0.004792717870179109,-0.00978038609423925,-0.16618852880236978,-0.22631089548455072,R→S
3629,725,T,596286,596156,596352,196,0.3546325,901,143.3986037257977,-0.18851266668154196,0.10247449181616584,-0.18371994881136286,0.11225487791040509,S→T
3630,726,P,596788,596759,596817,58,0.1536875,815,129.7112786198947,0.03510678948859303,-4.311391500397713e-05,0.22361945617013498,-0.10251760573116982,T→P
3631,726,Q,596890,596869,596899,30,-0.2523095,815,129.7112786198947,-0.02088875219951316,-0.020081984253037942,-0.05599554168810619,-0.020038870338033966,P→Q
3632,726,R,596920,596899,596938,39,1.5810195,815,129.7112786198947,0.15928921906857035,0.24627952601004802,0.18017797126808352,0.26636151026308597,Q→R
3633,726,S,596942,596938,596957,19,-0.053361500000000006,815,129.7112786198947,-0.0012973730965100145,-0.0033847686833775544,-0.16058659216508037,-0.24966429469342558,R→S
3634,726,T,597185,597035,597251,216,0.3462345,815,129.7112786198947,-0.24200409089331232,0.06986952582014545,-0.2407067177968023,0.07325429450352301,S→T
3635,727,P,597603,597560,597632,72,0.16702299999999998,859,136.7140961159381,0.04542394601846307,-0.0021212231146819846,0.2874280369117754,-0.07199074893482743,T→P
3636,727,Q,597697,597687,597705,18,-0.256361,859,136.7140961159381,-0.015146515615404142,-0.012266847509189098,-0.060570461633867215,-0.010145624394507113,P→Q
3637,727,R,597725,597705,597749,44,1.720797,859,136.7140961159381,0.18685002584614704,0.23240825893355058,0.2019965414615512,0.24467510644273968,Q→R
3638,727,S,597752,597749,597758,9,-0.074245,859,136.7140961159381,-0.0013617312350514882,-0.002648467141604263,-0.18821175708119853,-0.23505672607515485,R→S
3639,727,T,597984,597834,598234,400,0.434407,859,136.7140961159381,-0.4043299124606224,0.11118616797278388,-0.4029681812255709,0.11383463511438814,S→T
3640,728,P,598462,598419,598490,71,0.1583485,880,140.0563499208679,0.036803131813324765,-0.0021497177405581797,0.4411330442739472,-0.11333588571334206,T→P
3641,728,Q,598555,598545,598565,20,-0.2783895,880,140.0563499208679,-0.017415370411975536,-0.01359050782461089,-0.0542185022253003,-0.01144079008405271,P→Q
3642,728,R,598585,598565,598604,39,1.7387575,880,140.0563499208679,0.1819002858917417,0.21603879622181218,0.19931565630371723,0.22962930404642307,Q→R
3643,728,S,598610,598604,598618,14,-0.1420705,880,140.0563499208679,-0.003979364214295011,-0.0070896085889507665,-0.18587965010603671,-0.22312840481076296,R→S
3644,728,T,598861,598711,598911,200,0.3839675,880,140.0563499208679,-0.22745798949325174,0.13940047842755263,-0.22347862527895673,0.1464900870165034,S→T
3645,729,P,599342,599313,599373,60,0.162676,857,136.39578622975432,0.034562848399614855,0.00018885026570122514,0.2620208378928666,-0.1392116281618514,T→P
3646,729,Q,599445,599425,599454,29,-0.23285099999999997,857,136.39578622975432,-0.01967932567937027,-0.01774550770559253,-0.05424217407898513,-0.017934357971293755,P→Q
3647,729,R,599473,599454,599491,37,1.626558,857,136.39578622975432,0.1638982661353455,0.2301351288671538,0.18357759181471578,0.2478806365727463,Q→R
3648,729,S,599497,599491,599504,13,-0.09423899999999999,857,136.39578622975432,-0.002097401430210105,-0.0045027999636928565,-0.16599566756555562,-0.23463792883084664,R→S
3649,729,T,599741,599591,599808,217,0.35814599999999996,857,136.39578622975432,-0.2334182752867515,0.10669372985240456,-0.23132087385654138,0.11119652981609743,S→T
3650,730,P,600199,600155,600228,73,0.1864625,879,139.897194977776,0.043934543933763774,-0.0015978266226357063,0.27735281922051525,-0.10829155647504027,T→P
3651,730,Q,600295,600285,600303,18,-0.2386595,879,139.897194977776,-0.013837104052101588,-0.011139537658658528,-0.057771647985865364,-0.009541711036022821,P→Q
3652,730,R,600319,600303,600347,44,1.7198905,879,139.897194977776,0.18238951295948408,0.22511707050864568,0.19622661701158567,0.2362566081673042,Q→R
3653,730,S,600349,600347,600355,8,-0.05191950000000001,879,139.897194977776,-0.0010203348830777033,-0.0019184181924916891,-0.18340984784256179,-0.22703548870113738,R→S
3654,730,T,600599,600449,600849,400,0.4387535,879,139.897194977776,-0.3748995170714754,0.11712953278038055,-0.3738791821883977,0.11904795097287224,S→T
3655,731,P,601078,601031,601106,75,0.153964,882,140.3746598070517,0.042312882953218986,-0.0028427722076603654,0.4172124000246944,-0.11997230498804091,T→P
3656,731,Q,601168,601159,601177,18,-0.26764299999999996,882,140.3746598070517,-0.015884011604519764,-0.011931656346184562,-0.05819689455773875,-0.009088884138524198,P→Q
3657,731,R,601198,601177,601218,41,1.736741,882,140.3746598070517,0.1886011169549922,0.2129666092255537,0.20448512855951198,0.22489826557173825,Q→R
3658,731,S,601225,601218,601231,13,-0.109906,882,140.3746598070517,-0.003143805523641507,-0.005370566863832065,-0.19174492247863373,-0.21833717608938574,R→S
3659,731,T,601458,601308,601545,237,0.39353000000000005,882,140.3746598070517,-0.24991583599454184,0.16650881791142327,-0.24677203047090032,0.17187938477525533,S→T
3660,732,P,601960,601932,602002,70,0.13803949999999998,854,135.91832140047862,0.029900597475442485,0.0003745231834917112,0.2798164334699843,-0.16613429472793156,T→P
3661,732,Q,602064,602039,602073,34,-0.2789815,854,135.91832140047862,-0.021672537003082762,-0.01963929237929268,-0.05157313447852525,-0.02001381556278439,P→Q
3662,732,R,602093,602073,602110,37,1.6436485,854,135.91832140047862,0.163102120031953,0.23307337866146133,0.18477465703503576,0.252712671040754,Q→R
3663,732,S,602114,602110,602127,17,-0.0800335,854,135.91832140047862,-0.002262593260603928,-0.005096496212859239,-0.16536471329255695,-0.23816987487432056,R→S
3664,732,T,602357,602207,602423,216,0.36014450000000003,854,135.91832140047862,-0.23350852582668158,0.09831504113572968,-0.23124593256607764,0.10341153734858892,S→T
3665,733,P,602814,602769,602842,73,0.142681,820,130.5070533353542,0.04229557913443351,-0.0028149281781291477,0.27580410496111507,-0.10112996931385883,T→P
3666,733,Q,602906,602896,602915,19,-0.29346500000000003,820,130.5070533353542,-0.018507037868815166,-0.015706442913386985,-0.06080261700324868,-0.012891514735257837,P→Q
3667,733,R,602934,602915,602959,44,1.646552,820,130.5070533353542,0.18120410414199772,0.23931487366661916,0.1997111420108129,0.25502131658000615,Q→R
3668,733,S,602964,602960,602969,9,-0.07886900000000001,820,130.5070533353542,-0.0013751534423275668,-0.003054226226314564,-0.18257925758432528,-0.24236909989293373,R→S
3669,733,T,603195,603045,603445,400,0.388018,820,130.5070533353542,-0.33172361808689177,0.0757626696106658,-0.3303484646445642,0.07881689583698036,S→T
3670,734,P,603634,603590,603662,72,0.158329,838,133.3718423110083,0.03727226342478397,-0.0013618201650352478,0.3689958815116757,-0.07712448977570105,T→P
3671,734,Q,603734,603716,603744,28,-0.23201899999999998,838,133.3718423110083,-0.020251503592424502,-0.01823701216411658,-0.057523767017208474,-0.01687519199908133,P→Q
3672,734,R,603763,603744,603781,37,1.64363,838,133.3718423110083,0.16893372744381982,0.2403049715228635,0.18918523103624432,0.2585419836869801,Q→R
3673,734,S,603786,603781,603794,13,-0.165321,838,133.3718423110083,-0.004257696242912803,-0.009370376623672773,-0.17319142368673263,-0.24967534814653627,R→S
3674,734,T,604036,603886,604100,214,0.371741,838,133.3718423110083,-0.2514559408314081,0.09795167093055472,-0.2471982445884953,0.1073220475542275,S→T
3675,735,P,604472,604427,604500,73,0.154556,802,127.64226435970006,0.04135820219889622,-0.002724607325641741,0.29281414303030434,-0.10067627825619646,T→P
3676,735,Q,604565,604555,604574,19,-0.268235,802,127.64226435970006,-0.017653362420392876,-0.01563550928669104,-0.059011564619289095,-0.0129109019610493,P→Q
3677,735,R,604595,604574,604615,41,1.7558660000000001,802,127.64226435970006,0.18257745210105863,0.2568903674559813,0.2002308145214515,0.27252587674267237,Q→R
3678,735,S,604621,604615,604627,12,-0.12207700000000002,802,127.64226435970006,-0.002807129542477369,-0.006467089148917703,-0.185384581643536,-0.263357456604899,R→S
3679,735,T,604854,604704,604920,216,0.36800499999999997,802,127.64226435970006,-0.27053204967859285,0.09119169236631676,-0.2677249201361155,0.09765878151523447,S→T
3680,736,P,605274,605244,605317,73,0.15022749999999999,756,120.32113697747288,0.039724670434840854,0.0009629744052029914,0.3102567201134337,-0.09022871796111377,T→P
3681,736,Q,605376,605356,605386,30,-0.25403050000000005,756,120.32113697747288,-0.020072642033139704,-0.02202168364400725,-0.05979731246798056,-0.02298465804921024,P→Q
3682,736,R,605399,605386,605425,39,1.5937634999999999,756,120.32113697747288,0.1520103084927527,0.28176332196340736,0.17208295052589243,0.3037850056074146,Q→R
3683,736,S,605427,605425,605441,16,-0.03654850000000001,756,120.32113697747288,-0.0007028321172848314,-0.002573754772613574,-0.15271314061003755,-0.28433707673602093,R→S
3684,736,T,605671,605521,605758,237,0.3665625,756,120.32113697747288,-0.31920522392752865,0.016439868557511884,-0.3185023918102438,0.01901362333012546,S→T
3685,737,P,606030,606000,606058,58,0.154556,798,127.00564458733248,0.032397345460375614,-1.660041705766514e-05,0.35160256938790424,-0.01645646897456955,T→P
3686,737,Q,606132,606112,606142,30,-0.242155,798,127.00564458733248,-0.021720151430748257,-0.021574688455944083,-0.05411749689112387,-0.021558088038886418,P→Q
3687,737,R,606155,606142,606179,37,1.63871,798,127.00564458733248,0.1617344538850279,0.26381651413095075,0.18345460531577618,0.2853912025868948,Q→R
3688,737,S,606184,606179,606192,13,-0.119746,798,127.00564458733248,-0.002448416973307097,-0.006646254975829413,-0.16418287085833502,-0.2704627691067802,R→S
3689,737,T,606429,606279,606496,217,0.384245,798,127.00564458733248,-0.28179643043163255,0.07344068540910141,-0.27934801345832544,0.08008694038493082,S→T
3690,738,P,606828,606785,606856,71,0.1678915,859,136.7140961159381,0.03914716979107112,-0.0012402110282010944,0.3209436002227037,-0.07468089643730251,T→P
3691,738,Q,606926,606912,606939,27,-0.2200895,859,136.7140961159381,-0.01937941264222813,-0.017087786684123498,-0.05852658243329925,-0.015847575655922402,P→Q
3692,738,R,606958,606939,606975,36,1.6630695,859,136.7140961159381,0.16864678165484948,0.23135491639418881,0.18802619429707762,0.24844270307831232,Q→R
3693,738,S,606981,606975,606989,14,-0.1690765,859,136.7140961159381,-0.0044832315713724934,-0.009280910346552058,-0.17313001322622196,-0.24063582674074088,R→S
3694,738,T,607228,607081,607293,212,0.3697245,859,136.7140961159381,-0.2218270975107027,0.10202607568918577,-0.21734386593933022,0.11130698603573783,S→T
3695,739,P,607687,607644,607715,71,0.163842,798,127.00564458733248,0.036682723456170234,-0.0010734591674485166,0.2585098209668729,-0.10309953485663428,T→P
3696,739,Q,607785,607769,607797,28,-0.25547200000000003,798,127.00564458733248,-0.022039703647102518,-0.02132257595785555,-0.05872242710327275,-0.020249116790407036,P→Q
3697,739,R,607810,607797,607834,37,1.602161,798,127.00564458733248,0.15883112855420753,0.24889920490978723,0.18087083220131006,0.27022178086764276,Q→R
3698,739,S,607840,607834,607847,13,-0.12092900000000001,798,127.00564458733248,-0.0027163270772764775,-0.007077358313123284,-0.161547455631484,-0.2559765632229105,R→S
3699,739,T,608086,607938,608151,213,0.33667199999999997,798,127.00564458733248,-0.23493729594534887,0.05885421647360019,-0.2322209688680724,0.06593157478672347,S→T
3700,740,P,608485,608441,608514,73,0.1768815,819,130.3478983922623,0.045972909418908706,-0.0021861741834535656,0.2809102053642576,-0.06104039065705375,T→P
3701,740,Q,608581,608570,608590,20,-0.25693350000000004,819,130.3478983922623,-0.016472483155451568,-0.014666064593761874,-0.06244539257436027,-0.012479890410308309,P→Q
3702,740,R,608605,608590,608632,42,1.7062775000000001,819,130.3478983922623,0.17960314170679892,0.25438819287746534,0.1960756248622505,0.2690542574712272,Q→R
3703,740,S,608636,608632,608642,10,-0.0788875,819,130.3478983922623,-0.0017311859830376726,-0.003987862304681506,-0.1813343276898366,-0.25837605518214685,R→S
3704,740,T,608885,608735,609135,400,0.42510349999999997,819,130.3478983922623,-0.37660582055046526,0.03540151312787916,-0.3748746345674276,0.039389375432560665,S→T
3705,741,P,609304,609256,609332,76,0.1650255,838,133.3718423110083,0.04772305052854602,-0.0038969146442943718,0.4243288710790113,-0.03929842777217353,T→P
3706,741,Q,609395,609386,609404,18,-0.27459749999999994,838,133.3718423110083,-0.01739542703240535,-0.01416411944154456,-0.06511847756095138,-0.010267204797250188,P→Q
3707,741,R,609425,609404,609444,40,1.7425485,838,133.3718423110083,0.18547332614719042,0.2329924507917092,0.20286875317959577,0.24715657023325374,Q→R
3708,741,S,609452,609444,609458,14,-0.1313615,838,133.3718423110083,-0.003726396500702886,-0.007307834620037731,-0.1891997226478933,-0.24030028541174692,R→S
3709,741,T,609686,609536,609751,215,0.37436749999999996,838,133.3718423110083,-0.24660481174668966,0.12493659131625959,-0.24287841524598677,0.13224442593629732,S→T
3710,742,P,610142,610100,610170,70,0.160049,779,123.98170066858647,0.036410255615469726,-0.0009062187412780626,0.28301506736215937,-0.12584281005753764,T→P
3711,742,Q,610239,610186,610251,65,-0.26448099999999997,779,123.98170066858647,-0.032251329605527894,-0.027803439104331324,-0.06866158522099762,-0.02689722036305326,P→Q
3712,742,R,610264,610251,610289,38,1.601883,779,123.98170066858647,0.15692026499349998,0.25710134687684,0.18917159459902788,0.2849047859811713,Q→R
3713,742,S,610294,610289,610302,13,-0.141516,779,123.98170066858647,-0.0032327617682152364,-0.009204586586680242,-0.16015302676171522,-0.2663059334635202,R→S
3714,742,T,610543,610414,610589,175,0.30794699999999997,779,123.98170066858647,-0.2046587691444895,0.02737847782130457,-0.20142600737627425,0.03658306440798481,S→T
3715,743,P,610921,610892,610951,59,0.1478975,799,127.16479953042438,0.03122736580798232,0.0002561955111719266,0.23588613495247182,-0.027122282310132646,T→P
3716,743,Q,611026,611004,611035,31,-0.2621315,799,127.16479953042438,-0.02196941881933935,-0.02250756053838257,-0.05319678462732167,-0.022763756049554495,P→Q
3717,743,R,611048,611035,611073,38,1.6094115,799,127.16479953042438,0.15462090866925873,0.2598487680411528,0.1765903274885981,0.2823563285795354,Q→R
3718,743,S,611078,611073,611092,19,-0.07191449999999999,799,127.16479953042438,-0.001585447477347101,-0.004685084980303771,-0.15620635614660583,-0.2645338530214566,R→S
3719,743,T,611320,611170,611389,219,0.38454049999999995,799,127.16479953042438,-0.2912881532666864,0.06555426199483233,-0.28970270578933927,0.0702393469751361,S→T
3720,744,P,611720,611689,611767,78,0.17457,838,133.3718423110083,0.041573532607907845,0.0011344418901841685,0.33286168587459425,-0.06441982010464817,T→P
3721,744,Q,611822,611805,611832,27,-0.218073,838,133.3718423110083,-0.01727950354126391,-0.01622603586946971,-0.058853036149171756,-0.01736047775965388,P→Q
3722,744,R,611852,611832,611869,37,1.661609,838,133.3718423110083,0.1667607604406632,0.24649913240635796,0.18404026398192713,0.26272516827582765,Q→R
3723,744,S,611874,611869,611881,12,-0.13284100000000001,838,133.3718423110083,-0.0029090595804692784,-0.006615997202607512,-0.16966982002113248,-0.2531151296089655,R→S
3724,744,T,612119,611969,612187,218,0.40248300000000004,838,133.3718423110083,-0.2751515985493419,0.10967120252730284,-0.2722425389688726,0.11628719972991035,S→T
3725,745,P,612558,612515,612587,72,0.167041,878,139.7380400346841,0.03726912458035804,-0.0009891493123697131,0.31242072312969993,-0.11066035183967254,T→P
3726,745,Q,612660,612642,612670,28,-0.21283799999999997,878,139.7380400346841,-0.018088018132230963,-0.015632277256865917,-0.055357142712589,-0.014643127944496204,P→Q
3727,745,R,612689,612670,612707,37,1.6819359999999999,878,139.7380400346841,0.17030961716306547,0.22765808236936502,0.18839763529529643,0.24329035962623094,Q→R
3728,745,S,612712,612707,612718,11,-0.13515300000000002,878,139.7380400346841,-0.0030927386486251534,-0.006109041011139501,-0.17340235581169064,-0.2337671233805045,R→S
3729,745,T,612958,612808,613044,236,0.415855,878,139.7380400346841,-0.2691372487366942,0.13779076621899083,-0.26604451008806906,0.14389980723013032,S→T
3730,746,P,613436,613394,613464,70,0.17371899999999998,799,127.16479953042438,0.042292292705939344,-0.0020556033328861323,0.3114295414426336,-0.13984636955187696,T→P
3731,746,Q,613530,613518,613540,22,-0.285067,799,127.16479953042438,-0.01964795621486862,-0.017755384575706943,-0.06194024892080796,-0.01569978124282081,P→Q
3732,746,R,613556,613540,613581,41,1.625948,799,127.16479953042438,0.1698242563652225,0.2455424006788331,0.18947221258009111,0.26329778525454006,Q→R
3733,746,S,613585,613581,613593,12,-0.105244,799,127.16479953042438,-0.0021501401812885905,-0.005278646131717689,-0.1719743965465111,-0.2508210468105508,R→S
3734,746,T,613836,613686,613903,217,0.340742,799,127.16479953042438,-0.26196838326602,0.0737999336922145,-0.2598182430847314,0.0790785798239322,S→T
3735,747,P,614235,614190,614262,72,0.175735,859,136.7140961159381,0.04346938691794843,-0.002794012984389059,0.30543777018396845,-0.07659394667660356,T→P
3736,747,Q,614329,614319,614338,19,-0.283051,859,136.7140961159381,-0.01797399794730341,-0.014616680649017633,-0.061443384865251846,-0.011822667664628573,P→Q
3737,747,R,614359,614338,614380,42,1.6952530000000001,859,136.7140961159381,0.18094927078313736,0.2270443237025331,0.19892326873044078,0.24166100435155075,Q→R
3738,747,S,614383,614380,614391,11,-0.11310599999999998,859,136.7140961159381,-0.0028122521246948763,-0.005470572289470466,-0.18376152290783224,-0.23251489599200356,R→S
3739,747,T,614634,614484,614884,400,0.398432,859,136.7140961159381,-0.32083288026705925,0.09107964019293616,-0.31802062814236437,0.09655021248240662,S→T
3740,748,P,615094,615050,615140,90,0.1847235,878,139.7380400346841,0.04707384947480754,0.00030713856958520754,0.3679067297418668,-0.09077250162335095,T→P
3741,748,Q,615198,615180,615206,26,-0.20092649999999998,878,139.7380400346841,-0.015356649616056154,-0.013611477825901176,-0.06243049909086369,-0.013918616395486383,P→Q
3742,748,R,615226,615206,615244,38,1.6828235,878,139.7380400346841,0.17049458204068094,0.2313926850084833,0.1858512316567371,0.24500416283438448,Q→R
3743,748,S,615249,615244,615256,12,-0.11858049999999998,878,139.7380400346841,-0.002521321848257899,-0.005056891508424129,-0.17301590388893884,-0.23644957651690743,R→S
3744,748,T,615493,615343,615743,400,0.4277295,878,139.7380400346841,-0.3253757948700247,0.10083698658319447,-0.32285447302176684,0.1058938780916186,S→T
3745,749,P,615972,615927,615999,72,0.13687349999999998,779,123.98170066858647,0.041304027985394454,-0.003773827444296262,0.36667982285541917,-0.10461081402749073,T→P
3746,749,Q,616062,616036,616071,35,-0.30622750000000004,779,123.98170066858647,-0.02542471369102876,-0.02141483750545244,-0.06672874167642322,-0.017641010061156176,P→Q
3747,749,R,616092,616071,616112,41,1.6465524999999999,779,123.98170066858647,0.1759925801662918,0.24739405208622467,0.20141729385732055,0.2688088895916771,Q→R
3748,749,S,616120,616112,616127,15,-0.11948750000000001,779,123.98170066858647,-0.002913153615889671,-0.007195392789499904,-0.17890573378218147,-0.25458944487572455,R→S
3749,749,T,616351,616206,616418,212,0.3265355,779,123.98170066858647,-0.22787071805850284,0.057286105454305875,-0.22495756444261317,0.06448149824380578,S→T
3750,750,P,616751,616724,616798,74,0.162695,838,133.3718423110083,0.04556096136758072,0.0024028628062731003,0.27343167942608354,-0.05488324264803277,T→P
3751,750,Q,616859,616837,616867,30,-0.26068800000000003,838,133.3718423110083,-0.015808780885370105,-0.01593808248070404,-0.061369742252950825,-0.018340945286977137,P→Q
3752,750,R,616889,616867,616911,44,1.6937929999999999,838,133.3718423110083,0.16041945028764767,0.25651812773849,0.17622823117301778,0.27245621021919403,Q→R
3753,750,S,616917,616911,616920,9,-0.02929799999999999,838,133.3718423110083,-0.0004201142112949931,-0.0011957104308583147,-0.16083956449894266,-0.2577138381693483,R→S
3754,750,T,617150,617000,617278,278,0.407995,838,133.3718423110083,-0.3226890004698444,0.10688507657689578,-0.3222688862585494,0.10808078700775409,S→T
3755,751,P,617589,617545,617616,71,0.164711,858,136.5549411728462,0.04078985164792486,-0.0029837150296693807,0.36347885211776926,-0.10986879160656515,T→P
3756,751,Q,617681,617653,617691,38,-0.298107,858,136.5549411728462,-0.024291779685441838,-0.018416422659002684,-0.0650816313333667,-0.015432707629333303,P→Q
3757,751,R,617711,617691,617730,39,1.714971,858,136.5549411728462,0.1803827082441146,0.22102452018200702,0.20467448792955642,0.2394409428410097,Q→R
3758,751,S,617737,617730,617745,15,-0.163564,858,136.5549411728462,-0.0048233239399036515,-0.009083756749420916,-0.18520603218401824,-0.23010827693142794,R→S
3759,751,T,617969,617819,618037,218,0.36883699999999997,858,136.5549411728462,-0.2265006637780603,0.12214657744880436,-0.22167733983815666,0.13123033419822527,S→T
3760,752,P,618447,618405,618473,68,0.143847,803,127.80141930279196,0.03370781434710454,-0.0022522161245682537,0.26020847812516484,-0.12439879357337262,T→P
3761,752,Q,618541,618529,618550,21,-0.291707,803,127.80141930279196,-0.019865442488124396,-0.01765001667248206,-0.05357325683522894,-0.015397800547913808,P→Q
3762,752,R,618570,618550,618590,40,1.672059,803,127.80141930279196,0.17190742506854073,0.24228811260801045,0.19177286755666512,0.25993812928049254,Q→R
3763,752,S,618596,618590,618604,14,-0.15542500000000004,803,127.80141930279196,-0.003908324687643326,-0.00916884230060882,-0.17581574975618405,-0.25145695490861925,R→S
3764,752,T,618847,618699,618895,196,0.339872,803,127.80141930279196,-0.23052512124709756,0.06761859371083469,-0.22661679655945424,0.07678743601144351,S→T
3765,753,P,619250,619222,619293,71,0.133989,795,126.5281797580568,0.038227041715356506,0.0017851976083306839,0.2687521629624541,-0.06583339610250401,T→P
3766,753,Q,619356,619331,619366,35,-0.304488,795,126.5281797580568,-0.02274129730562356,-0.024006093521450198,-0.06096833902098006,-0.02579129112978088,P→Q
3767,753,R,619386,619366,619409,43,1.62739,795,126.5281797580568,0.14792146080498872,0.2642193176229276,0.17066275811061227,0.28822541114437783,Q→R
3768,753,S,619415,619409,619420,11,-0.09048399999999998,795,126.5281797580568,-0.0011496675468308814,-0.004099763499741896,-0.1490711283518196,-0.2683190811226695,R→S
3769,753,T,619646,619496,619734,238,0.365379,795,126.5281797580568,-0.30032819972715075,0.05858699270182763,-0.29917853218031987,0.06268675620156952,S→T
3770,754,P,620045,619998,620076,78,0.18241200000000002,819,130.3478983922623,0.05384556341534312,-0.0032032986833093703,0.3541737631424939,-0.061790291385136996,T→P
3771,754,Q,620138,620129,620146,17,-0.25721099999999997,819,130.3478983922623,-0.015473478018203845,-0.013245892356960932,-0.06931904143354696,-0.01004259367365156,P→Q
3772,754,R,620168,620146,620189,43,1.731525,819,130.3478983922623,0.1848465556462322,0.24858863836355927,0.20032003366443604,0.2618345307205202,Q→R
3773,754,S,620193,620189,620199,10,-0.10061999999999999,819,130.3478983922623,-0.0021717152618016132,-0.004715526587435752,-0.18701827090803383,-0.253304164950995,R→S
3774,754,T,620424,620274,620554,280,0.42075700000000005,819,130.3478983922623,-0.3346900726417701,0.13092856884762305,-0.3325183573799685,0.13564409543505881,S→T
3775,755,P,620864,620818,620892,74,0.1754385,838,133.3718423110083,0.046027192153031006,-0.0025424721975045137,0.3807172647948011,-0.13347104104512755,T→P
3776,755,Q,620960,620948,620970,22,-0.25201450000000003,838,133.3718423110083,-0.017945605774761272,-0.015497460340835451,-0.06397279792779229,-0.012954988143330938,P→Q
3777,755,R,620989,620970,621009,39,1.6972875,838,133.3718423110083,0.17598088728030353,0.23895394390238492,0.19392649305506482,0.2544514042432204,Q→R
3778,755,S,621013,621009,621021,12,-0.1609375,838,133.3718423110083,-0.004078151777779007,-0.008555324450817449,-0.18005903905808254,-0.24750926835320236,R→S
3779,755,T,621263,621113,621331,218,0.4114895,838,133.3718423110083,-0.2870618853445942,0.12145876387145792,-0.2829837335668152,0.13001408832227537,S→T
3780,756,P,621702,621659,621729,70,0.1621215,779,123.98170066858647,0.03922742098431163,-0.002480945702608251,0.32628930632890585,-0.12393970957406616,T→P
3781,756,Q,621795,621784,621805,21,-0.2931865,779,123.98170066858647,-0.02053880618446215,-0.019143350338417846,-0.05976622716877378,-0.016662404635809595,P→Q
3782,756,R,621825,621805,621846,41,1.6352515,779,123.98170066858647,0.1681897585926225,0.25408985138985885,0.18872856477708466,0.2732332017282767,Q→R
3783,756,S,621851,621846,621859,13,-0.1296415,779,123.98170066858647,-0.003125252233979488,-0.008265394608116452,-0.171315010826602,-0.2623552459979753,R→S
3784,756,T,622101,621954,622149,195,0.31871249999999995,779,123.98170066858647,-0.21784729310099044,0.045342806783769625,-0.21472204086701094,0.05360820139188607,S→T
3785,757,P,622481,622436,622509,73,0.161825,799,127.16479953042438,0.04784306635935758,-0.0033718442978196454,0.265690359460348,-0.04871465108158927,T→P
3786,757,Q,622573,622563,622582,19,-0.27198999999999995,799,127.16479953042438,-0.018105409325803654,-0.015880322569528253,-0.06594847568516124,-0.012508478271708607,P→Q
3787,757,R,622601,622582,622625,43,1.687152,799,127.16479953042438,0.18233590411927697,0.25425575622083685,0.20044131344508062,0.2701360787903651,Q→R
3788,757,S,622629,622625,622636,11,-0.10034299999999999,799,127.16479953042438,-0.0019513801161804986,-0.004621193242433976,-0.18428728423545748,-0.25887694946327083,R→S
3789,757,T,622861,622711,623111,400,0.408864,799,127.16479953042438,-0.3724209721290159,0.042527318508557684,-0.3704695920128354,0.04714851175099166,S→T
3790,758,P,623280,623237,623308,71,0.16761500000000001,818,130.1887434491704,0.03909053575307362,-0.001192012656852843,0.41151150788208957,-0.043719331165410526,T→P
3791,758,Q,623381,623364,623391,27,-0.21518700000000002,818,130.1887434491704,-0.018550407309864597,-0.017612160541882502,-0.05764094306293822,-0.01642014788502966,P→Q
3792,758,R,623410,623391,623428,37,1.66627,818,130.1887434491704,0.1668411884988136,0.25321978306995785,0.1853915958086782,0.2708319436118404,Q→R
3793,758,S,623433,623428,623440,12,-0.15022799999999997,818,130.1887434491704,-0.003438667714728254,-0.008232495487637909,-0.17027985621354186,-0.2614522785575958,R→S
3794,758,T,623679,623529,623746,217,0.40655199999999997,818,130.1887434491704,-0.2903444373789759,0.09662161427624069,-0.2869057696642477,0.1048541097638786,S→T
3795,759,P,624098,624054,624126,72,0.1763265,799,127.16479953042438,0.04434608100859763,-0.0017878384418265109,0.3346905183875736,-0.0984094527180672,T→P
3796,759,Q,624195,624183,624208,25,-0.2389555,799,127.16479953042438,-0.019641485628860644,-0.019001095139334408,-0.06398756663745828,-0.0172132566975079,P→Q
3797,759,R,624227,624208,624245,37,1.6395785,799,127.16479953042438,0.16502277418877817,0.2586412647200396,0.18466425981763882,0.277642359859374,Q→R
3798,759,S,624250,624245,624257,12,-0.14440150000000002,799,127.16479953042438,-0.0032039167602692944,-0.008201628610352953,-0.16822669094904746,-0.26684289333039257,R→S
3799,759,T,624498,624348,624549,201,0.3497115,799,127.16479953042438,-0.2333766141544974,0.060510599242623225,-0.2301726973942281,0.06871222785297618,S→T
3800,760,P,624897,624854,624924,70,0.1678915,758,120.63944686365667,0.037761969689716665,-0.0019590098323024807,0.2711385838442141,-0.06246960907492571,T→P
3801,760,Q,624993,624978,625004,26,-0.2978115,758,120.63944686365667,-0.022343432163604213,-0.022336808890260004,-0.060105401853320875,-0.020377799057957523,P→Q
3802,760,R,625017,625004,625043,39,1.6433525,758,120.63944686365667,0.1594112739426815,0.2677671489604244,0.18175470610628572,0.29010395785068444,Q→R
3803,760,S,625050,625043,625056,13,-0.0989005,758,120.63944686365667,-0.0020552246842745724,-0.006405082324409562,-0.16146649862695608,-0.274172231284834,R→S
3804,760,T,625297,625147,625363,216,0.31752749999999996,758,120.63944686365667,-0.24606250313553868,0.027578613296502123,-0.2440072784512641,0.033983695620911684,S→T
3805,761,P,625655,625611,625683,72,0.1577565,799,127.16479953042438,0.04393669945603911,-0.0030971934922141265,0.2899992025915778,-0.03067580678871625,T→P
3806,761,Q,625748,625737,625756,19,-0.28763750000000005,799,127.16479953042438,-0.018747938790391598,-0.016562596138014057,-0.06268463824643071,-0.01346540264579993,P→Q
3807,761,R,625777,625756,625798,42,1.7045385000000002,799,127.16479953042438,0.18037129003578228,0.25272365196922103,0.1991192288261739,0.2692862481072351,Q→R
3808,761,S,625804,625798,625810,12,-0.10844450000000001,799,127.16479953042438,-0.0023030648424254246,-0.005391690728292353,-0.1826743548782077,-0.2581153426975134,R→S
3809,761,T,626035,625885,626103,218,0.3671355,799,127.16479953042438,-0.2684721498371663,0.10185128284812821,-0.26616908499474085,0.10724297357642056,S→T
3810,762,P,626454,626411,626482,71,0.146418,803,127.80141930279196,0.037727946919613634,-0.002374853432510292,0.3062000967567799,-0.1042261362806385,T→P
3811,762,Q,626548,626536,626557,21,-0.272304,803,127.80141930279196,-0.018513971907035943,-0.016481481634383045,-0.05624191882664958,-0.014106628201872754,P→Q
3812,762,R,626578,626557,626597,40,1.7245329999999999,803,127.80141930279196,0.17750873518272314,0.2517404679293118,0.19602270708975908,0.2682219495636949,Q→R
3813,762,S,626602,626597,626610,13,-0.152263,803,127.80141930279196,-0.003796226759988491,-0.00879200752874824,-0.18130496194271165,-0.2605324754580601,R→S
3814,762,T,626835,626685,626906,221,0.373776,803,127.80141930279196,-0.2661994845681897,0.08408929429772607,-0.26240325780820123,0.09288130182647432,S→T
3815,763,P,627257,627228,627299,71,0.1441425,775,123.34508089621889,0.03770900761455998,0.000908922772563766,0.3039084921827497,-0.0831803715251623,T→P
3816,763,Q,627362,627335,627372,37,-0.3186755,775,123.34508089621889,-0.02233491297759832,-0.02450594200938389,-0.0600439205921583,-0.025414864781947655,P→Q
3817,763,R,627393,627372,627413,41,1.6358425,775,123.34508089621889,0.14383531501778088,0.27081864905097014,0.1661702279953792,0.295324591060354,Q→R
3818,763,S,627421,627413,627427,14,-0.09250050000000001,775,123.34508089621889,-0.0014448786743460503,-0.005543662428110294,-0.14528019369212694,-0.2763623114790804,R→S
3819,763,T,627653,627503,627719,216,0.3337675,775,123.34508089621889,-0.24825803536367974,0.03117807153677362,-0.24681315668933368,0.036721733964883915,S→T
3820,764,P,628032,627988,628059,71,0.14845199999999997,798,127.00564458733248,0.03998052340559154,-0.002940105189917317,0.2882385587692713,-0.03411817672669094,T→P
3821,764,Q,628125,628113,628134,21,-0.29927200000000004,798,127.00564458733248,-0.02032044687226281,-0.017996226876375032,-0.06030097027785435,-0.015056121686457716,P→Q
3822,764,R,628152,628134,628176,42,1.6622,798,127.00564458733248,0.17695564603182262,0.2510894166744504,0.19727609290408543,0.2690856435508254,Q→R
3823,764,S,628180,628176,628187,11,-0.10383900000000001,798,127.00564458733248,-0.0023635958793627636,-0.005648783707768055,-0.1793192419111854,-0.25673820038221845,R→S
3824,764,T,628412,628262,628520,258,0.37348,798,127.00564458733248,-0.3021883708399402,0.09623066823652206,-0.29982477496057747,0.10187945194429011,S→T
3825,765,P,628830,628786,628858,72,0.158921,839,133.53099725410019,0.042412878963599285,-0.0029295607649914516,0.3446012498035395,-0.09916022900151351,T→P
3826,765,Q,628924,628913,628933,20,-0.276041,839,133.53099725410019,-0.018318099754558146,-0.015385463659192073,-0.06073097871815743,-0.012455902894200621,P→Q
3827,765,R,628954,628933,628973,40,1.720797,839,133.53099725410019,0.17838132592066366,0.23363239311058379,0.1966994256752218,0.24901785676977586,Q→R
3828,765,S,628978,628973,628986,13,-0.15192999999999998,839,133.53099725410019,-0.003960153345225002,-0.008067441195965143,-0.18234147926588867,-0.24169983430654893,R→S
3829,765,T,629230,629080,629296,216,0.38165499999999997,839,133.53099725410019,-0.2594938493190632,0.11601222497003956,-0.25553369597383824,0.1240796661660047,S→T
3830,766,P,629669,629625,629696,71,0.150209,782,124.45916549786216,0.04057540907039492,-0.0034222435050767527,0.30006925838945814,-0.11943446847511631,T→P
3831,766,Q,629761,629750,629770,20,-0.28012899999999996,782,124.45916549786216,-0.019247139796646492,-0.01736400344944562,-0.059822548867041414,-0.013941759944368866,P→Q
3832,766,R,629791,629770,629810,40,1.7045389999999998,782,124.45916549786216,0.17693045560550083,0.2548944338339889,0.19617759540214733,0.2722584372834345,Q→R
3833,766,S,629817,629810,629824,14,-0.137447,782,124.45916549786216,-0.0036285693269133795,-0.008842515428956681,-0.1805590249324142,-0.2637369492629456,R→S
3834,766,T,630049,629922,630116,194,0.337541,782,124.45916549786216,-0.23585818029811492,0.05272146080529274,-0.23222961097120154,0.06156397623424942,S→T
3835,767,P,630451,630418,630481,63,0.16066000000000003,757,120.48029192056477,0.03953591016051673,-0.00040047579725587543,0.27539409045863167,-0.05312193660254862,T→P
3836,767,Q,630555,630511,630563,52,-0.273155,757,120.48029192056477,-0.02880038555188616,-0.028864528590535853,-0.06833629571240289,-0.028464052793279977,P→Q
3837,767,R,630576,630563,630601,38,1.55026,757,120.48029192056477,0.14615584357514383,0.2708882221595804,0.17495622912703,0.29975275075011626,Q→R
3838,767,S,630612,630601,630622,21,-0.045833999999999986,757,120.48029192056477,-0.0012584091298763892,-0.004857062019285896,-0.1474142527050202,-0.2757452841788663,R→S
3839,767,T,630847,630697,630916,219,0.339854,757,120.48029192056477,-0.2727921553951897,0.017640721626258002,-0.2715337462653133,0.022497783645543896,S→T
3840,768,P,631208,631179,631254,75,0.160364,798,127.00564458733248,0.04956763780392601,0.0024914278890773313,0.3223597931991157,-0.01514929373718067,T→P
3841,768,Q,631315,631306,631323,17,-0.25373399999999996,798,127.00564458733248,-0.01288223436019967,-0.014356668292975066,-0.062449872164125675,-0.016848096182052397,P→Q
3842,768,R,631345,631323,631364,41,1.7332269999999999,798,127.00564458733248,0.15746447979526979,0.2795778229274722,0.17034671415546945,0.29393449122044724,Q→R
3843,768,S,631368,631364,631375,11,-0.04091399999999998,798,127.00564458733248,-0.0006222104643987893,-0.0019809902208720886,-0.15808669025966857,-0.2815588131483443,R→S
3844,768,T,631606,631456,631856,400,0.438735,798,127.00564458733248,-0.3923622154537293,-0.015832794174880555,-0.3917400049893305,-0.013851803954008467,S→T
3845,769,P,632006,631961,632052,91,0.17573450000000002,837,133.2126873679164,0.050617036199697124,-0.0005046273692144774,0.44297925165342644,0.015328166805666078,T→P
3846,769,Q,632108,632090,632117,27,-0.21228349999999996,837,133.2126873679164,-0.01783500273776421,-0.01661436598629913,-0.06845203893746134,-0.016109738617084653,P→Q
3847,769,R,632137,632117,632155,38,1.6882985,837,133.2126873679164,0.1699361079084151,0.2493020618498182,0.1877711106461793,0.26591642783611735,Q→R
3848,769,S,632160,632155,632166,11,-0.1125135,837,133.2126873679164,-0.0023365374639943773,-0.005273061918458348,-0.17227264537240947,-0.25457512376827657,R→S
3849,769,T,632404,632254,632654,400,0.4204795,837,133.2126873679164,-0.3387581925798639,0.06236724318365939,-0.3364216551158695,0.06764030510211774,S→T
3850,770,P,632843,632801,632871,70,0.1554255,779,123.98170066858647,0.03390972364843865,-0.0008548947512106612,0.37266791622830253,-0.06322213793487005,T→P
3851,770,Q,632940,632927,632952,25,-0.2661825,779,123.98170066858647,-0.020914930595600945,-0.020788654787505384,-0.054824654244039595,-0.019933760036294722,P→Q
3852,770,R,632965,632952,632991,39,1.6030665,779,123.98170066858647,0.15786102054458012,0.25875845472341646,0.17877595114018108,0.2795471095109219,Q→R
3853,770,S,632996,632991,633002,11,-0.10670650000000001,779,123.98170066858647,-0.0021824509796511504,-0.00623641433024421,-0.16004347152423126,-0.26499486905366065,R→S
3854,770,T,633243,633093,633310,217,0.3427575,779,123.98170066858647,-0.26184033185391253,0.04947302002627369,-0.2596578808742614,0.0557094343565179,S→T
3855,771,P,633622,633577,633651,74,0.171665,762,121.27606663602425,0.05385923483709701,-0.0035125262141495633,0.3156995666910095,-0.05298554624042325,T→P
3856,771,Q,633715,633706,633724,18,-0.287675,762,121.27606663602425,-0.018017581396799334,-0.017156395723450128,-0.07187681623389634,-0.013643869509300565,P→Q
3857,771,R,633741,633724,633769,45,1.673243,762,121.27606663602425,0.17843678112286138,0.27947346261184275,0.1964543625196607,0.2966298583352929,Q→R
3858,771,S,633771,633769,633777,8,-0.059133000000000005,762,121.27606663602425,-0.0009172427457800483,-0.0026472675957759525,-0.17935402386864144,-0.2821207302076187,R→S
3859,771,T,634002,633852,634090,238,0.36192,762,121.27606663602425,-0.3218195017162948,0.06996899601849561,-0.3209022589705148,0.07261626361427156,S→T
3860,772,P,634384,634354,634410,56,0.1394815,838,133.3718423110083,0.028828801846681473,-0.0001424721117422012,0.35064830356297627,-0.07011146813023782,T→P
3861,772,Q,634488,634425,634497,72,-0.2983655,838,133.3718423110083,-0.03507952023389964,-0.027840514176445216,-0.06390832208058111,-0.027698042064703016,P→Q
3862,772,R,634517,634497,634533,36,1.6288885,838,133.3718423110083,0.1597540854366185,0.23841602106561505,0.19483360567051816,0.2662565352420603,Q→R
3863,772,S,634538,634533,634554,21,-0.11162549999999999,838,133.3718423110083,-0.003832214909117508,-0.009372413902468303,-0.163586300345736,-0.24778843496808334,R→S
3864,772,T,634780,634634,634833,199,0.3517835,838,133.3718423110083,-0.21438050609619977,0.08585918545827613,-0.21054829118708226,0.09523159936074443,S→T
3865,773,P,635222,635195,635247,52,0.13019599999999998,896,142.60282901033824,0.026634544730069692,5.718525766678794e-05,0.24101505082626945,-0.08580200020060934,T→P
3866,773,Q,635328,635281,635338,57,-0.319859,896,142.60282901033824,-0.031709267679720966,-0.02537638028478376,-0.058343812409790655,-0.025433565542450548,P→Q
3867,773,R,635358,635338,635374,36,1.671763,896,142.60282901033824,0.15698138826349303,0.2135814350109133,0.188690655943214,0.23895781529569707,Q→R
3868,773,S,635381,635374,635396,22,-0.14817500000000003,896,142.60282901033824,-0.0058862664743456776,-0.012468754801723297,-0.1628676547378387,-0.2260501898126366,R→S
3869,773,T,635621,635513,635666,153,0.293742,896,142.60282901033824,-0.13113580739356687,0.06682111915693957,-0.1252495409192212,0.07928987395866287,S→T
3870,774,P,636118,636089,636147,58,0.17950750000000001,799,127.16479953042438,0.03936011130417711,0.00012971627856849576,0.17049591869774397,-0.06669140287837108,T→P
3871,774,Q,636217,636203,636227,24,-0.2131345,799,127.16479953042438,-0.01726125827658745,-0.016725280022589,-0.05662136958076456,-0.016854996301157495,P→Q
3872,774,R,636241,636227,636267,40,1.6207495,799,127.16479953042438,0.16207987301541507,0.2542868911573184,0.17934113129200252,0.2710121711799074,Q→R
3873,774,S,636271,636267,636277,10,-0.0675675,799,127.16479953042438,-0.0011333398460526885,-0.0029696359831889443,-0.16321321286146775,-0.25725652714050734,R→S
3874,774,T,636517,636367,636625,258,0.38711150000000005,799,127.16479953042438,-0.31161909736784277,0.06913882556540815,-0.3104857575217901,0.0721084615485971,S→T
3875,775,P,636917,636868,636966,98,0.198041,820,130.5070533353542,0.0600626744183284,-7.894653229948658e-05,0.3716817717861712,-0.06921777209770764,T→P
3876,775,Q,637018,637004,637027,23,-0.181838,820,130.5070533353542,-0.01275787827574964,-0.012188775489249772,-0.07282055269407804,-0.012109828956950284,P→Q
3877,775,R,637041,637027,637068,41,1.677571,820,130.5070533353542,0.17389087909763298,0.262631716967708,0.18664875737338263,0.2748204924569578,Q→R
3878,775,S,637070,637068,637074,6,-0.042634000000000005,820,130.5070533353542,-0.0005333861116423212,-0.0012850964662434725,-0.17442426520927531,-0.26391681343395146,R→S
3879,775,T,637316,637166,637566,400,0.44223100000000004,820,130.5070533353542,-0.4040165147474181,0.005418525698547186,-0.4034831286357758,0.006703622164790658,S→T
3880,776,P,637737,637707,637782,75,0.1571825,858,136.5549411728462,0.042411749084147125,0.0015173884871230428,0.44642826383156525,-0.003901137211424143,T→P
3881,776,Q,637843,637821,637850,29,-0.2516995,858,136.5549411728462,-0.016323707911185717,-0.015245249213766953,-0.05873545699533284,-0.016762637700889996,P→Q
3882,776,R,637871,637850,637889,39,1.7033734999999999,858,136.5549411728462,0.16624229117437897,0.24147173876456623,0.1825659990855647,0.2567169879783332,Q→R
3883,776,S,637893,637889,637902,13,-0.07657549999999999,858,136.5549411728462,-0.0018111877687000345,-0.0040560573637784085,-0.168053478943079,-0.24552779612834463,R→S
3884,776,T,638135,637985,638385,400,0.4761345,858,136.5549411728462,-0.4155312501757107,0.05625078258780767,-0.41372006240701065,0.060306839951586075,S→T
3885,777,P,638595,638567,638640,73,0.15426,816,129.8704335629866,0.04496820853592542,0.00179780001904107,0.4604994587116361,-0.0544529825687666,T→P
3886,777,Q,638700,638678,638709,31,-0.26272300000000004,816,129.8704335629866,-0.019492872851100015,-0.019571133821651997,-0.06446108138702543,-0.021368933840693067,P→Q
3887,777,R,638729,638709,638746,37,1.648846,816,129.8704335629866,0.15713646171477322,0.25303176452246484,0.17662933456587324,0.27260289834411683,Q→R
3888,777,S,638751,638746,638763,17,-0.079461,816,129.8704335629866,-0.0019119548382693953,-0.0051190332930197485,-0.1590484165530426,-0.2581507978154846,R→S
3889,777,T,638995,638845,639060,215,0.357832,816,129.8704335629866,-0.2624519001658924,0.07314409074840197,-0.26053994532762303,0.07826312404142172,S→T
3890,778,P,639411,639368,639437,69,0.115122,779,123.98170066858647,0.03134005606831189,-0.0027897936578970403,0.2937919562342043,-0.07593388440629902,T→P
3891,778,Q,639501,639476,639511,35,-0.308853,779,123.98170066858647,-0.025496475547578095,-0.021637004367587937,-0.05683653161588999,-0.018847210709690896,P→Q
3892,778,R,639531,639511,639555,44,1.640449,779,123.98170066858647,0.17947601539883082,0.2542205753730941,0.2049724909464089,0.27585757974068204,Q→R
3893,778,S,639560,639555,639565,10,-0.076279,779,123.98170066858647,-0.0012244762773696463,-0.003107557809369167,-0.18070049167620048,-0.2573281331824633,R→S
3894,778,T,639792,639642,639879,237,0.350582,779,123.98170066858647,-0.2893180225985337,0.07549109410986525,-0.288093546321164,0.07859865191923442,S→T
3895,779,P,640190,640146,640218,72,0.146455,803,127.80141930279196,0.038377157680573475,-0.0023640279080342688,0.32769518027910716,-0.07785512201789951,T→P
3896,779,Q,640284,640271,640293,22,-0.286806,803,127.80141930279196,-0.019791584290314253,-0.01761615063721772,-0.05816874197088773,-0.015252122729183451,P→Q
3897,779,R,640313,640293,640333,40,1.694976,803,127.80141930279196,0.1753428552984099,0.2489154970937916,0.19513443958872415,0.26653164773100935,Q→R
3898,779,S,640339,640333,640346,13,-0.14760099999999998,803,127.80141930279196,-0.003589128965305466,-0.00835607144944927,-0.17893198426371537,-0.25727156854324085,R→S
3899,779,T,640570,640420,640638,218,0.363344,803,127.80141930279196,-0.26263727677996235,0.09581132941298844,-0.2590481478146569,0.10416740086243771,S→T
3900,780,P,640993,640964,641036,72,0.148175,835,132.89437748173262,0.03613893660293955,0.0011471552751295443,0.2987762133829019,-0.0946641741378589,T→P
3901,780,Q,641098,641073,641108,35,-0.316382,835,132.89437748173262,-0.024046646630536034,-0.023153285710014623,-0.06018558323347559,-0.024300440985144167,P→Q
3902,780,R,641128,641108,641145,37,1.700765,835,132.89437748173262,0.1565624512652894,0.24417672980513902,0.18060909789582544,0.2673300155151536,Q→R
3903,780,S,641154,641145,641165,20,-0.113365,835,132.89437748173262,-0.003490116288582017,-0.009129703443217039,-0.1600525675538714,-0.25330643324835606,R→S
3904,780,T,641389,641263,641452,189,0.32452000000000003,835,132.89437748173262,-0.1912326976783578,0.06217333369567478,-0.1877425813897758,0.07130303713889181,S→T
3905,781,P,641828,641800,641855,55,0.158033,778,123.82254572549458,0.02751257327138807,4.746303365949429e-05,0.21874527094974586,-0.06212587066201528,T→P
3906,781,Q,641928,641871,641939,68,-0.251995,778,123.82254572549458,-0.03728709407501131,-0.03167870724557741,-0.06479966734639939,-0.03172617027923691,P→Q
3907,781,R,641951,641939,641975,36,1.592876,778,123.82254572549458,0.1519183727783364,0.2543974886138473,0.18920546685334771,0.28607619585942473,Q→R
3908,781,S,641982,641975,641990,15,-0.122668,778,123.82254572549458,-0.0028824354441343582,-0.008493797701941504,-0.15480080822247075,-0.26289128631578884,R→S
3909,781,T,642227,642082,642280,198,0.321024,778,123.82254572549458,-0.22189946472369695,0.03123074346755598,-0.2190170292795626,0.03972454116949748,S→T
3910,782,P,642606,642560,642634,74,0.1467135,801,127.48310941660817,0.04528645988879593,-0.0034160693815949985,0.2671859246124929,-0.03464681284915098,T→P
3911,782,Q,642697,642687,642706,19,-0.2807015,801,127.48310941660817,-0.017817631437400283,-0.015311600985975497,-0.06310409132619621,-0.011895531604380498,P→Q
3912,782,R,642727,642706,642749,43,1.6958275,801,127.48310941660817,0.18726023420384477,0.2528205697299812,0.20507786564124506,0.2681321707159567,Q→R
3913,782,S,642754,642749,642758,9,-0.06669750000000002,801,127.48310941660817,-0.0011270250290258497,-0.002565573292374206,-0.1883872592328706,-0.2553861430223554,R→S
3914,782,T,642986,642836,643236,400,0.4088825,801,127.48310941660817,-0.3628581885637926,0.06100664379342959,-0.36173116353476675,0.0635722170858038,S→T
3915,783,P,643407,643375,643452,77,0.1647105,836,133.0535324248245,0.03974470916280353,0.0006344306511304625,0.40260289772659613,-0.06037221314229913,T→P
3916,783,Q,643508,643491,643518,27,-0.21457749999999998,836,133.0535324248245,-0.017558198036681655,-0.016308909418549348,-0.057302907199485185,-0.01694334006967981,P→Q
3917,783,R,643538,643518,643555,37,1.6679895,836,133.0535324248245,0.16807859675461423,0.24554506437080842,0.18563679479129588,0.26185397378935776,Q→R
3918,783,S,643560,643555,643567,12,-0.11599150000000001,836,133.0535324248245,-0.0025656233638640213,-0.0057561457588297124,-0.17064422011847824,-0.25130121012963813,R→S
3919,783,T,643804,643654,644013,359,0.4239565,836,133.0535324248245,-0.33214865917424335,0.0938576372950019,-0.32958303581037934,0.09961378305383162,S→T
3920,784,P,644243,644196,644271,75,0.1458815,803,127.80141930279196,0.04240085734632244,-0.003218091008064499,0.3745495165205658,-0.0970757283030664,T→P
3921,784,Q,644335,644325,644343,18,-0.2746165,803,127.80141930279196,-0.01727807432549995,-0.01504063472905449,-0.059678931671822394,-0.011822543720989991,P→Q
3922,784,R,644365,644343,644385,42,1.7251435000000002,803,127.80141930279196,0.18258814233545165,0.2496751611069385,0.1998662166609516,0.264715795835993,Q→R
3923,784,S,644391,644385,644398,13,-0.1203555,803,127.80141930279196,-0.0029145407177290643,-0.0066011936102010295,-0.1855026830531807,-0.2562763547171395,R→S
3924,784,T,644623,644473,644692,219,0.3639175,803,127.80141930279196,-0.2718702870738357,0.10140859858247363,-0.26895574635610664,0.10800979219267466,S→T
3925,785,P,645046,645017,645088,71,0.12352,795,126.5281797580568,0.03278270122554073,0.0009370272359987012,0.3046529882993764,-0.10047157134647493,T→P
3926,785,Q,645151,645128,645160,32,-0.318989,795,126.5281797580568,-0.02119131972191892,-0.022277643925153717,-0.05397402094745965,-0.023214671161152417,P→Q
3927,785,R,645181,645160,645203,43,1.615812,795,126.5281797580568,0.15100001278341846,0.2610624565199679,0.17219133250533739,0.2833401004451216,Q→R
3928,785,S,645210,645203,645216,13,-0.07424399999999999,795,126.5281797580568,-0.0009944372680240352,-0.003391860616691704,-0.1519944500514425,-0.2644543171366596,R→S
3929,785,T,645461,645311,645529,218,0.339854,795,126.5281797580568,-0.27710880458647824,0.0430126695921854,-0.2761143673184542,0.0464045302088771,S→T
3930,786,P,645841,645796,645874,78,0.1739775,819,130.3478983922623,0.04150253689356676,-0.001314591678232895,0.318611341480045,-0.0443272612704183,T→P
3931,786,Q,645942,645926,645951,25,-0.20819549999999998,819,130.3478983922623,-0.01757166595862285,-0.016578093201993233,-0.05907420285218962,-0.015263501523760338,P→Q
3932,786,R,645971,645951,645989,38,1.6552455,819,130.3478983922623,0.16815614561629094,0.2535340867042582,0.1857278115749138,0.2701121799062514,Q→R
3933,786,S,645994,645989,646001,12,-0.1414975,819,130.3478983922623,-0.003187417617096327,-0.007621128067379376,-0.17134356323338726,-0.26115521477163756,R→S
3934,786,T,646240,646090,646307,217,0.3775495,819,130.3478983922623,-0.269502457433405,0.09511804305508023,-0.26631503981630866,0.1027391711224596,S→T
3935,787,P,646660,646633,646688,55,0.149322,858,136.5549411728462,0.029119937987215624,0.00015481435086356387,0.29862239542062063,-0.09496322870421667,T→P
3936,787,Q,646764,646741,646773,32,-0.234035,858,136.5549411728462,-0.021344510794755005,-0.0193949649835328,-0.05046444878197063,-0.019549779334396365,P→Q
3937,787,R,646793,646773,646809,36,1.653784,858,136.5549411728462,0.1644639235032409,0.23353534315919364,0.1858084342979959,0.25293030814272643,Q→R
3938,787,S,646815,646809,646823,14,-0.126164,858,136.5549411728462,-0.0031072689487317297,-0.006689629878806328,-0.16757119245197263,-0.24022497303799997,R→S
3939,787,T,647059,646909,647124,215,0.370872,858,136.5549411728462,-0.221153711650858,0.1005444433397776,-0.21804644270212628,0.10723407321858393,S→T
3940,788,P,647518,647475,647527,52,0.11249499999999998,782,124.45916549786216,0.024925460374015575,-0.002813811857030839,0.2460791720248736,-0.10335825519680844,T→P
3941,788,Q,647607,647559,647617,58,-0.317251,782,124.45916549786216,-0.03569884796498013,-0.026965581276135447,-0.06062430833899571,-0.02415176941910461,P→Q
3942,788,R,647638,647617,647658,41,1.630312,782,124.45916549786216,0.17418995064766019,0.24124121667741943,0.20988879861264031,0.2682067979535549,Q→R
3943,788,S,647666,647658,647673,15,-0.12237300000000001,782,124.45916549786216,-0.0033576410456366878,-0.008119338291567415,-0.17754759169329687,-0.24936055496898685,R→S
3944,788,T,647898,647772,647952,180,0.287064,782,124.45916549786216,-0.18682118101956102,0.04840829111183515,-0.18346353997392434,0.056527629403402564,S→T
3945,789,P,648300,648270,648343,73,0.135431,855,136.0774763435705,0.033320915661648895,0.0008257072328889909,0.22014209668120993,-0.047582583878946164,T→P
3946,789,Q,648405,648382,648414,32,-0.28913599999999995,855,136.0774763435705,-0.01900577834046408,-0.01773448795201986,-0.052326694002112976,-0.01856019518490885,P→Q
3947,789,R,648435,648414,648457,43,1.6822139999999999,855,136.0774763435705,0.16546276830062728,0.24240807807894713,0.18446854664109136,0.26014256603096697,Q→R
3948,789,S,648462,648457,648467,10,-0.035661000000000026,855,136.0774763435705,-0.000659078394316389,-0.0016371341270718547,-0.16612184669494368,-0.244045212206019,R→S
3949,789,T,648699,648549,648949,400,0.421349,855,136.0774763435705,-0.38314278431404836,0.04841139563439766,-0.38248370591973196,0.050048529761469514,S→T
3950,790,P,649155,649109,649184,75,0.16297150000000002,839,133.53099725410019,0.051153484911307646,-0.0033541136996209715,0.434296269225356,-0.05176550933401863,T→P
3951,790,Q,649245,649237,649254,17,-0.2499425,839,133.53099725410019,-0.014680285505237575,-0.011826427400009703,-0.06583377041654523,-0.008472313700388732,P→Q
3952,790,R,649275,649254,649296,42,1.7613965,839,133.53099725410019,0.19222984737486962,0.2364910890429525,0.20691013288010718,0.24831751644296218,Q→R
3953,790,S,649303,649296,649307,11,-0.07134049999999997,839,133.53099725410019,-0.0017074048898240992,-0.0032964343282838437,-0.19393725226469372,-0.23978752337123632,R→S
3954,790,T,649535,649385,649785,400,0.4524045,839,133.53099725410019,-0.39735550185366497,0.08861503518844792,-0.39564809696384085,0.09191146951673176,S→T
3955,791,P,649994,649950,650022,72,0.16791099999999998,823,130.98451816462986,0.040318776252584745,-0.0015584548354640503,0.4376742781062497,-0.09017349002391196,T→P
3956,791,Q,650089,650079,650099,20,-0.266497,823,130.98451816462986,-0.017772741529312037,-0.015700628290360456,-0.05809151778189678,-0.014142173454896406,P→Q
3957,791,R,650119,650099,650139,40,1.69616,823,130.98451816462986,0.17609625062186482,0.24489804730533557,0.19386899215117687,0.26059867559569605,Q→R
3958,791,S,650143,650139,650151,12,-0.138908,823,130.98451816462986,-0.003319157970947941,-0.007379292329427859,-0.17941540859281277,-0.25227733963476345,R→S
3959,791,T,650394,650244,650459,215,0.350618,823,130.98451816462986,-0.24491351168920047,0.09321029380202292,-0.24159435371825252,0.10058958613145078,S→T
3960,792,P,650817,650787,650858,71,0.1420705,814,129.5521236768028,0.031858044914105675,0.0003013713033587713,0.27677155660330616,-0.09290892249866414,T→P
3961,792,Q,650920,650897,650929,32,-0.29581350000000006,814,129.5521236768028,-0.022611275881936663,-0.02195318273763383,-0.05446932079604234,-0.0222545540409926,P→Q
3962,792,R,650950,650929,650969,40,1.5804275,814,129.5521236768028,0.1568607760529064,0.24630396192843879,0.17947205193484306,0.26825714466607264,Q→R
3963,792,S,650978,650969,650985,16,-0.042338500000000015,814,129.5521236768028,-0.0009399609196262481,-0.0027211639694385273,-0.15780073697253266,-0.24902512589787731,R→S
3964,792,T,651212,651062,651280,218,0.3276645,814,129.5521236768028,-0.2360696924878139,0.07220211962454552,-0.23512973156818764,0.07492328359398405,S→T
3965,793,P,651631,651587,651659,72,0.16556150000000003,820,130.5070533353542,0.04132834527067719,-0.0023887356922861667,0.2773980377584911,-0.07459085531683168,T→P
3966,793,Q,651725,651715,651734,19,-0.2780935,820,130.5070533353542,-0.017347089615011798,-0.015019401459001103,-0.05867543488568899,-0.012630665766714936,P→Q
3967,793,R,651755,651734,651775,41,1.7100505000000001,820,130.5070533353542,0.17955596445933628,0.24499835787498295,0.19690305407434808,0.2600177593339841,Q→R
3968,793,S,651780,651775,651787,12,-0.12671949999999998,820,130.5070533353542,-0.003011237361024688,-0.006645996194466579,-0.18256720182036096,-0.2516443540694495,R→S
3969,793,T,652011,651861,652079,218,0.35929350000000004,820,130.5070533353542,-0.2497034415691253,0.10279008715396046,-0.24669220420810062,0.10943608334842704,S→T
3970,794,P,652451,652421,652479,58,0.16066,858,136.5549411728462,0.03155144550841413,-3.7232839727494156e-05,0.28125488707753943,-0.10282731999368795,T→P
3971,794,Q,652552,652535,652561,26,-0.215742,858,136.5549411728462,-0.0182685826072678,-0.016129194583525096,-0.049820028115681925,-0.016091961743797602,P→Q
3972,794,R,652581,652561,652599,38,1.6859870000000001,858,136.5549411728462,0.17173270011283187,0.2358755558405735,0.19000128272009967,0.2520047504240986,Q→R
3973,794,S,652604,652599,652610,11,-0.14094299999999998,858,136.5549411728462,-0.0032474252256869166,-0.006707463943898913,-0.17498012533851878,-0.2425830197844724,R→S
3974,794,T,652850,652700,652917,217,0.39612,858,136.5549411728462,-0.26393345285896397,0.13185036911539444,-0.26068602763327703,0.13855783305929334,S→T
3975,795,P,653309,653265,653342,77,0.178047,799,127.16479953042438,0.04393810318854074,-0.0008483414361175044,0.3078715560475047,-0.13269871055151194,T→P
3976,795,Q,653406,653394,653418,24,-0.21748099999999998,799,127.16479953042438,-0.017948792531878418,-0.017284763066331955,-0.06188689572041915,-0.01643642163021445,P→Q
3977,795,R,653432,653418,653457,39,1.6250969999999998,799,127.16479953042438,0.16297944584123045,0.2540267978143332,0.18092823837310887,0.27131156088066516,Q→R
3978,795,S,653462,653457,653468,11,-0.095109,799,127.16479953042438,-0.0020446399328883837,-0.005335239154289881,-0.16502408577411884,-0.2593620369686231,R→S
3979,795,T,653708,653558,653776,218,0.355539,799,127.16479953042438,-0.2630255467926356,0.06804595947794573,-0.26098090685974723,0.0733811986322356,S→T
3980,796,P,654108,654064,654155,91,0.17832399999999998,858,136.5549411728462,0.0474199620005048,0.0003706181161535745,0.3104455087931404,-0.06767534136179215,T→P
3981,796,Q,654209,654196,654217,21,-0.187054,858,136.5549411728462,-0.013503431546024276,-0.011940203530851163,-0.06092339354652908,-0.012310821647004738,P→Q
3982,796,R,654232,654217,654259,42,1.6914799999999999,858,136.5549411728462,0.1782775218748897,0.24442769207181478,0.19178095342091397,0.25636789560266593,Q→R
3983,796,S,654262,654259,654266,7,-0.05539700000000003,858,136.5549411728462,-0.0007985885351036803,-0.0016825454076925784,-0.17907611040999338,-0.24611023747950736,R→S
3984,796,T,654508,654358,654758,400,0.460802,858,136.5549411728462,-0.43039616054322927,0.0444485969474788,-0.4295975720081256,0.04613114235517138,S→T
3985,797,P,654966,654923,654994,71,0.1557215,879,139.897194977776,0.03217527331976693,-0.0015657908895361221,0.4625714338629962,-0.04601438783701492,T→P
3986,797,Q,655060,655048,655069,21,-0.27635550000000003,879,139.897194977776,-0.01815262735482075,-0.01429765793806063,-0.050327900674587686,-0.012731867048524506,P→Q
3987,797,R,655090,655069,655109,40,1.7094955,879,139.897194977776,0.17824899463917124,0.21406880723422286,0.196401621993992,0.22836646517228348,Q→R
3988,797,S,655115,655109,655123,14,-0.1632675,879,139.897194977776,-0.004712566465275789,-0.008588790871820944,-0.18296156110444703,-0.2226575981060438,R→S
3989,797,T,655366,655217,655414,197,0.3500455,879,139.897194977776,-0.20225640182874208,0.1177035154541952,-0.19754383536346629,0.12629230632601615,S→T
3990,798,P,655845,655802,655892,90,0.17719600000000002,843,134.16761702646778,0.047113432599662206,0.00022062483354409404,0.24936983442840427,-0.1174828906206511,T→P
3991,798,Q,655942,655931,655954,23,-0.22414,843,134.16761702646778,-0.016590004227054363,-0.014868607437206601,-0.06370343682671657,-0.015089232270750695,P→Q
3992,798,R,655974,655954,655992,38,1.661942,843,134.16761702646778,0.17195246278208864,0.24119599805909156,0.188542467009143,0.25606460549629817,Q→R
3993,798,S,655998,655992,656004,12,-0.137724,843,134.16761702646778,-0.0033295121010281188,-0.0072115816747990264,-0.17528197488311675,-0.24840757973389058,R→S
3994,798,T,656245,656095,656313,218,0.395824,843,134.16761702646778,-0.27544962457848365,0.1149176189050082,-0.27212011247745554,0.12212920057980724,S→T
3995,799,P,656688,656661,656729,68,0.114234,796,126.68733470114869,0.03062167005776527,0.000798599109973412,0.30607129463624894,-0.11411901979503479,T→P
3996,799,Q,656793,656768,656802,34,-0.322467,796,126.68733470114869,-0.024926045139884213,-0.025688139056609646,-0.05554771519764948,-0.02648673816658306,P→Q
3997,799,R,656823,656802,656843,41,1.60538,796,126.68733470114869,0.14737401165535063,0.2542587093202571,0.17230005679523486,0.2799468483768668,Q→R
3998,799,S,656851,656843,656859,16,-0.09803100000000001,796,126.68733470114869,-0.0015456682221987737,-0.005280279619348416,-0.14891967987754942,-0.25953898893960553,R→S
3999,799,T,657084,656934,657150,216,0.306227,796,126.68733470114869,-0.22462122890067812,0.047693126255905445,-0.22307556067847933,0.052973405875253864,S→T
4000,800,P,657484,657455,657530,75,0.1574605,819,130.3478983922623,0.04800857078000632,0.0020992901456989453,0.27262979968068446,-0.0455938361102065,T→P
4001,800,Q,657591,657570,657599,29,-0.26706949999999996,819,130.3478983922623,-0.016532806076629582,-0.01710776464193148,-0.0645413768566359,-0.019207054787630427,P→Q
4002,800,R,657621,657599,657639,40,1.7152665,819,130.3478983922623,0.16054500267389368,0.2654155981326381,0.17707780875052326,0.2825233627745696,Q→R
4003,800,S,657645,657639,657652,13,-0.03856549999999999,819,130.3478983922623,-0.0008883572517001105,-0.0025145585485578763,-0.1614333599255938,-0.26793015668119596,R→S
4004,800,T,657883,657733,657971,238,0.4126365,819,130.3478983922623,-0.32523402670851004,0.09858418094369296,-0.3243456694568099,0.10109873949225084,S→T
4005,801,P,658303,658276,658348,72,0.1476205,818,130.1887434491704,0.03724480313921936,0.001348375209525018,0.3624788298477294,-0.09723580573416794,T→P
4006,801,Q,658409,658386,658418,32,-0.2722855,818,130.1887434491704,-0.019393906766960147,-0.019716092679477902,-0.0566387099061795,-0.02106446788900292,P→Q
4007,801,R,658439,658418,658455,37,1.6972885,818,130.1887434491704,0.15836586154158905,0.2601023157633994,0.1777597683085492,0.2798184084428773,Q→R
4008,801,S,658460,658455,658474,19,-0.09017050000000001,818,130.1887434491704,-0.0026396920075954402,-0.0073622164153567685,-0.1610055535491845,-0.2674645321787562,R→S
4009,801,T,658701,658551,658769,218,0.38134049999999997,818,130.1887434491704,-0.26930804169257144,0.07942954910154255,-0.266668349684976,0.08679176551689932,S→T
4010,802,P,659121,659096,659150,54,0.1334155,782,124.45916549786216,0.029401421744318163,0.0007332898336648572,0.2987094634368896,-0.0786962592678777,T→P
4011,802,Q,659228,659165,659237,72,-0.3091305,782,124.45916549786216,-0.039064522861316044,-0.03563367786988262,-0.06846594460563421,-0.03636696770354748,P→Q
4012,802,R,659257,659237,659274,37,1.5897135,782,124.45916549786216,0.14218104766698883,0.2623845790547017,0.18124557052830487,0.29801825692458433,Q→R
4013,802,S,659285,659274,659296,22,-0.0875805,782,124.45916549786216,-0.002868245257834205,-0.010523792449987905,-0.14504929292482305,-0.2729083715046896,R→S
4014,802,T,659520,659375,659586,211,0.31493950000000004,782,124.45916549786216,-0.21571417380252902,0.027033947827276444,-0.2128459285446948,0.03755774027726435,S→T
4015,803,P,659903,659870,659947,77,0.16903849999999998,815,129.7112786198947,0.04855768581193718,0.0009837517023781035,0.2642718596144662,-0.02605019612489834,T→P
4016,803,Q,660006,659986,660015,29,-0.2462065,815,129.7112786198947,-0.016158528821987313,-0.01594835645808796,-0.06471621463392449,-0.016932108160466065,P→Q
4017,803,R,660036,660015,660060,45,1.6839335,815,129.7112786198947,0.16837407452103517,0.26534298915764704,0.1845326033430225,0.281291345615735,Q→R
4018,803,S,660064,660064,660065,1,-0.0020535000000000136,815,129.7112786198947,-5.123708061525756e-06,-1.4979256432230927e-05,-0.1683791982290967,-0.26535796841407927,R→S
4019,803,T,660299,660149,660549,400,0.4277295,815,129.7112786198947,-0.39326996702633243,0.01564891819212707,-0.3932648433182709,0.0156638974485593,S→T
4020,804,P,660718,660673,660766,93,0.18557450000000003,843,134.16761702646778,0.05475512303186157,0.0004738074394720534,0.448025090058194,-0.015175110752655015,T→P
4021,804,Q,660823,660803,660832,29,-0.22911550000000003,843,134.16761702646778,-0.017214382798747516,-0.016543047254996043,-0.07196950583060908,-0.017016854694468096,P→Q
4022,804,R,660852,660832,660869,37,1.6888535,843,134.16761702646778,0.16401972117165617,0.24777057810844658,0.18123410397040368,0.2643136253634426,Q→R
4023,804,S,660874,660869,660881,12,-0.11599049999999998,843,134.16761702646778,-0.0023794957682679594,-0.005550214646359751,-0.16639921693992413,-0.25332079275480635,R→S
4024,804,T,661118,660968,661185,217,0.4065335,843,134.16761702646778,-0.2788222095084598,0.11635749287693964,-0.27644271374019186,0.1219077075232994,S→T
4025,805,P,661561,661534,661585,51,0.12063399999999999,815,129.7112786198947,0.02590809084238896,0.00016598088761046392,0.3047303003508488,-0.11619151198932917,T→P
4026,805,Q,661667,661601,661677,76,-0.336968,815,129.7112786198947,-0.041726189949106346,-0.03459895518206448,-0.0676342807914953,-0.03476493606967495,P→Q
4027,805,R,661697,661677,661717,40,1.618734,815,129.7112786198947,0.14462854937933828,0.24352919393861042,0.18635473932844462,0.2781281491206749,Q→R
4028,805,S,661725,661717,661734,17,-0.14904399999999998,815,129.7112786198947,-0.003115521716818263,-0.00962697198329701,-0.14774407109615653,-0.25315616592190743,R→S
4029,805,T,661956,661847,662022,175,0.287694,815,129.7112786198947,-0.17819026692545417,0.03721497324684332,-0.17507474520863592,0.04684194523014033,S→T
4030,806,P,662376,662331,662403,72,0.1606415,838,133.3718423110083,0.04591267012240463,-0.0033968442930795827,0.2241029370478588,-0.040611817539922906,T→P
4031,806,Q,662468,662457,662476,19,-0.27779750000000003,838,133.3718423110083,-0.017247529890922302,-0.01396950211534877,-0.06316020001332694,-0.010572657822269188,P→Q
4032,806,R,662496,662476,662519,43,1.6958455,838,133.3718423110083,0.18710971514573937,0.23421849900241187,0.20435724503666167,0.24818800111776065,Q→R
4033,806,S,662524,662519,662530,11,-0.0846955,838,133.3718423110083,-0.0018157410501888963,-0.0036471027992217506,-0.18892545619592827,-0.23786560180163363,R→S
4034,806,T,662755,662605,663005,400,0.3775675,838,133.3718423110083,-0.3130766051706413,0.10208653379958056,-0.3112608641204524,0.1057336365988023,S→T
4035,807,P,663214,663169,663242,73,0.15919899999999998,862,137.19156094521378,0.04402593918329962,-0.0032008351213394784,0.3571025443539409,-0.10528736892092004,T→P
4036,807,Q,663304,663295,663314,19,-0.286232,862,137.19156094521378,-0.017953126056664825,-0.013947145331060418,-0.061979065239964444,-0.01074631020972094,P→Q
4037,807,R,663334,663314,663354,40,1.7402,862,137.19156094521378,0.18658164762438628,0.2198429065382155,0.2045347736810511,0.23379005186927593,Q→R
4038,807,S,663361,663354,663368,14,-0.11221800000000001,862,137.19156094521378,-0.003441177363998551,-0.006206004200789558,-0.19002282498838483,-0.22604891073900507,R→S
4039,807,T,663594,663444,663665,221,0.381341,862,137.19156094521378,-0.23942753690256838,0.14147998139300524,-0.23598635953856983,0.1476859855937948,S→T
4040,808,P,664076,664046,664119,73,0.159772,855,136.0774763435705,0.03615607142600554,0.00042915349579162855,0.2755836083285739,-0.14105082789721363,T→P
4041,808,Q,664179,664157,664188,31,-0.25144,855,136.0774763435705,-0.020572316394223734,-0.0185267358412588,-0.05672838782022928,-0.01895588933705043,P→Q
4042,808,R,664208,664188,664225,37,1.679291,855,136.0774763435705,0.16657428110630965,0.23554997756626736,0.1871465975005334,0.25407671340752613,Q→R
4043,808,S,664230,664225,664243,18,-0.107575,855,136.0774763435705,-0.002559103855731179,-0.005511363292897724,-0.16913338496204083,-0.24106134085916509,R→S
4044,808,T,664472,664322,664539,217,0.37436800000000003,855,136.0774763435705,-0.2378916238433911,0.10750991243347278,-0.23533251998765992,0.11302127572637051,S→T
4045,809,P,664931,664887,664961,74,0.169945,799,127.16479953042438,0.04264937809087464,-0.0006929850447703928,0.28054100193426573,-0.10820289747824317,T→P
4046,809,Q,665034,665016,665043,27,-0.23312899999999998,799,127.16479953042438,-0.019817041640756157,-0.020087360160753166,-0.0624664197316308,-0.019394375115982774,P→Q
4047,809,R,665057,665043,665083,40,1.6059709999999998,799,127.16479953042438,0.15599303732757255,0.2562507880038734,0.1758100789683287,0.2763381481646266,Q→R
4048,809,S,665087,665083,665092,9,-0.049274999999999985,799,127.16479953042438,-0.0006810483245392244,-0.0018718949067803756,-0.15667408565211177,-0.25812268291065377,R→S
4049,809,T,665331,665181,665399,218,0.350877,799,127.16479953042438,-0.2759575206256916,0.06508167492815184,-0.2752764723011524,0.06695356983493221,S→T
4050,810,P,665730,665686,665763,77,0.1757165,822,130.82536322153797,0.043673169000839555,-0.0009827985519937751,0.3196306896265312,-0.06606447348014562,T→P
4051,810,Q,665831,665817,665840,23,-0.2076415,822,130.82536322153797,-0.016122580452632183,-0.015251840715075723,-0.05979574945347174,-0.014269042163081948,P→Q
4052,810,R,665854,665840,665879,39,1.6726325,822,130.82536322153797,0.17043020201670736,0.2562736667733706,0.18655278246933954,0.27152550748844634,Q→R
4053,810,S,665884,665879,665890,11,-0.08467649999999999,822,130.82536322153797,-0.0015712502907022272,-0.0037736006290040288,-0.1720014523074096,-0.2600472674023746,R→S
4054,810,T,666129,665979,666379,400,0.40888250000000004,822,130.82536322153797,-0.34230288814919535,0.06104150744505896,-0.34073163785849314,0.06481510807406299,S→T
4055,811,P,666552,666523,666595,72,0.135708,859,136.7140961159381,0.03577872775606075,0.0010703170240124306,0.37808161590525613,-0.059971190421046525,T→P
4056,811,Q,666657,666634,666666,32,-0.29229900000000003,859,136.7140961159381,-0.019391306554384837,-0.018054100477238245,-0.05517003431044559,-0.019124417501250678,P→Q
4057,811,R,666687,666666,666704,38,1.723701,859,136.7140961159381,0.1637707743333801,0.2387533255045792,0.18316208088776495,0.25680742598181744,Q→R
4058,811,S,666710,666704,666720,16,-0.09335100000000002,859,136.7140961159381,-0.0026515709415138684,-0.006133699746415009,-0.16642234527489397,-0.2448870252509942,R→S
4059,811,T,666948,666798,667015,217,0.368282,859,136.7140961159381,-0.23610590638282825,0.10796066280919867,-0.2334543354413144,0.11409436255561367,S→T
4060,812,P,667411,667382,667453,71,0.131676,816,129.8704335629866,0.032794124389482864,0.00042128328266864457,0.2689000307723111,-0.10753937952653002,T→P
4061,812,Q,667516,667488,667525,37,-0.31316299999999997,816,129.8704335629866,-0.02448208588852017,-0.02405386855845424,-0.05727621027800303,-0.024475151841122884,P→Q
4062,812,R,667546,667525,667563,38,1.623377,816,129.8704335629866,0.1500414614070452,0.2424272585715184,0.17452354729556535,0.26648112712997263,Q→R
4063,812,S,667572,667563,667583,20,-0.10555899999999999,816,129.8704335629866,-0.0030898498141725054,-0.008980121447339725,-0.1531313112212177,-0.2514073800188581,R→S
4064,812,T,667807,667680,667871,191,0.328848,816,129.8704335629866,-0.21552244031518347,0.053572683249078976,-0.21243259050101096,0.0625528046964187,S→T
4065,813,P,668227,668199,668272,73,0.1464365,861,137.0324060021219,0.03465970634283503,0.0012320095595977894,0.2501821466580185,-0.052340673689481185,T→P
4066,813,Q,668333,668311,668342,31,-0.2850855,861,137.0324060021219,-0.018904988735373364,-0.017804688505192432,-0.053564695078208394,-0.019036698064790223,P→Q
4067,813,R,668363,668342,668386,44,1.6305904999999998,861,137.0324060021219,0.16155417977618244,0.23675470729867795,0.1804591685115558,0.2545593958038704,Q→R
4068,813,S,668391,668386,668396,10,-0.034532499999999994,861,137.0324060021219,-0.0005196292944353164,-0.0013160335853786822,-0.16207380907061775,-0.23807074088405664,R→S
4069,813,T,668625,668475,668875,400,0.4074215,861,137.0324060021219,-0.32715738130881356,0.08000841629984062,-0.3266377520143782,0.08132444988521931,S→T
4070,814,P,669088,669059,669132,73,0.1493585,915,145.62677292908424,0.04041854913364593,0.0013296827852710162,0.3675759304424595,-0.07867873351456961,T→P
4071,814,Q,669193,669171,669202,31,-0.2688085,915,145.62677292908424,-0.015152351919528882,-0.013066329837052405,-0.05557090105317482,-0.014396012622323422,P→Q
4072,814,R,669223,669202,669240,38,1.7280285,915,145.62677292908424,0.16849633646520423,0.21710732821091025,0.1836486883847331,0.23017365804796266,Q→R
4073,814,S,669246,669240,669255,15,-0.07219149999999999,915,145.62677292908424,-0.0020330668953773196,-0.003951975660697729,-0.17052940336058156,-0.221059303871608,R→S
4074,814,T,669484,669334,669572,238,0.4248445,915,145.62677292908424,-0.26462126065353764,0.17188069258300617,-0.26258819375816034,0.17583266824370392,S→T
4075,815,P,670003,669976,670050,74,0.1702225,882,140.3746598070517,0.03791829193573483,0.0016009902649866457,0.30253955258927245,-0.17027970231801953,T→P
4076,815,Q,670110,670087,670118,31,-0.2467975,882,140.3746598070517,-0.018102191752271624,-0.0164077788543884,-0.05602048368800645,-0.01800876911937505,P→Q
4077,815,R,670138,670118,670156,38,1.6491604999999998,882,140.3746598070517,0.1618137844357112,0.22597660665119051,0.17991597618798283,0.24238438550557892,Q→R
4078,815,S,670160,670156,670169,13,-0.0861375,882,140.3746598070517,-0.002057818330908229,-0.004330063145227569,-0.16387160276661944,-0.2303066697964181,R→S
4079,815,T,670402,670252,670489,237,0.3871495,882,140.3746598070517,-0.2525440006457325,0.12912275995577274,-0.2504861823148243,0.13345282310100032,S→T
4080,816,P,670885,670857,670929,72,0.13948149999999998,854,135.91832140047862,0.037298081635243015,0.0017850288920118129,0.2898420822809755,-0.12733773106376092,T→P
4081,816,Q,670991,670967,671000,33,-0.3070965,854,135.91832140047862,-0.0196617000062385,-0.018835839639248432,-0.056959781641481515,-0.020620868531260245,P→Q
4082,816,R,671021,671000,671045,45,1.6294435,854,135.91832140047862,0.15615892606968512,0.23666634551322294,0.17582062607592364,0.25550218515247136,Q→R
4083,816,S,671050,671045,671054,9,-0.07222850000000003,854,135.91832140047862,-0.0010045035150847634,-0.0026377188479238967,-0.1571634295847699,-0.23930406436114685,R→S
4084,816,T,671301,671151,671551,400,0.3801575,854,135.91832140047862,-0.30891997786096687,0.03997530620003357,-0.3079154743458821,0.04261302504795746,S→T
4085,817,P,671739,671694,671768,74,0.16791050000000002,879,139.897194977776,0.04420529278502859,-0.0023427791581621493,0.35312527064599547,-0.042318085358195714,T→P
4086,817,Q,671833,671824,671841,17,-0.25780349999999996,879,139.897194977776,-0.014973921777482404,-0.011763160654623213,-0.059179214562511,-0.009420381496461063,P→Q
4087,817,R,671863,671841,671884,43,1.7303415,879,139.897194977776,0.1845350659716085,0.22082456313502577,0.1995089877490909,0.23258772378964898,Q→R
4088,817,S,671888,671884,671895,11,-0.10702049999999999,879,139.897194977776,-0.0025503517130876395,-0.004636376655821687,-0.18708541768469614,-0.22546093979084747,R→S
4089,817,T,672139,671989,672207,218,0.3993015,879,139.897194977776,-0.25982067738197256,0.16045531112007913,-0.2572703256688849,0.16509168777590083,S→T
4090,818,P,672618,672573,672645,72,0.13717000000000001,863,137.35071588830567,0.03591370808658829,-0.002422030192236986,0.29573438546856085,-0.16287734131231613,T→P
4091,818,Q,672710,672700,672719,19,-0.28214399999999995,863,137.35071588830567,-0.01805910860054501,-0.014184409271466978,-0.0539728166871333,-0.011762379079229992,P→Q
4092,818,R,672739,672719,672759,40,1.732672,863,137.35071588830567,0.1849547425682149,0.2213009105873909,0.20301385116875992,0.23548531985885787,Q→R
4093,818,S,672766,672759,672772,13,-0.11397499999999999,863,137.35071588830567,-0.0033321630216671693,-0.0060855867461625905,-0.18828690558988206,-0.22738649733355348,R→S
4094,818,T,672998,672848,673084,236,0.38713,863,137.35071588830567,-0.25219055050860295,0.1479504757074946,-0.24885838748693578,0.15403606245365717,S→T
4095,819,P,673481,673451,673524,73,0.1365585,814,129.5521236768028,0.037745383062698576,0.0012276804932680662,0.28993593357130154,-0.14672279521422651,T→P
4096,819,Q,673585,673562,673594,32,-0.2885265,814,129.5521236768028,-0.019906800727167807,-0.01964523605131366,-0.05765218378986638,-0.02087291654458173,P→Q
4097,819,R,673615,673594,673638,44,1.6009954999999998,814,129.5521236768028,0.158465719803652,0.2516573118225881,0.1783725205308198,0.2713025478739018,Q→R
4098,819,S,673643,673638,673647,9,-0.031018500000000004,814,129.5521236768028,-0.00040578464518309783,-0.0012171029312322405,-0.1588715044488351,-0.25287441475382033,R→S
4099,819,T,673877,673727,673964,237,0.3859645,814,129.5521236768028,-0.3064769067969772,0.08302977363929533,-0.3060711221517941,0.08424687657052757,S→T
4100,820,P,674295,674251,674323,72,0.1487665,841,133.84930714028397,0.03755340313653768,-0.002497228733926503,0.3440303099335149,-0.08552700237322183,T→P
4101,820,Q,674388,674378,674396,18,-0.28042449999999997,841,133.84930714028397,-0.01729946890124793,-0.014202603750551643,-0.05485287203778561,-0.01170537501662514,P→Q
4102,820,R,674416,674396,674439,43,1.7216665,841,133.84930714028397,0.18628542611605609,0.2367546543006825,0.203584895017304,0.25095725805123414,Q→R
4103,820,S,674444,674439,674449,10,-0.08728450000000001,841,133.84930714028397,-0.001829332323873938,-0.0036955322167094204,-0.18811475843993003,-0.24045018651739192,R→S
4104,820,T,674675,674525,674763,238,0.40453549999999994,841,133.84930714028397,-0.297475582478744,0.15524158781676442,-0.29564625015487006,0.15893712003347385,S→T
4105,821,P,675136,675105,675181,76,0.158921,896,142.60282901033824,0.03653904111513334,0.000896046054717385,0.33401462359387735,-0.15434554176204704,T→P
4106,821,Q,675239,675219,675248,29,-0.23545999999999997,896,142.60282901033824,-0.018049337857458953,-0.01537490517398999,-0.05458837897259229,-0.016270951228707375,P→Q
4107,821,R,675268,675248,675285,37,1.67844,896,142.60282901033824,0.17081810479106727,0.22082866660451783,0.18886744264852623,0.23620357177850781,Q→R
4108,821,S,675290,675285,675299,14,-0.131066,896,142.60282901033824,-0.0032570783639660566,-0.006156883747777946,-0.17407518315503331,-0.22698555035229578,R→S
4109,821,T,675534,675384,675601,217,0.388018,896,142.60282901033824,-0.23233646481094944,0.14223041555875476,-0.2290793864469834,0.14838729930653272,S→T
4110,822,P,676032,675988,676060,72,0.1557215,840,133.69015219719208,0.03892797105755649,-0.002312322173352158,0.2712644358685059,-0.14454273773210694,T→P
4111,822,Q,676125,676114,676135,21,-0.29026450000000004,840,133.69015219719208,-0.019652994966280667,-0.016297155192323085,-0.05858096602383716,-0.013984833018970928,P→Q
4112,822,R,676155,676135,676175,40,1.6648085,840,133.69015219719208,0.17574215158224374,0.22561443108178725,0.1953951465485244,0.24191158627411033,Q→R
4113,822,S,676181,676175,676189,14,-0.13426549999999998,840,133.69015219719208,-0.003656812060797075,-0.0074908309434345895,-0.1793989636430408,-0.23310526202522183,R→S
4114,822,T,676432,676283,676480,197,0.3320295,840,133.69015219719208,-0.20421387583622663,0.08640918058215055,-0.20055706377542956,0.09390001152558514,S→T
4115,823,P,676872,676846,676918,72,0.14238499999999998,838,133.3718423110083,0.03337569410608059,0.0013472596566084228,0.23758956994230723,-0.08506192092554213,T→P
4116,823,Q,676979,676954,676988,34,-0.29664599999999997,838,133.3718423110083,-0.02140348342382779,-0.021089677126986256,-0.05477917752990838,-0.02243693678359468,P→Q
4117,823,R,677009,676988,677032,44,1.609707,838,133.3718423110083,0.1559282248947339,0.2451353324711718,0.17733170831856168,0.2662250095981581,Q→R
4118,823,S,677037,677032,677042,10,-0.042616,838,133.3718423110083,-0.0005949312827633338,-0.001704310565026317,-0.15652315617749724,-0.24683964303619813,R→S
4119,823,T,677271,677121,677359,238,0.37089,838,133.3718423110083,-0.28585050785376076,0.10110566866670953,-0.2852555765709974,0.10280997923173585,S→T
4120,824,P,677710,677666,677737,71,0.150191,859,136.7140961159381,0.03323724479730968,-0.0019263202047348099,0.3190877526510704,-0.10303198887144434,T→P
4121,824,Q,677804,677793,677813,20,-0.279,859,136.7140961159381,-0.018270890365199934,-0.014815862726828576,-0.05150813516250961,-0.012889542522093766,P→Q
4122,824,R,677834,677813,677854,41,1.706851,859,136.7140961159381,0.18049425677279382,0.22636416003506826,0.19876514713799376,0.24118002276189685,Q→R
4123,824,S,677858,677854,677866,12,-0.15951300000000002,859,136.7140961159381,-0.004120538336029071,-0.00791696811159459,-0.1846147951088229,-0.23428112814666285,R→S
4124,824,T,678109,677959,678158,199,0.37988,859,136.7140961159381,-0.22976127893869205,0.12085585567658147,-0.22564074060266298,0.12877282378817606,S→T
4125,825,P,678569,678541,678614,73,0.156886,879,139.897194977776,0.0340142089280686,0.000811144120634064,0.26377548786676064,-0.12004471155594741,T→P
4126,825,Q,678673,678653,678682,29,-0.245041,879,139.897194977776,-0.02008717603902191,-0.017750958768219804,-0.05410138496709051,-0.01856210288885387,P→Q
4127,825,R,678702,678682,678719,37,1.670042,879,139.897194977776,0.16722512289408156,0.227737944648777,0.18731229893310347,0.2454889034169968,Q→R
4128,825,S,678725,678719,678732,13,-0.129031,879,139.897194977776,-0.0030001358403342663,-0.006079273310314631,-0.17022525873441582,-0.23381721795909163,R→S
4129,825,T,678968,678818,679035,217,0.372629,879,139.897194977776,-0.23306606564469637,0.12608496208671785,-0.2300659298043621,0.13216423539703248,S→T
4130,826,P,679448,679418,679474,56,0.1566095,817,130.02958850607848,0.030418856626685746,-0.00026623129871739573,0.2634849222713821,-0.12635119338543524,T→P
4131,826,Q,679544,679532,679555,23,-0.25693449999999995,817,130.02958850607848,-0.019328781488266538,-0.0174410465317847,-0.04974763811495228,-0.017174815233067305,P→Q
4132,826,R,679569,679555,679595,40,1.6378405,817,130.02958850607848,0.16789539913154417,0.24173539747581144,0.1872241806198107,0.25917644400759615,Q→R
4133,826,S,679600,679595,679605,10,-0.0817725,817,130.02958850607848,-0.001580142654512644,-0.0036847950012377177,-0.1694755417860568,-0.24542019247704916,R→S
4134,826,T,679846,679696,679915,219,0.3671355,817,130.02958850607848,-0.2769599929778659,0.09173123019910258,-0.27537985032335327,0.0954160252003403,S→T
4135,827,P,680265,680220,680293,73,0.144698,819,130.3478983922623,0.04292125338106423,-0.003478626967010705,0.3198812463589301,-0.09520985716611328,T→P
4136,827,Q,680354,680332,680363,31,-0.278686,819,130.3478983922623,-0.01901068291558388,-0.015001638990660754,-0.06193193629664811,-0.01152301202365005,P→Q
4137,827,R,680385,680363,680406,43,1.707165,819,130.3478983922623,0.1918918166538816,0.24155729862518702,0.2109024995694655,0.25655893761584775,Q→R
4138,827,S,680413,680406,680416,10,-0.06409000000000001,819,130.3478983922623,-0.0013431097999250996,-0.0027807279266890534,-0.19323492645380672,-0.24433802655187606,R→S
4139,827,T,680645,680495,680733,238,0.39872799999999997,819,130.3478983922623,-0.31256401343628404,0.13952537465512152,-0.31122090363635896,0.14230610258181056,S→T
4140,828,P,681084,681037,681132,95,0.181247,882,140.3746598070517,0.04829672626946929,-0.0002713940029630595,0.36086073970575333,-0.13979676865808457,T→P
4141,828,Q,681185,681170,681195,25,-0.20096399999999998,882,140.3746598070517,-0.015939022206692306,-0.013719193399064472,-0.06423574847616159,-0.013447799396101412,P→Q
4142,828,R,681215,681195,681233,38,1.6769790000000002,882,140.3746598070517,0.1729682112336637,0.2278013005885077,0.188907233440356,0.24152049398757217,Q→R
4143,828,S,681238,681233,681244,11,-0.137743,882,140.3746598070517,-0.003292976572471884,-0.006419859927660952,-0.1762611878061356,-0.23422116051616865,R→S
4144,828,T,681483,681333,681571,238,0.406829,882,140.3746598070517,-0.26508254261182146,0.14593920697165882,-0.26178956603934955,0.15235906689931977,S→T
4145,829,P,681966,681938,682008,70,0.142089,835,132.89437748173262,0.030674275112716698,0.0006084374737361949,0.29575681772453816,-0.14533076949792262,T→P
4146,829,Q,682068,682047,682078,31,-0.26967800000000003,835,132.89437748173262,-0.02183979063615354,-0.020272053164707367,-0.05251406574887024,-0.020880490638443563,P→Q
4147,829,R,682098,682078,682116,38,1.578707,835,132.89437748173262,0.15992273798877477,0.2350113472122289,0.1817625286249283,0.25528340037693625,Q→R
4148,829,S,682119,682116,682133,17,-0.061482999999999996,835,132.89437748173262,-0.0018422493061315075,-0.004467229349195693,-0.16176498729490627,-0.2394785765614246,R→S
4149,829,T,682365,682215,682430,215,0.35206099999999996,835,132.89437748173262,-0.25001929397651534,0.09127499470830264,-0.24817704467038385,0.09574222405749833,S→T
4150,830,P,682801,682759,682828,69,0.15398250000000002,798,127.00564458733248,0.03402680374659544,-0.0016756173723512311,0.2840460977231108,-0.09295061208065387,T→P
4151,830,Q,682895,682862,682906,44,-0.3053575,798,127.00564458733248,-0.026457966001523624,-0.022792175035432866,-0.06048476974811906,-0.021116557663081636,P→Q
4152,830,R,682920,682906,682947,41,1.6537845,798,127.00564458733248,0.17090361468904117,0.2502886210958567,0.19736158069056478,0.27308079613128955,Q→R
4153,830,S,682951,682947,682958,11,-0.09368449999999999,798,127.00564458733248,-0.002046803015319107,-0.005119072577100244,-0.17295041770436026,-0.25540769367295696,R→S
4154,830,T,683200,683050,683450,400,0.38422649999999997,798,127.00564458733248,-0.32146998632856544,0.009894669156635718,-0.3194231833132463,0.015013741733735961,S→T
4155,831,P,683599,683572,683629,57,0.1551485,840,133.69015219719208,0.031621258722511786,0.00033008020808564,0.35309124505107725,-0.009564588948550078,T→P
4156,831,Q,683701,683684,683712,28,-0.23867750000000004,840,133.69015219719208,-0.020942363225794368,-0.019593437803395498,-0.052563621948306154,-0.019923518011481137,P→Q
4157,831,R,683731,683712,683748,36,1.6253555,840,133.69015219719208,0.1639289041316987,0.24252690232243784,0.18487126735749307,0.26212034012583335,Q→R
4158,831,S,683754,683748,683762,14,-0.1441245,840,133.69015219719208,-0.00330825817507377,-0.007618377084276196,-0.16723716230677246,-0.25014527940671405,R→S
4159,831,T,683999,683849,684066,217,0.3737755,840,133.69015219719208,-0.24379875973328985,0.09486374651529404,-0.24049050155821608,0.10248212359957024,S→T
4160,832,P,684439,684409,684472,63,0.153964,861,137.0324060021219,0.03275293439957049,7.007103069297786e-05,0.27655169413286035,-0.09479367548460106,T→P
4161,832,Q,684541,684525,684551,26,-0.20386800000000002,861,137.0324060021219,-0.016489564834078443,-0.014861519738127294,-0.049242499233648936,-0.014931590768820271,P→Q
4162,832,R,684570,684551,684588,37,1.675814,861,137.0324060021219,0.16981542720503282,0.23584674704629993,0.18630499203911127,0.2507082667844272,Q→R
4163,832,S,684593,684588,684600,12,-0.1395,861,137.0324060021219,-0.003264078992928481,-0.006821200310869457,-0.1730795061979613,-0.2426679473571694,R→S
4164,832,T,684838,684688,684926,238,0.419018,861,137.0324060021219,-0.2906084382577743,0.13155302397737287,-0.28734435926484586,0.13837422428824234,S→T
4165,833,P,685300,685270,685344,74,0.1597535,855,136.0774763435705,0.040206471052039394,0.001319107002989295,0.3308149093098137,-0.13023391697438358,T→P
4166,833,Q,685406,685382,685415,33,-0.2850855,855,136.0774763435705,-0.019725352193590374,-0.018610660626348658,-0.05993182324562977,-0.019929767629337954,P→Q
4167,833,R,685435,685415,685453,38,1.6955495,855,136.0774763435705,0.16096385716520759,0.2385296924810475,0.18068920935879795,0.25714035310739614,Q→R
4168,833,S,685462,685453,685468,15,-0.0722285,855,136.0774763435705,-0.0018769617246400753,-0.004552890604074155,-0.16284081888984767,-0.24308258308512165,R→S
4169,833,T,685697,685547,685765,218,0.3784185,855,136.0774763435705,-0.2607410340002379,0.11698678657753996,-0.2588640722755978,0.12153967718161411,S→T
4170,834,P,686155,686113,686183,70,0.164988,799,127.16479953042438,0.0354689606802752,-0.0015459779202094054,0.2962099946805131,-0.11853276449774935,T→P
4171,834,Q,686250,686239,686260,21,-0.296646,799,127.16479953042438,-0.020360969873027823,-0.018651217703482156,-0.05582993055330302,-0.01710523978327275,P→Q
4172,834,R,686275,686260,686301,41,1.635824,799,127.16479953042438,0.16842054721021565,0.24673567839623395,0.18878151708324348,0.2653868960997161,Q→R
4173,834,S,686306,686301,686313,12,-0.10295200000000002,799,127.16479953042438,-0.0023577844993546873,-0.0059333926218145434,-0.17077833170957035,-0.2526690710180485,R→S
4174,834,T,686538,686390,686604,214,0.31695399999999996,799,127.16479953042438,-0.23070872400520104,0.06959060983253361,-0.22835093950584634,0.07552400245434815,S→T
4175,835,P,686954,686927,686982,55,0.14209,800,127.32395447351627,0.02897297508072155,7.737329182023296e-05,0.2596816990859226,-0.06951323654071338,T→P
4176,835,Q,687052,687039,687064,25,-0.250552,800,127.32395447351627,-0.021009550387251878,-0.02047715661346608,-0.049982525467973424,-0.020554529905286313,P→Q
4177,835,R,687078,687064,687103,39,1.6772939999999998,800,127.32395447351627,0.16663737406505363,0.26375489383506345,0.18764692445230552,0.2842320504485295,Q→R
4178,835,S,687109,687103,687114,11,-0.075983,800,127.32395447351627,-0.0014718009451238656,-0.00393289078942475,-0.1681091750101775,-0.2676877846244882,R→S
4179,835,T,687354,687204,687419,215,0.341001,800,127.32395447351627,-0.25221887335728727,0.06572795981590272,-0.2507470724121634,0.06966085060532748,S→T
4180,836,P,687754,687725,687781,56,0.14007350000000002,858,136.5549411728462,0.023582442705945592,-0.00023556584048250778,0.2758013160632329,-0.06596352565638523,T→P
4181,836,Q,687855,687796,687865,69,-0.27169449999999995,858,136.5549411728462,-0.038957553113117493,-0.028836647278592226,-0.06253999581906308,-0.02860108143810972,P→Q
4182,836,R,687878,687865,687901,36,1.5917474999999999,858,136.5549411728462,0.16319686793232968,0.22378584113281702,0.20215442104544717,0.2526224884114092,Q→R
4183,836,S,687907,687901,687917,16,-0.1638225,858,136.5549411728462,-0.004658846209300375,-0.009734368111401975,-0.16785571414163006,-0.23352020924421898,R→S
4184,836,T,688153,688028,688201,173,0.3157895,858,136.5549411728462,-0.17368673316714078,0.07248832459291281,-0.1690278869578404,0.08222269270431479,S→T
4185,837,P,688612,688567,688659,92,0.1841685,882,140.3746598070517,0.049213109052530735,-0.0011375590221919627,0.22289984221967152,-0.07362588361510478,T→P
4186,837,Q,688707,688697,688717,20,-0.2502385,882,140.3746598070517,-0.015699296767462463,-0.01252247105989451,-0.06491240581999319,-0.011384912037702546,P→Q
4187,837,R,688737,688717,688757,40,1.6885945,882,140.3746598070517,0.17937208453215567,0.219503782133139,0.19507138129961812,0.23202625319303352,Q→R
4188,837,S,688761,688757,688769,12,-0.1400365,882,140.3746598070517,-0.0035643819856853746,-0.006482006039025386,-0.18293646651784104,-0.2259857881721644,R→S
4189,837,T,689011,688861,689261,400,0.4654255,882,140.3746598070517,-0.36710224530351065,0.12099749847908155,-0.3635378633178253,0.12747950451810694,S→T
4190,838,P,689494,689467,689536,69,0.133988,856,136.2366312866624,0.03000467062227218,0.0010172711961110273,0.39710691592578284,-0.11998022728297052,T→P
4191,838,Q,689599,689575,689608,33,-0.308557,856,136.2366312866624,-0.023078002517192914,-0.021340209064304807,-0.05308267313946509,-0.022357480260415834,P→Q
4192,838,R,689629,689608,689646,38,1.681918,856,136.2366312866624,0.15845045602837668,0.23266411453677122,0.1815284585455696,0.254004323601076,Q→R
4193,838,S,689652,689646,689665,19,-0.11830299999999999,856,136.2366312866624,-0.004088178074484765,-0.009733023556527177,-0.16253863410286146,-0.24239713809329838,R→S
4194,838,T,689890,689760,689956,196,0.333491,856,136.2366312866624,-0.20665805372353477,0.0793445166791395,-0.20256987564905,0.08907754023566668,S→T
4195,839,P,690350,690323,690381,58,0.14993199999999998,779,123.98170066858647,0.0342043319227925,0.000462647452632476,0.24086238564632728,-0.07888186922650703,T→P
4196,839,Q,690454,690434,690463,29,-0.243894,779,123.98170066858647,-0.020563362054328894,-0.021758366522207175,-0.05476769397712139,-0.02222101397483965,P→Q
4197,839,R,690476,690463,690501,38,1.56158,779,123.98170066858647,0.1501987049774854,0.26259144136089985,0.1707620670318143,0.28434980788310704,Q→R
4198,839,S,690506,690501,690514,13,-0.06466300000000003,779,123.98170066858647,-0.0011386583998719746,-0.003557093771284418,-0.15133736337735737,-0.2661485351321843,R→S
4199,839,T,690749,690599,690817,218,0.349435,779,123.98170066858647,-0.2688932328029891,0.036663699459917,-0.2677545744031171,0.04022079323120142,S→T
4200,840,P,691129,691098,691176,78,0.178638,840,133.69015219719208,0.04949002194649158,0.001900717911006256,0.3183832547494807,-0.03476298154891075,T→P
4201,840,Q,691233,691215,691242,27,-0.22621200000000002,840,133.69015219719208,-0.015108562919188539,-0.014489124795418697,-0.06459858486568013,-0.01638984270642495,P→Q
4202,840,R,691262,691242,691282,40,1.669155,840,133.69015219719208,0.16989880524395023,0.254797596423195,0.18500736816313879,0.2692867212186137,Q→R
4203,840,S,691285,691282,691290,8,-0.043504000000000015,840,133.69015219719208,-0.0005752217678621164,-0.001335065790233385,-0.17047402701181236,-0.2561326622134284,R→S
4204,840,T,691527,691377,691777,400,0.405405,840,133.69015219719208,-0.32818747905032225,0.06999644429337076,-0.32761225728246013,0.07133151008360415,S→T
4205,841,P,691969,691940,692014,74,0.163823,839,133.53099725410019,0.03845185834454484,0.0010912497505602495,0.3666393373948671,-0.06890519454281051,T→P
4206,841,Q,692073,692052,692081,29,-0.253753,839,133.53099725410019,-0.01933224704511387,-0.01815587801252745,-0.05778410538965871,-0.0192471277630877,P→Q
4207,841,R,692102,692081,692119,38,1.69148,839,133.53099725410019,0.16677987760073487,0.24794086329565257,0.18611212464584875,0.26609674130818,Q→R
4208,841,S,692124,692119,692132,13,-0.10526299999999997,839,133.53099725410019,-0.002192007861178878,-0.005064033686667264,-0.16897188546191375,-0.2530048969823198,R→S
4209,841,T,692366,692216,692453,237,0.40279699999999996,839,133.53099725410019,-0.28327793542757945,0.10445977973242038,-0.28108592756640055,0.10952381341908764,S→T
4210,842,P,692808,692778,692853,75,0.15951300000000002,877,139.5788850915922,0.04436914696645312,0.0018038303072922194,0.32764708239403256,-0.10265594942512815,T→P
4211,842,Q,692914,692892,692922,30,-0.260393,877,139.5788850915922,-0.015896746513968905,-0.014638493693459015,-0.06026589348042202,-0.016442324000751234,P→Q
4212,842,R,692944,692922,692963,41,1.741069,877,139.5788850915922,0.16801645529713122,0.23694344035328038,0.18391320181110013,0.2515819340467394,Q→R
4213,842,S,692970,692963,692975,12,-0.041765,877,139.5788850915922,-0.0009670729083120189,-0.0021570413468544134,-0.16898352820544324,-0.2391004817001348,R→S
4214,842,T,693206,693056,693293,237,0.423975,877,139.5788850915922,-0.2922205582363836,0.14585070404748446,-0.2912534853280716,0.14800774539433886,S→T
4215,843,P,693685,693655,693712,57,0.1420895,817,130.02958850607848,0.028691544103641803,-0.0004265109622685104,0.32091210234002543,-0.14627721500975296,T→P
4216,843,Q,693781,693748,693792,44,-0.2772245,817,130.02958850607848,-0.027714833889280373,-0.02332738085042924,-0.056406377992922176,-0.02290086988816073,P→Q
4217,843,R,693805,693792,693831,39,1.5960945,817,130.02958850607848,0.1627076489382476,0.23208586844798293,0.19042248282752797,0.2554132492984122,Q→R
4218,843,S,693837,693831,693844,13,-0.1264415,817,130.02958850607848,-0.00339420296957388,-0.007907796470500512,-0.16610185190782148,-0.23999366491848345,R→S
4219,843,T,694083,693957,694131,174,0.3010115,817,130.02958850607848,-0.18323139204898875,0.051669601757913325,-0.17983718907941487,0.05957739822841383,S→T
4220,844,P,694502,694459,694532,73,0.18444700000000003,859,136.7140961159381,0.04616374565540385,-0.001785876346292678,0.2293951377043926,-0.053455478104206006,T→P
4221,844,Q,694597,694587,694606,19,-0.248222,859,136.7140961159381,-0.015176532461351049,-0.012547753460786773,-0.061340278116754895,-0.010761877114494096,P→Q
4222,844,R,694626,694606,694648,42,1.717875,859,136.7140961159381,0.18287419516266898,0.23403986957403072,0.19805072762402004,0.2465876230348175,Q→R
4223,844,S,694652,694648,694659,11,-0.107871,859,136.7140961159381,-0.002309436471754152,-0.004568721162988086,-0.18518363163442314,-0.23860859073701882,R→S
4224,844,T,694902,694752,695152,400,0.445431,859,136.7140961159381,-0.38373410276383196,0.07023659115714061,-0.38142466629207783,0.07480531232012869,S→T
4225,845,P,695361,695315,695390,75,0.177159,883,140.5338147501436,0.044210845241193716,-0.0025063953756564675,0.4279449480050257,-0.07274298653279708,T→P
4226,845,Q,695454,695445,695463,18,-0.268827,883,140.5338147501436,-0.016437390428123592,-0.012707606654675414,-0.060648235669317305,-0.010201211279018947,P→Q
4227,845,R,695484,695463,695504,41,1.7396260000000001,883,140.5338147501436,0.18559462800455678,0.2174441584659118,0.20203201843268037,0.23015176512058722,Q→R
4228,845,S,695510,695504,695516,12,-0.12093,883,140.5338147501436,-0.0030806683694491466,-0.005425538010657394,-0.18867529637400593,-0.2228696964765692,R→S
4229,845,T,695761,695611,696011,400,0.434703,883,140.5338147501436,-0.33435129540067665,0.12798393873657227,-0.3312706270312275,0.13340947674722967,S→T
4230,846,P,696244,696214,696287,73,0.131362,838,133.3718423110083,0.039038920582177845,0.0013757894567248703,0.3733902159828545,-0.1266081492798474,T→P
4231,846,Q,696349,696322,696359,37,-0.303045,838,133.3718423110083,-0.02208534499070945,-0.02126117764343146,-0.06112426557288729,-0.02263696710015633,P→Q
4232,846,R,696379,696359,696400,41,1.645073,838,133.3718423110083,0.15366994255083044,0.2388446166291499,0.17575528754153988,0.26010579427258135,Q→R
4233,846,S,696407,696400,696414,14,-0.095996,838,133.3718423110083,-0.002019153111085262,-0.005488211273105678,-0.15568909566191572,-0.24433282790225558,R→S
4234,846,T,696659,696509,696708,199,0.34362699999999996,838,133.3718423110083,-0.2370879965212718,0.07988338490255395,-0.23506884341018652,0.08537159617565963,S→T
4235,847,P,697082,697051,697125,74,0.14122,875,139.26057520540843,0.034192283990086364,0.00047875475232104614,0.27128028051135816,-0.0794046301502329,T→P
4236,847,Q,697186,697164,697195,31,-0.278686,875,139.26057520540843,-0.01968797393688323,-0.01749744074463193,-0.0538802579269696,-0.017976195496952976,P→Q
4237,847,R,697216,697195,697234,39,1.659592,875,139.26057520540843,0.1663735264180932,0.2285412213552194,0.18606150035497643,0.2460386620998513,Q→R
4238,847,S,697243,697234,697249,15,-0.040304000000000006,875,139.26057520540843,-0.0013406235373762468,-0.0029100033420238814,-0.16771414995546943,-0.23145122469724327,R→S
4239,847,T,697479,697329,697547,218,0.359885,875,139.26057520540843,-0.2330675567621556,0.12414810275633975,-0.23172693322477936,0.12705810609836363,S→T
4240,848,P,697957,697927,697992,65,0.168502,899,143.08029383961392,0.03466951111903744,0.00016151658123988083,0.26773706788119306,-0.12398658617509987,T→P
4241,848,Q,698060,698043,698070,27,-0.221254,899,143.08029383961392,-0.017380267703732157,-0.014825798164167476,-0.05204977882276959,-0.014987314745407357,P→Q
4242,848,R,698089,698070,698107,37,1.67119,899,143.08029383961392,0.16976501436283456,0.21972057856460117,0.18714528206656672,0.23454637672876866,Q→R
4243,848,S,698112,698107,698118,11,-0.12440700000000002,899,143.08029383961392,-0.002807581670767119,-0.0052747626792964885,-0.17257259603360167,-0.22499534124389767,R→S
4244,848,T,698357,698207,698425,218,0.41498599999999997,899,143.08029383961392,-0.2574219277212706,0.16178095402135792,-0.2546143460505035,0.16705571670065442,S→T
4245,849,P,698856,698812,698884,72,0.16038249999999998,878,139.7380400346841,0.0373362803183906,-0.0019703912960576486,0.2947582080396612,-0.16375134531741556,T→P
4246,849,Q,698951,698938,698961,23,-0.2809795,878,139.7380400346841,-0.019564559898413464,-0.015639871123902124,-0.05690084021680406,-0.013669479827844475,P→Q
4247,849,R,698980,698961,699000,39,1.6845255000000001,878,139.7380400346841,0.17505064773145776,0.21431252933042075,0.19461520762987122,0.22995240045432286,Q→R
4248,849,S,699005,699000,699014,14,-0.1638235,878,139.7380400346841,-0.0047827902527827594,-0.0088282341598532,-0.1798334379842405,-0.22314076349027395,R→S
4249,849,T,699255,699127,699302,175,0.2995495,878,139.7380400346841,-0.15475529664436716,0.08331912692917513,-0.1499725063915844,0.09214736108902834,S→T
4250,850,P,699734,699691,699763,72,0.16326749999999998,819,130.3478983922623,0.04093033941460505,-0.0018117182672922727,0.1956856360589722,-0.08513084519646741,T→P
4251,850,Q,699827,699817,699837,20,-0.28097950000000005,819,130.3478983922623,-0.018415183349311286,-0.015880649255833035,-0.05934552276391633,-0.014068930988540763,P→Q
4252,850,R,699855,699837,699880,43,1.6352514999999999,819,130.3478983922623,0.17555477275046927,0.23915007233162922,0.19396995609978054,0.25503072158746226,Q→R
4253,850,S,699886,699880,699890,10,-0.07045250000000003,819,130.3478983922623,-0.0016004366740278169,-0.003631278525146933,-0.17715520942449708,-0.24278135085677616,R→S
4254,850,T,700134,699984,700202,218,0.3656925,819,130.3478983922623,-0.26983494395707314,0.09714072759450341,-0.2682345072830453,0.10077200611965034,S→T
4255,851,P,700553,700510,700582,72,0.15660949999999998,839,133.53099725410019,0.03868799314037462,-0.0021908119779939996,0.30852293709744777,-0.09933153957249742,T→P
4256,851,Q,700647,700637,700656,19,-0.2592645,839,133.53099725410019,-0.01631288207272116,-0.013656171897515813,-0.05500087521309578,-0.011465359919521814,P→Q
4257,851,R,700677,700656,700698,42,1.7051304999999999,839,133.53099725410019,0.18424455764556882,0.24088686198124487,0.20055743971829,0.2545430338787607,Q→R
4258,851,S,700702,700698,700709,11,-0.09627350000000001,839,133.53099725410019,-0.0019797429486349953,-0.004107864558070487,-0.1862243005942038,-0.24499472653931537,R→S
4259,851,T,700952,700802,701202,400,0.42162649999999996,839,133.53099725410019,-0.36079566946170605,0.07187645172423703,-0.35881592651307104,0.0759843162823075,S→T
4260,852,P,701392,701348,701420,72,0.1702225,864,137.50987083139756,0.0398708096077417,-0.0017052441205280089,0.40066647906944775,-0.07358169584476504,T→P
4261,852,Q,701487,701477,701498,21,-0.2531605,864,137.50987083139756,-0.01716568967759675,-0.014149828547499453,-0.05703649928533845,-0.012444584426971444,P→Q
4262,852,R,701518,701498,701537,39,1.7135275,864,137.50987083139756,0.17974026733030887,0.2295549037833316,0.1969059570079056,0.24370473233083106,Q→R
4263,852,S,701541,701537,701549,12,-0.1394815,864,137.50987083139756,-0.0035022264650497953,-0.006777414723777826,-0.18324249379535867,-0.23633231850710942,R→S
4264,852,T,701791,701641,701860,219,0.39698849999999997,864,137.50987083139756,-0.26632019093751796,0.1353346917158835,-0.2628179644724682,0.14211210643966132,S→T
4265,853,P,702256,702228,702278,50,0.108463,817,130.02958850607848,0.022217797245697484,8.60357353698965e-05,0.28853798818321547,-0.1352486559805136,T→P
4266,853,Q,702359,702294,702369,75,-0.339298,817,130.02958850607848,-0.04150407742717718,-0.0335588261922736,-0.06372187467287467,-0.033644861927643495,P→Q
4267,853,R,702390,702369,702406,37,1.616366,817,130.02958850607848,0.15058264965309417,0.23917389188575905,0.19208672708027136,0.2727327180780327,Q→R
4268,853,S,702417,702406,702428,22,-0.13687299999999997,817,130.02958850607848,-0.004260956211825767,-0.012106831669451553,-0.15484360586491994,-0.2512807235552106,R→S
4269,853,T,702670,702541,702702,161,0.267348,817,130.02958850607848,-0.16368813667706653,0.03757717922425958,-0.15942718046524076,0.049684010893711134,S→T
4270,854,P,703073,703043,703116,73,0.14673200000000003,855,136.0774763435705,0.03795667541969179,0.0008377569446043826,0.20164481209675833,-0.036739422279655196,T→P
4271,854,Q,703177,703154,703186,32,-0.30102899999999994,855,136.0774763435705,-0.0201260718165561,-0.01861477498947917,-0.058082747236247886,-0.019452531934083552,P→Q
4272,854,R,703208,703186,703232,46,1.649456,855,136.0774763435705,0.16438186797271034,0.2386953244608529,0.18450793978926644,0.25731009945033206,Q→R
4273,854,S,703236,703232,703239,7,-0.022621000000000002,855,136.0774763435705,-0.00023897766082233297,-0.0006025306351067706,-0.1646208456335327,-0.23929785509595966,R→S
4274,854,T,703469,703319,703719,400,0.41408,855,136.0774763435705,-0.3702246240738187,0.06289706860272119,-0.36998564641299636,0.06349959923782797,S→T
4275,855,P,703928,703882,703976,94,0.196025,878,139.7380400346841,0.05324289558921885,-0.001134126717887963,0.42346751966303753,-0.06403119532060915,T→P
4276,855,Q,704022,704014,704031,17,-0.22968900000000003,878,139.7380400346841,-0.01327726390577651,-0.010564677312963199,-0.06652015949499536,-0.009430550595075235,P→Q
4277,855,R,704052,704031,704073,42,1.743399,878,139.7380400346841,0.18687897238333112,0.2278053855511315,0.20015623628910764,0.2383700628640947,Q→R
4278,855,S,704077,704073,704083,10,-0.12296499999999999,878,139.7380400346841,-0.0026490254888456998,-0.0048383313922828654,-0.18952799787217683,-0.23264371694341437,R→S
4279,855,T,704327,704177,704577,400,0.434407,878,139.7380400346841,-0.3211861600078975,0.12316830987873371,-0.3185371345190518,0.12800664127101657,S→T
4280,856,P,704806,704762,704839,77,0.18413200000000002,879,139.897194977776,0.04333252919808029,-0.0010579471533305768,0.3645186892059778,-0.12422625703206429,T→P
4281,856,Q,704907,704893,704917,24,-0.212542,879,139.897194977776,-0.016799239405860325,-0.01450274900265051,-0.060131768603940615,-0.013444801849319933,P→Q
4282,856,R,704937,704917,704954,37,1.6613310000000001,879,139.897194977776,0.171339906235467,0.2258432653999307,0.18813914564132733,0.2403460144025812,Q→R
4283,856,S,704959,704954,704966,12,-0.136596,879,139.897194977776,-0.0034291897231272903,-0.006710450868329906,-0.17476909595859427,-0.2325537162682606,R→S
4284,856,T,705207,705057,705273,216,0.39351200000000003,879,139.897194977776,-0.24800783527838036,0.13507456353399372,-0.24457864555525308,0.14178501440232363,S→T
4285,857,P,705685,705675,705713,38,0.145549,840,133.69015219719208,0.019868925336939548,0.0009701394512788688,0.2678767606153199,-0.13410442408271486,T→P
4286,857,Q,705785,705746,705795,49,-0.24590999999999996,840,133.69015219719208,-0.0270060602636587,-0.0227129202876168,-0.046874985600598246,-0.02368305973889567,P→Q
4287,857,R,705808,705795,705833,38,1.600737,840,133.69015219719208,0.15948163684939026,0.2264414646518024,0.18648769711304897,0.2491543849394192,Q→R
4288,857,S,705840,705833,705846,13,-0.10322799999999999,840,133.69015219719208,-0.002674513331370926,-0.005993422345296325,-0.16215615018076118,-0.23243488699709872,R→S
4289,857,T,706085,705958,706149,191,0.292299,840,133.69015219719208,-0.1824884576075937,0.06337427763410329,-0.17981394427622277,0.06936769997939962,S→T
4290,858,P,706525,706479,706553,74,0.1751615,881,140.2155048639598,0.040737076060592556,-0.0018657435837061067,0.22322553366818626,-0.06524002121780939,T→P
4291,858,Q,706620,706610,706630,20,-0.2267665,881,140.2155048639598,-0.014512824864866977,-0.01156954748798479,-0.05524990092545953,-0.009703803904278682,P→Q
4292,858,R,706647,706630,706670,40,1.6865415,881,140.2155048639598,0.18206831045270333,0.22290807462606463,0.19658113531757032,0.2344776221140494,Q→R
4293,858,S,706674,706670,706682,12,-0.1020635,881,140.2155048639598,-0.0027016993121872497,-0.0049574197809583815,-0.18477000976489058,-0.227865494407023,R→S
4294,858,T,706923,706773,707173,400,0.4204605,881,140.2155048639598,-0.3151706602592306,0.11846582998306478,-0.31246896094704335,0.12342324976402316,S→T
4295,859,P,707406,707376,707450,74,0.154556,894,142.28451912415443,0.04394427288456622,0.001780121232719064,0.3591149331437968,-0.11668570875034572,T→P
4296,859,Q,707511,707502,707521,19,-0.27519000000000005,894,142.28451912415443,-0.015109705483572766,-0.013882966093290644,-0.059053978368138985,-0.015663087326009708,P→Q
4297,859,R,707542,707521,707560,39,1.7396260000000001,894,142.28451912415443,0.16518059199156224,0.22590723448466932,0.180290297475135,0.23979020057795997,Q→R
4298,859,S,707564,707560,707574,14,-0.075687,894,142.28451912415443,-0.002058879816847638,-0.004346363711448955,-0.16723947180840987,-0.23025359819611826,R→S
4299,859,T,707805,707655,707910,255,0.416133,894,142.28451912415443,-0.2930894342088601,0.15704374450939707,-0.2910305543920124,0.161390108220846,S→T
4300,860,P,708300,708271,708328,57,0.147324,819,130.3478983922623,0.027528229998398924,-0.0002535317667451192,0.320617664207259,-0.15729727627614218,T→P
4301,860,Q,708397,708382,708409,27,-0.287083,819,130.3478983922623,-0.022958255630654765,-0.021000394777090203,-0.05048648562905369,-0.020746863010345083,P→Q
4302,860,R,708422,708409,708447,38,1.607691,819,130.3478983922623,0.1616962032000691,0.23552988323686033,0.18465445883072387,0.25653027801395056,Q→R
4303,860,S,708453,708447,708460,13,-0.126423,819,130.3478983922623,-0.003289064459900553,-0.007861679885529289,-0.16498526765996965,-0.24339156312238963,R→S
4304,860,T,708701,708551,708752,201,0.342757,819,130.3478983922623,-0.2217869859406447,0.0678427592830063,-0.21849792148074415,0.07570443916853559,S→T
4305,861,P,709119,709074,709168,94,0.19310249999999998,859,136.7140961159381,0.05903480896069181,0.0010160100161407059,0.2808217949013365,-0.06682674926686559,T→P
4306,861,Q,709222,709207,709230,23,-0.1792305,859,136.7140961159381,-0.011725418885030986,-0.010798750269409643,-0.07076022784572279,-0.01181476028555035,P→Q
4307,861,R,709245,709230,709272,42,1.7039275,859,136.7140961159381,0.1772185009942355,0.25077660572281757,0.18894391987926648,0.2615753559922272,Q→R
4308,861,S,709275,709272,709278,6,-0.029594500000000024,859,136.7140961159381,-0.00030719803664624795,-0.0006673163093766371,-0.17752569903088175,-0.25144392203219423,R→S
4309,861,T,709519,709369,709769,400,0.46977250000000004,859,136.7140961159381,-0.4172585945803988,0.0775247762851716,-0.4169513965437526,0.07819209259454823,S→T
4310,862,P,709978,709950,710011,61,0.1563135,918,146.10423775835991,0.03033243588296404,0.0004378230700043263,0.44759103046336285,-0.07708695321516727,T→P
4311,862,Q,710083,710063,710092,29,-0.24154549999999997,918,146.10423775835991,-0.019076449438348287,-0.01595596447978197,-0.049408885321312324,-0.016393787549786296,P→Q
4312,862,R,710111,710092,710128,36,1.6613305,918,146.10423775835991,0.16652243557801358,0.21040304216777356,0.18559888501636188,0.22635900664755554,Q→R
4313,862,S,710134,710128,710144,16,-0.14181249999999998,918,146.10423775835991,-0.0037745982571962657,-0.006896300831121715,-0.17029703383520983,-0.21729934299889528,R→S
4314,862,T,710377,710227,710444,217,0.3772715,918,146.10423775835991,-0.20458777673516246,0.12953297934209507,-0.2008131784779662,0.1364292801732168,S→T
4315,863,P,710896,710852,710923,71,0.15226299999999998,878,139.7380400346841,0.03358879035333199,-0.0018903420120840637,0.23817656708849444,-0.13142332135417914,T→P
4316,863,Q,710989,710978,710999,21,-0.307078,878,139.7380400346841,-0.019920825620941624,-0.015623723563664605,-0.05350961597427362,-0.013733381551580541,P→Q
4317,863,R,711019,710999,711040,41,1.6375629999999999,878,139.7380400346841,0.17386728768273144,0.20751568517385166,0.19378811330367307,0.22313940873751625,Q→R
4318,863,S,711044,711040,711053,13,-0.13543100000000002,878,139.7380400346841,-0.0038391441947844846,-0.007021461182686382,-0.17770643187751592,-0.21453714635653803,R→S
4319,863,T,711295,711147,711343,196,0.322171,878,139.7380400346841,-0.1763461204777893,0.09998421986204743,-0.17250697628300482,0.10700568104473382,S→T
4320,864,P,711774,711732,711802,70,0.160068,879,139.897194977776,0.038114161465093194,-0.0018088430032151452,0.2144602819428825,-0.10179306286526257,T→P
4321,864,Q,711868,711857,711877,20,-0.279555,879,139.897194977776,-0.017334380428337296,-0.013636448048684684,-0.055448541893430486,-0.01182760504546954,P→Q
4322,864,R,711894,711877,711919,42,1.667417,879,139.897194977776,0.18022986336606295,0.2159098531647036,0.19756424379440024,0.2295463012133883,Q→R
4323,864,S,711923,711919,711930,11,-0.09163099999999999,879,139.897194977776,-0.0022403176055034437,-0.0041377446144326615,-0.1824701809715664,-0.22004759777913627,R→S
4324,864,T,712174,712024,712246,222,0.387426,879,139.897194977776,-0.25307815186712074,0.14803632156335655,-0.2508378342616173,0.15217406617778922,S→T
4325,865,P,712653,712610,712681,71,0.176622,918,146.10423775835991,0.04001781469553474,-0.0018341200745296599,0.29309596656265546,-0.1498704416378862,T→P
4326,865,Q,712747,712737,712756,19,-0.267625,918,146.10423775835991,-0.016318569844004628,-0.012095858875563343,-0.05633638453953937,-0.010261738801033683,P→Q
4327,865,R,712777,712756,712797,41,1.719336,918,146.10423775835991,0.18200361486431463,0.20264781879618596,0.19832218470831925,0.2147436776717493,Q→R
4328,865,S,712801,712797,712809,12,-0.14003600000000002,918,146.10423775835991,-0.003638441808359278,-0.0059193759930572035,-0.18564205667267392,-0.20856719478924315,R→S
4329,865,T,713052,712902,713140,238,0.424253,918,146.10423775835991,-0.2509363138015179,0.1854859303914572,-0.24729787199315859,0.1914053063845144,S→T
4330,866,P,713571,713525,713600,75,0.1864625,898,142.92113889652202,0.04397933969779391,-0.0019055920559783435,0.2949156534993118,-0.18739152244743554,T→P
4331,866,Q,713667,713657,713678,21,-0.23055849999999997,898,142.92113889652202,-0.015480412972059715,-0.012338774397996178,-0.05945975266985363,-0.010433182342017835,P→Q
4332,866,R,713697,713678,713718,40,1.6862645,898,142.92113889652202,0.17687762574420876,0.214283608885484,0.19235803871626847,0.2266223832834802,Q→R
4333,866,S,713721,713718,713729,11,-0.1331185,898,142.92113889652202,-0.0035094885932016218,-0.006272526246479594,-0.1803871143374104,-0.2205561351319636,R→S
4334,866,T,713971,713821,714037,216,0.38655649999999997,898,142.92113889652202,-0.23188430331708282,0.1484555268303909,-0.2283748147238812,0.1547280530768705,S→T
4335,867,P,714469,714426,714498,72,0.153114,839,133.53099725410019,0.04345303639438075,-0.002756997392179804,0.27533733971146357,-0.1512125242225707,T→P
4336,867,Q,714560,714551,714569,18,-0.28010999999999997,839,133.53099725410019,-0.017237161547390606,-0.013959622288021275,-0.06069019794177136,-0.011202624895841472,P→Q
4337,867,R,714590,714569,714614,45,1.663384,839,133.53099725410019,0.18592480751273027,0.23152158619505597,0.20316196906012088,0.24548120848307725,Q→R
4338,867,S,714619,714615,714622,7,-0.049310999999999994,839,133.53099725410019,-0.0007440165032670614,-0.0015214847061030673,-0.18666882401599733,-0.23304307090115903,R→S
4339,867,T,714869,714719,715119,400,0.40252,839,133.53099725410019,-0.3434116803799038,0.061173441348873835,-0.3426676638766368,0.0626949260549769,S→T
4340,868,P,715308,715264,715337,73,0.1653025,879,139.897194977776,0.04214951417524551,-0.001733023050535474,0.38556119455514937,-0.0629064643994093,T→P
4341,868,Q,715405,715393,715415,22,-0.2435795,879,139.897194977776,-0.016626492186093626,-0.013560388152362258,-0.05877600636133914,-0.011827365101826784,P→Q
4342,868,R,715434,715415,715454,39,1.6824915,879,139.897194977776,0.17673458877563256,0.22238960631367777,0.1933610809617262,0.23594999446604004,Q→R
4343,868,S,715459,715454,715467,13,-0.1385935,879,139.897194977776,-0.0036306779026836185,-0.006852212226527016,-0.18036526667831618,-0.22924181854020478,R→S
4344,868,T,715708,715558,715776,218,0.4036475,879,139.897194977776,-0.26153508661117897,0.1473907788672397,-0.25790440870849535,0.1542429910937667,S→T
4345,869,P,716187,716157,716233,76,0.16817,918,146.10423775835991,0.03774403548522962,0.0009665912266642777,0.2992791220964086,-0.1464241876405754,T→P
4346,869,Q,716291,716273,716299,26,-0.215742,918,146.10423775835991,-0.016596531519809967,-0.013771652547910268,-0.054340567005039586,-0.014738243774574545,P→Q
4347,869,R,716319,716299,716337,38,1.685987,918,146.10423775835991,0.17201878084249542,0.21465586279823007,0.1886153123623054,0.22842751534614034,Q→R
4348,869,S,716342,716337,716349,12,-0.119487,918,146.10423775835991,-0.002617263604131214,-0.004684890565427699,-0.17463604444662664,-0.21934075336365777,R→S
4349,869,T,716586,716436,716674,238,0.417576,918,146.10423775835991,-0.25355500231820194,0.16172711408737653,-0.2509377387140707,0.16641200465280423,S→T
4350,870,P,717105,717061,717135,74,0.162398,858,136.5549411728462,0.03797619320153346,-0.0007794562611921073,0.2915311955197354,-0.16250657034856864,T→P
4351,870,Q,717204,717191,717215,24,-0.233129,858,136.5549411728462,-0.019300359459539587,-0.017008296132633022,-0.05727655266107305,-0.016228839871440914,P→Q
4352,870,R,717228,717215,717254,39,1.625096,858,136.5549411728462,0.16624549398098246,0.22651365273246285,0.18554585344052205,0.24352194886509587,Q→R
4353,870,S,717258,717254,717265,11,-0.08870900000000001,858,136.5549411728462,-0.0021438035410793906,-0.00449484458557723,-0.16838929752206186,-0.23100849731804007,R→S
4354,870,T,717505,717355,717572,217,0.360754,858,136.5549411728462,-0.23789926239899306,0.10679108533534717,-0.23575545885791366,0.1112859299209244,S→T
4355,871,P,717963,717920,718011,91,0.1710915,859,136.7140961159381,0.04642679883758777,-0.0010543063581771777,0.28432606123658083,-0.10784539169352435,T→P
4356,871,Q,718057,718047,718065,18,-0.2743395,859,136.7140961159381,-0.015806654746971124,-0.012779292080194878,-0.062233453584558895,-0.0117249857220177,P→Q
4357,871,R,718083,718065,718110,45,1.6935335,859,136.7140961159381,0.18491588887355923,0.2301425008613612,0.20072254362053035,0.24292179294155608,Q→R
4358,871,S,718112,718110,718118,8,-0.0632205,859,136.7140961159381,-0.001209856725632018,-0.002378208555166794,-0.18612574559919123,-0.232520709416528,R→S
4359,871,T,718363,718213,718452,239,0.38568749999999996,859,136.7140961159381,-0.29362259638521676,0.14530361805566686,-0.29241273965958475,0.14768182661083365,S→T
4360,872,P,718822,718778,718850,72,0.1496545,918,146.10423775835991,0.03557363047653611,-0.0020979122638107054,0.32919622686175287,-0.14740153031947756,T→P
4361,872,Q,718915,718903,718924,21,-0.2888215,918,146.10423775835991,-0.018203322602387554,-0.013240869130723124,-0.05377695307892366,-0.01114295686691242,P→Q
4362,872,R,718945,718924,718964,40,1.7062775,918,146.10423775835991,0.18163388218608745,0.19841421729739014,0.199837204788475,0.21165508642811326,Q→R
4363,872,S,718970,718964,718978,14,-0.1368545,918,146.10423775835991,-0.004089009399387322,-0.006559867823019098,-0.18572289158547478,-0.20497408512040924,R→S
4364,872,T,719222,719072,719272,200,0.37120549999999997,918,146.10423775835991,-0.19805533277449053,0.1515854394597742,-0.1939663233751032,0.1581453072827933,S→T
4365,873,P,719740,719697,719768,71,0.143865,903,143.71691361198148,0.036414267578532375,-0.0020794455205009306,0.2344696003530229,-0.15366488498027514,T→P
4366,873,Q,719833,719822,719842,20,-0.28647300000000003,903,143.71691361198148,-0.017953701234564304,-0.013479814914562899,-0.054367968813096676,-0.011400369394061968,P→Q
4367,873,R,719863,719842,719882,40,1.718467,903,143.71691361198148,0.18071399137545385,0.20339762734759523,0.19866769261001815,0.21687744226215813,Q→R
4368,873,S,719889,719882,719896,14,-0.13802,903,143.71691361198148,-0.004028437400566272,-0.006756334262514945,-0.18474242877602012,-0.21015396161011018,R→S
4369,873,T,720140,719990,720189,199,0.372925,903,143.71691361198148,-0.20511575106873103,0.13837543429135482,-0.20108731366816476,0.14513176855386978,S→T
4370,874,P,720643,720614,720685,71,0.14845250000000002,834,132.73522253864073,0.03771995399110248,0.0005597424317454453,0.2428357050598335,-0.13781569185960937,T→P
4371,874,Q,720746,720725,720755,30,-0.25517650000000003,834,132.73522253864073,-0.020007400907435007,-0.01874232249551338,-0.05772735489853749,-0.019302064927258826,P→Q
4372,874,R,720775,720755,720794,39,1.5989795,834,132.73522253864073,0.16359833859479248,0.2417528817792609,0.18360573950222747,0.2604952042747743,Q→R
4373,874,S,720804,720794,720809,15,-0.023194500000000007,834,132.73522253864073,-0.0005466828332325517,-0.0013530281031503809,-0.16414502142802503,-0.2431059098824113,R→S
4374,874,T,721039,720889,721126,237,0.3619015,834,132.73522253864073,-0.26690341211085067,0.09429352102252037,-0.2663567292776181,0.09564654912567075,S→T
4375,875,P,721477,721434,721505,71,0.167319,839,133.53099725410019,0.0409085991774652,-0.002099672181088454,0.30781201128831587,-0.09639319320360883,T→P
4376,875,Q,721571,721562,721580,18,-0.263574,839,133.53099725410019,-0.01582391619393521,-0.013365238767836404,-0.05673251537140041,-0.01126556658674795,P→Q
4377,875,R,721596,721580,721625,45,1.719909,839,133.53099725410019,0.18543378147861223,0.2452055575574311,0.20125769767254742,0.25857079632526747,Q→R
4378,875,S,721627,721625,721632,7,-0.04494699999999999,839,133.53099725410019,-0.0007599354516810603,-0.0016121788280698956,-0.1861937169302933,-0.24681773638550097,R→S
4379,875,T,721877,721727,722127,400,0.43355600000000005,839,133.53099725410019,-0.39088736562913623,0.059854705910525455,-0.39012743017745516,0.06146688473859535,S→T
4380,876,P,722316,722271,722344,73,0.134839,839,133.53099725410019,0.04049564944374438,-0.0032112074864478,0.4313830150728806,-0.06306591339697326,T→P
4381,876,Q,722406,722382,722415,33,-0.276929,839,133.53099725410019,-0.020228629355268802,-0.015592914618902875,-0.06072427879901318,-0.012381707132455075,P→Q
4382,876,R,722436,722415,722455,40,1.741365,839,133.53099725410019,0.18894193950178143,0.23117496785415476,0.20917056885705024,0.24676788247305764,Q→R
4383,876,S,722463,722455,722470,15,-0.098882,839,133.53099725410019,-0.003203659878365875,-0.006141091425815586,-0.1921455993801473,-0.23731605927997035,R→S
4384,876,T,722696,722546,722765,219,0.383653,839,133.53099725410019,-0.2593442730928471,0.1285603254441202,-0.2561406132144812,0.13470141686993578,S→T
4385,877,P,723155,723112,723183,71,0.15775650000000002,803,127.80141930279196,0.03476739329563705,-0.001216922954060834,0.2941116663884841,-0.12977724839818103,T→P
4386,877,Q,723252,723236,723264,28,-0.2563415,803,127.80141930279196,-0.021035555774811695,-0.019890065841683863,-0.05580294907044875,-0.01867314288762303,P→Q
4387,877,R,723277,723264,723302,38,1.6187155000000002,803,127.80141930279196,0.16368532435077382,0.2510381038731609,0.18472088012558552,0.27092816971484474,Q→R
4388,877,S,723307,723302,723315,13,-0.14673150000000001,803,127.80141930279196,-0.0037303389347633172,-0.009395265830039487,-0.16741566328553714,-0.26043336970320036,R→S
4389,877,T,723554,723408,723606,198,0.3404275,803,127.80141930279196,-0.2214129906133307,0.052925157796991244,-0.21768265167856737,0.06232042362703073,S→T
4390,878,P,723958,723929,724001,72,0.129364,815,129.7112786198947,0.033684049577777354,0.0009040293991048515,0.25509704019110807,-0.05202112839788639,T→P
4391,878,Q,724063,724037,724072,35,-0.31839799999999996,815,129.7112786198947,-0.02276891574682841,-0.022767384554124248,-0.05645296532460577,-0.0236714139532291,P→Q
4392,878,R,724093,724073,724116,43,1.6517680000000001,815,129.7112786198947,0.15609304269623483,0.2578069874753685,0.17886195844306324,0.28057437202949276,Q→R
4393,878,S,724122,724116,724127,11,-0.08349300000000001,815,129.7112786198947,-0.001237708143561779,-0.0038456570023192526,-0.1573307508397966,-0.26165264447768777,R→S
4394,878,T,724353,724203,724441,238,0.371778,815,129.7112786198947,-0.28505528670781444,0.07508638042978585,-0.28381757856425266,0.07893203743210511,S→T
4395,879,P,724773,724729,724801,72,0.163546,859,136.7140961159381,0.03672926510478145,-0.0012630915732813864,0.3217845518125959,-0.07634947200306724,T→P
4396,879,Q,724870,724858,724882,24,-0.22443600000000002,859,136.7140961159381,-0.017705620729654915,-0.015281036015818976,-0.05443488583443637,-0.014017944442537589,P→Q
4397,879,R,724899,724882,724920,38,1.658131,859,136.7140961159381,0.1738413775909737,0.23305915090110488,0.19154699832062863,0.24834018691692386,Q→R
4398,879,S,724925,724920,724932,12,-0.14730500000000002,859,136.7140961159381,-0.0037207223909829466,-0.007533737249726662,-0.17756209998195666,-0.24059288815083155,R→S
4399,879,T,725172,725022,725238,216,0.369448,859,136.7140961159381,-0.23040905755926974,0.1102862333915235,-0.2266883351682868,0.11781997064125016,S→T
4400,880,P,725632,725602,725679,77,0.1699265,918,146.10423775835991,0.03747427382227423,0.0009393829279904678,0.26788333138154397,-0.10934685046353304,T→P
4401,880,Q,725736,725716,725745,29,-0.2227155,918,146.10423775835991,-0.01820138409827204,-0.015076232166032658,-0.05567565792054627,-0.016015615094023126,P→Q
4402,880,R,725765,725745,725782,37,1.6749445,918,146.10423775835991,0.1694735317205355,0.21208190122517268,0.18767491581880755,0.22715813339120533,Q→R
4403,880,S,725787,725782,725795,13,-0.12294650000000001,918,146.10423775835991,-0.0029895411325801167,-0.005363430258495738,-0.17246307285311563,-0.2174453314836684,R→S
4404,880,T,726032,725882,726099,217,0.3978395,918,146.10423775835991,-0.22919160125087043,0.15419775720070727,-0.2262020601182903,0.159561187459203,S→T
4405,881,P,726550,726506,726576,70,0.134839,823,130.98451816462986,0.03720811817969747,-0.002696342917838496,0.2663997194305679,-0.15689410011854577,T→P
4406,881,Q,726640,726614,726650,36,-0.29376,823,130.98451816462986,-0.023693252578340793,-0.018607714572837535,-0.06090137075803827,-0.015911371654999038,P→Q
4407,881,R,726670,726650,726691,41,1.632902,823,130.98451816462986,0.177988367479595,0.2269898629111178,0.2016816200579358,0.24559757748395533,Q→R
4408,881,S,726698,726691,726705,14,-0.12326000000000004,823,130.98451816462986,-0.003029275821675718,-0.006408820827258475,-0.18101764330127074,-0.23339868373837627,R→S
4409,881,T,726949,726799,726998,199,0.352912,823,130.98451816462986,-0.23072349623705615,0.0857037692267745,-0.22769422041538043,0.09211259005403298,S→T
4410,882,P,727373,727343,727416,73,0.139759,874,139.10142026231654,0.0388854372850383,0.0014597590141642626,0.2696089335220945,-0.08424401021261024,T→P
4411,882,Q,727477,727456,727486,30,-0.270269,874,139.10142026231654,-0.016105583612554795,-0.014599460296761752,-0.0549910208975931,-0.016059219310926014,P→Q
4412,882,R,727507,727486,727529,43,1.7079980000000001,874,139.10142026231654,0.1689987829962065,0.2353426662836364,0.18510436660876128,0.24994212658039816,Q→R
4413,882,S,727535,727529,727539,10,-0.04121,874,139.10142026231654,-0.0006992024707192683,-0.0015974679746838826,-0.16969798546692577,-0.23694013425832028,R→S
4414,882,T,727768,727618,727876,258,0.410029,874,139.10142026231654,-0.2910397563762194,0.14575235234078784,-0.2903405539055002,0.14734982031547172,S→T
4415,883,P,728247,728203,728275,72,0.14062850000000002,879,139.897194977776,0.035809368291050234,-0.0022606021022401287,0.3268491246672697,-0.14801295444302798,T→P
4416,883,Q,728337,728328,728346,18,-0.2705475,879,139.897194977776,-0.01586753051458202,-0.011962728642953318,-0.051676898805632254,-0.00970212654071319,P→Q
4417,883,R,728367,728346,728388,42,1.7494844999999999,879,139.897194977776,0.18968073927396412,0.21507430057953475,0.20554826978854612,0.22703702922248806,Q→R
4418,883,S,728395,728388,728400,12,-0.08787649999999997,879,139.897194977776,-0.002312349349197202,-0.003992147118580234,-0.1919930886231613,-0.21906644769811498,R→S
4419,883,T,728630,728480,728715,235,0.41496750000000004,879,139.897194977776,-0.27331177609708185,0.1728254521485819,-0.27099942674788463,0.17681759926716212,S→T
4420,884,P,729126,729082,729153,71,0.147028,879,139.897194977776,0.03786336014278168,-0.0025301872048495836,0.31117513623986354,-0.17535563935343146,T→P
4421,884,Q,729218,729207,729227,20,-0.285049,879,139.897194977776,-0.018123532597953036,-0.013809433366598524,-0.05598689274073472,-0.01127924616174894,P→Q
4422,884,R,729247,729227,729267,40,1.730914,879,139.897194977776,0.18546340172679082,0.21395305663577274,0.20358693432474387,0.22776249000237125,Q→R
4423,884,S,729274,729267,729280,13,-0.12035600000000002,879,139.897194977776,-0.003215865669354668,-0.005646422699404793,-0.1886792673961455,-0.21959947933517754,R→S
4424,884,T,729525,729375,729577,202,0.375533,879,139.897194977776,-0.2251206012414665,0.13641630989265188,-0.22190473557211182,0.14206273259205668,S→T
4425,885,P,730005,729962,730033,71,0.163268,818,130.1887434491704,0.0379492248796471,-0.0017784264912647828,0.26306982612111357,-0.13819473638391666,T→P
4426,885,Q,730099,730088,730108,20,-0.286195,818,130.1887434491704,-0.018631609803173417,-0.016183698909517125,-0.05658083468282052,-0.014405272418252343,P→Q
4427,885,R,730125,730108,730151,43,1.627704,818,130.1887434491704,0.17358397260469868,0.23798368092545338,0.1922155824078721,0.2541673798349705,Q→R
4428,885,S,730154,730151,730161,10,-0.08321600000000001,818,130.1887434491704,-0.0018211408971245842,-0.004132011561862923,-0.17540511350182328,-0.24211569248731632,R→S
4429,885,T,730404,730254,730493,239,0.38134100000000004,818,130.1887434491704,-0.2965865329358986,0.09467094159436497,-0.294765392038774,0.09880295315622789,S→T
4430,886,P,730823,730776,730851,75,0.1545745,880,140.0563499208679,0.037650129270244595,-0.001998419444121796,0.3342366622061432,-0.09666936103848676,T→P
4431,886,Q,730917,730907,730926,19,-0.26651549999999996,880,140.0563499208679,-0.016307398097274533,-0.012883065057201985,-0.05395752736751913,-0.010884645613080189,P→Q
4432,886,R,730947,730926,730968,42,1.7123805,880,140.0563499208679,0.1834552105621603,0.22146359883569422,0.19976260865943482,0.2343466638928962,Q→R
4433,886,S,730972,730968,730979,11,-0.10874049999999996,880,140.0563499208679,-0.00247983616933907,-0.004549706708455514,-0.18593504673149938,-0.22601330554414972,R→S
4434,886,T,731223,731073,731311,238,0.4248445,880,140.0563499208679,-0.2842733200976949,0.1651171456385448,-0.28179348392835585,0.1696668523470003,S→T
4435,887,P,731703,731673,731735,62,0.17198,941,149.7648014494735,0.03496997845433419,9.086116747082898e-05,0.3192432985520291,-0.16502628447107395,T→P
4436,887,Q,731807,731788,731816,28,-0.23457199999999997,941,149.7648014494735,-0.017178079080833776,-0.01394677418880502,-0.05214805753516796,-0.014037635356275849,P→Q
4437,887,R,731837,731816,731854,38,1.671781,941,149.7648014494735,0.16918589032594875,0.2041670520350203,0.18636396940678251,0.21811382622382533,Q→R
4438,887,S,731859,731854,731868,14,-0.107575,941,149.7648014494735,-0.0026038191599999723,-0.0044777979090241,-0.1717897094859487,-0.20864484994404442,R→S
4439,887,T,732102,731952,732190,238,0.41032500000000005,941,149.7648014494735,-0.2371767839550847,0.17327834109889806,-0.23457296479508474,0.17775613900792217,S→T
4440,888,P,732644,732613,732689,76,0.15918,896,142.60282901033824,0.04182701675244988,0.0016676749851583354,0.2790038007075346,-0.17161066611373973,T→P
4441,888,Q,732749,732727,732759,32,-0.285659,896,142.60282901033824,-0.017439906421115012,-0.015563615849132052,-0.0592669231735649,-0.017231290834290387,P→Q
4442,888,R,732780,732759,732798,39,1.700192,896,142.60282901033824,0.1637784115845418,0.22250516488872055,0.1812183180056568,0.2380687807378526,Q→R
4443,888,S,732806,732798,732812,14,-0.06466399999999999,896,142.60282901033824,-0.001882815745155761,-0.004007712777875789,-0.16566122732969754,-0.22651287766659634,R→S
4444,888,T,733060,732910,733127,217,0.392938,896,142.60282901033824,-0.24760887898799522,0.12778713724221727,-0.24572606324283947,0.13179485002009306,S→T
4445,889,P,733540,733494,733586,92,0.1664675,842,134.0084620833759,0.044131839168333166,0.0002626694037290979,0.2917407181563284,-0.12752446783848817,T→P
4446,889,Q,733641,733625,733651,26,-0.2290965,842,134.0084620833759,-0.01820617243666821,-0.016742350846174085,-0.06233801160500138,-0.017005020249903184,P→Q
4447,889,R,733665,733651,733691,40,1.6291655,842,134.0084620833759,0.16414299753227055,0.23664211597376197,0.18234916996893877,0.25338446681993604,Q→R
4448,889,S,733695,733691,733702,11,-0.04698149999999998,842,134.0084620833759,-0.0008144711291990511,-0.0018541018475572262,-0.1649574686614696,-0.2384962178213192,R→S
4449,889,T,733940,733790,734026,236,0.3665625,842,134.0084620833759,-0.2674874601563221,0.10073869218853047,-0.26667298902712305,0.1025927940360877,S→T
4450,890,P,734382,734350,734426,76,0.164433,896,142.60282901033824,0.04358103220605435,0.0013222426720229032,0.31106849236237644,-0.09941644951650758,T→P
4451,890,Q,734487,734465,734496,31,-0.280998,896,142.60282901033824,-0.016183359298072582,-0.014323740030766018,-0.059764391504126935,-0.01564598270278892,P→Q
4452,890,R,734517,734496,734536,40,1.704261,896,142.60282901033824,0.16812237110101033,0.22447979654521394,0.1843057303990829,0.23880353657597997,Q→R
4453,890,S,734544,734536,734549,13,-0.053048,896,142.60282901033824,-0.0013662555826002602,-0.0028540282685390584,-0.1694886266836106,-0.227333824813753,R→S
4454,890,T,734778,734628,734849,221,0.39408499999999996,896,142.60282901033824,-0.23901720777290408,0.14339043353593978,-0.23765095219030383,0.14624446180447884,S→T
4455,891,P,735278,735251,735324,73,0.1383345,900,143.2394487827058,0.03561676661065515,0.0014903004505961463,0.27463397438355924,-0.14190013308534363,T→P
4456,891,Q,735385,735362,735394,32,-0.2786495,900,143.2394487827058,-0.019152118022412113,-0.016999322034447577,-0.05476888463306727,-0.018489622485043725,P→Q
4457,891,R,735415,735394,735432,38,1.6984715,900,143.2394487827058,0.16184390220372283,0.22075094177906585,0.18099602022613495,0.2377502638135134,Q→R
4458,891,S,735438,735432,735448,16,-0.08380750000000001,900,143.2394487827058,-0.0027101265161974947,-0.0056300706042547305,-0.1645540287199203,-0.2263810123833206,R→S
4459,891,T,735676,735526,735763,237,0.40745750000000003,900,143.2394487827058,-0.26250773873558775,0.14629303483699596,-0.25979761221939024,0.1519231054412507,S→T
4460,892,P,736178,736149,736222,73,0.16180699999999998,837,133.2126873679164,0.041987299438000024,0.0014859984287418962,0.30449503817358775,-0.14480703640825407,T→P
4461,892,Q,736283,736262,736292,30,-0.271417,837,133.2126873679164,-0.01710383767257362,-0.016728615400230948,-0.05909113711057364,-0.018214613828972843,P→Q
4462,892,R,736314,736292,736336,44,1.61115,837,133.2126873679164,0.15898947363434845,0.24397443976660035,0.17609331130692207,0.2607030551668313,Q→R
4463,892,S,736340,736336,736345,9,-0.03481000000000001,837,133.2126873679164,-0.0005371927776022157,-0.0014541306471851296,-0.15952666641195068,-0.2454285704137855,R→S
4464,892,T,736575,736425,736825,400,0.404258,837,133.2126873679164,-0.33175841173262494,0.050172158572935846,-0.3312212189550227,0.051626289220120976,S→T
4465,893,P,737015,736985,737047,62,0.156017,857,136.39578622975432,0.033130126400031705,0.00017035719669047627,0.36488853813265665,-0.05000180137624537,T→P
4466,893,Q,737119,737099,737128,29,-0.224454,857,136.39578622975432,-0.017749146468852277,-0.016189582770290988,-0.05087927286888398,-0.016359939966981464,P→Q
4467,893,R,737141,737128,737167,39,1.630331,857,136.39578622975432,0.1672589033051118,0.2383835195696792,0.1850080497739641,0.2545731023399702,Q→R
4468,893,S,737171,737167,737178,11,-0.05336200000000002,857,136.39578622975432,-0.000985998744872015,-0.0021565606402611077,-0.16824490204998382,-0.2405400802099403,R→S
4469,893,T,737414,737264,737482,218,0.37816,857,136.39578622975432,-0.2540897896088212,0.11757003089033033,-0.2531037908639492,0.11972659153059144,S→T
4470,894,P,737872,737827,737901,74,0.14209,842,134.0084620833759,0.04224682273779454,-0.0030240484621396747,0.2963366123466158,-0.12059407935247,T→P
4471,894,Q,737964,737954,737972,18,-0.280702,842,134.0084620833759,-0.01735846867800389,-0.014125239310938412,-0.05960529141579843,-0.011101190848798737,P→Q
4472,894,R,737993,737972,738013,41,1.730637,842,134.0084620833759,0.1847981371179237,0.23048982462915985,0.2021566057959276,0.24461506394009824,Q→R
4473,894,S,738020,738013,738026,13,-0.112532,842,134.0084620833759,-0.0031795081064835036,-0.006213437236363848,-0.1879776452244072,-0.2367032618655237,R→S
4474,894,T,738256,738106,738340,234,0.39671100000000004,842,134.0084620833759,-0.2778975679333129,0.13395017214260985,-0.2747180598268294,0.1401636093789737,S→T
4475,895,P,738714,738686,738741,55,0.13979599999999998,796,126.68733470114869,0.030257193862430757,0.00019932032061072288,0.30815476179574364,-0.1337508518219991,T→P
4476,895,Q,738817,738795,738826,31,-0.253438,796,126.68733470114869,-0.021175587520319793,-0.021429265398421687,-0.05143278138275055,-0.02162858571903241,P→Q
4477,895,R,738846,738826,738864,38,1.577524,796,126.68733470114869,0.1561013270638419,0.25799065837622764,0.17727691458416167,0.2794199237746493,Q→R
4478,895,S,738868,738865,738878,13,-0.06436800000000001,796,126.68733470114869,-0.0013487143168486625,-0.0038384732547284235,-0.15745004138069055,-0.26182913163095606,R→S
4479,895,T,739111,738961,739179,218,0.357832,796,126.68733470114869,-0.27139256048281507,0.058648755482870234,-0.2700438461659664,0.062487228737598655,S→T
4480,896,P,739510,739467,739539,72,0.1548705,802,127.64226435970006,0.044970183159866506,-0.0026115107922424123,0.3163627436426816,-0.06126026627511265,T→P
4481,896,Q,739604,739594,739612,18,-0.2789825,802,127.64226435970006,-0.016961121953104088,-0.015148532635220393,-0.0619313051129706,-0.012537021842977981,P→Q
4482,896,R,739630,739612,739657,45,1.7103465,802,127.64226435970006,0.18352398090962502,0.261601401015719,0.2004851028627291,0.27674993365093936,Q→R
4483,896,S,739659,739657,739665,8,-0.0684185,802,127.64226435970006,-0.0012151407344536947,-0.0029340741711504146,-0.1847391216440787,-0.26453547518686943,R→S
4484,896,T,739892,739742,740142,400,0.3990235,802,127.64226435970006,-0.3612182628943714,0.052316097716410874,-0.36000312215991775,0.05525017188756129,S→T
4485,897,P,740312,740283,740356,73,0.152522,856,136.2366312866624,0.041612350548898995,0.0015859002667825757,0.4028306134432704,-0.0507301974496283,T→P
4486,897,Q,740418,740395,740426,31,-0.27374699999999996,856,136.2366312866624,-0.017537006649972396,-0.016554684237781916,-0.05914935719887139,-0.018140584504564492,P→Q
4487,897,R,740448,740426,740465,39,1.71732,856,136.2366312866624,0.16333737136844986,0.24231437738766395,0.18087437801842227,0.2588690616254459,Q→R
4488,897,S,740470,740465,740480,15,-0.07827599999999998,856,136.2366312866624,-0.002132397033401242,-0.005053596592385028,-0.1654697684018511,-0.24736797398004898,R→S
4489,897,T,740708,740558,740777,219,0.401336,856,136.2366312866624,-0.27424709957676524,0.11696452072285836,-0.272114702543364,0.12201811731524338,S→T
4490,898,P,741168,741124,741195,71,0.1568685,799,127.16479953042438,0.0396055711648843,-0.002149091943353799,0.3138526707416495,-0.11911361266621216,T→P
4491,898,Q,741262,741249,741272,23,-0.2937415,799,127.16479953042438,-0.020548527284987298,-0.01852321201067082,-0.0601540984498716,-0.01637412006731702,P→Q
4492,898,R,741291,741272,741311,39,1.6578534999999999,799,127.16479953042438,0.17063849784724786,0.246258435205127,0.19118702513223515,0.26478164721579783,Q→R
4493,898,S,741316,741311,741325,14,-0.1545745,799,127.16479953042438,-0.004031725651541816,-0.0096808319817445,-0.17467022349878966,-0.2559392671868715,R→S
4494,898,T,741567,741418,741616,198,0.36103149999999995,799,127.16479953042438,-0.2407880321002639,0.06251455686309827,-0.2367563064487221,0.07219538884484278,S→T
4495,899,P,741967,741922,741996,74,0.187923,802,127.64226435970006,0.04721336459439811,-0.001445333290099389,0.288001396694662,-0.06395989015319767,T→P
4496,899,Q,742064,742053,742074,21,-0.21400399999999997,802,127.64226435970006,-0.014378124339606408,-0.013555288503681387,-0.06159148893400451,-0.012109955213581998,P→Q
4497,899,R,742089,742074,742116,42,1.6958630000000001,802,127.64226435970006,0.1738129518267657,0.2645436257339531,0.18819107616637212,0.2780989142376345,Q→R
4498,899,S,742120,742116,742124,8,-0.039435,802,127.64226435970006,-0.0004944778239891418,-0.0012688251084066477,-0.17430742965075485,-0.26581245084235977,R→S
4499,899,T,742366,742216,742616,400,0.429191,802,127.64226435970006,-0.39668857226086307,0.01925944716888706,-0.3961940944368739,0.02052827227729371,S→T
4500,900,P,742769,742740,742812,72,0.135135,874,139.10142026231654,0.03626263701333026,0.0009521371946087662,0.43295120927419334,-0.018307309974278294,T→P
4501,900,Q,742874,742849,742884,35,-0.29117000000000004,874,139.10142026231654,-0.01937144353750259,-0.017647717186858754,-0.055634080550832854,-0.01859985438146752,P→Q
4502,900,R,742904,742884,742922,38,1.716728,874,139.10142026231654,0.1623925279602527,0.23195837065857475,0.18176397149775528,0.2496060878454335,Q→R
4503,900,S,742930,742922,742938,16,-0.10439299999999999,874,139.10142026231654,-0.0029400537422364817,-0.006663320422887862,-0.16533258170248918,-0.2386216910814626,R→S
4504,900,T,743165,743015,743232,217,0.37407199999999996,874,139.10142026231654,-0.24091927146223768,0.12192756056206805,-0.2379792177200012,0.1285908809849559,S→T
4505,901,P,743643,743599,743671,72,0.1406285,841,133.84930714028397,0.04191213376112315,-0.003326601935688705,0.2828314052233608,-0.12525416249775675,T→P
4506,901,Q,743734,743709,743743,34,-0.29085649999999996,841,133.84930714028397,-0.02277860592996197,-0.017592212979893784,-0.06469073969108512,-0.014265611044205078,P→Q
4507,901,R,743764,743743,743782,39,1.7199275,841,133.84930714028397,0.18387221908422022,0.2264786752541947,0.2066508250141822,0.24407088823408848,Q→R
4508,901,S,743791,743782,743798,16,-0.1162875,841,133.84930714028397,-0.003612835533247813,-0.006992520823599848,-0.18748505461746803,-0.23347119607779457,R→S
4509,901,T,744023,743873,744091,218,0.3471225,841,133.84930714028397,-0.22694997580461312,0.11140871647700322,-0.2233371402713653,0.11840123730060306,S→T
4510,902,P,744484,744457,744513,56,0.132805,797,126.84648964424059,0.0272826301570858,0.0002774391631504462,0.25423260596169894,-0.11113127731385278,T→P
4511,902,Q,744588,744546,744598,52,-0.26967699999999994,797,126.84648964424059,-0.02779512198325879,-0.02642324607964799,-0.05507775214034459,-0.026700685242798436,P→Q
4512,902,R,744611,744598,744636,38,1.54042,797,126.84648964424059,0.1493556213869358,0.2515887284018185,0.1771507433701946,0.2780119744814665,Q→R
4513,902,S,744646,744636,744654,18,-0.03884199999999999,797,126.84648964424059,-0.0009666524190524099,-0.0030103371702401775,-0.15032227380598823,-0.2545990655720587,R→S
4514,902,T,744882,744732,744950,218,0.33523000000000003,797,126.84648964424059,-0.24708563288831945,0.046966219334831784,-0.24611898046926703,0.04997655650507196,S→T
4515,903,P,745281,745237,745310,73,0.17427299999999998,799,127.16479953042438,0.04578733415675956,-0.002609743707293324,0.29287296704507904,-0.04957596304212511,T→P
4516,903,Q,745375,745365,745384,19,-0.26361100000000004,799,127.16479953042438,-0.016523909528647455,-0.014873606577132721,-0.06231124368540702,-0.012263862869839397,P→Q
4517,903,R,745402,745384,745427,43,1.690315,799,127.16479953042438,0.18040871612980192,0.2605011307630845,0.19693262565844938,0.2753747373402172,Q→R
4518,903,S,745430,745427,745437,10,-0.09192700000000004,799,127.16479953042438,-0.0016203817540777913,-0.0039347797694064025,-0.18202909788387972,-0.26443591053249094,R→S
4519,903,T,745681,745531,745931,400,0.414949,799,127.16479953042438,-0.37193601657618536,0.01657616503445169,-0.37031563482210755,0.02051094480385809,S→T
4520,904,P,746080,746037,746108,71,0.16558,878,139.7380400346841,0.03616789318675023,-0.0010044819591283115,0.4081039097629356,-0.01758064699358,T→P
4521,904,Q,746177,746165,746190,25,-0.221254,878,139.7380400346841,-0.018326447214349288,-0.01550591500669615,-0.05449434040109952,-0.014501433047567838,P→Q
4522,904,R,746209,746190,746227,37,1.638155,878,139.7380400346841,0.17089490802214027,0.22266532377689827,0.18922135523648956,0.23817123878359442,Q→R
4523,904,S,746233,746227,746239,12,-0.148748,878,139.7380400346841,-0.003981767667877248,-0.00769955429354682,-0.17487667569001752,-0.2303648780704451,R→S
4524,904,T,746479,746329,746535,206,0.369152,878,139.7380400346841,-0.21302146756337925,0.11835845152272186,-0.209039699895502,0.12605800581626866,S→T
4525,905,P,746958,746915,746985,70,0.12152199999999999,802,127.64226435970006,0.032006598743692535,-0.002751239167042252,0.2450280663070718,-0.12110969068976411,T→P
4526,905,Q,747048,747004,747058,54,-0.31751,802,127.64226435970006,-0.03343292309289735,-0.025172367714623535,-0.06543952183658988,-0.022421128547581284,P→Q
4527,905,R,747078,747058,747096,38,1.6509179999999999,802,127.64226435970006,0.17534509237674184,0.23395640854292601,0.2087780154696392,0.25912877625754954,Q→R
4528,905,S,747106,747096,747114,18,-0.12729200000000002,802,127.64226435970006,-0.004186150581213653,-0.009280502601282669,-0.1795312429579555,-0.24323691114420867,R→S
4529,905,T,747358,747214,747405,191,0.321616,802,127.64226435970006,-0.21084114773859783,0.05734332072948972,-0.20665499715738417,0.0666238233307724,S→T
4530,906,P,747760,747730,747790,60,0.14442,777,123.66339078240269,0.031905713354178696,0.0001063916089157732,0.24274686109277652,-0.057236929120573946,T→P
4531,906,Q,747862,747841,747871,30,-0.25110699999999997,777,123.66339078240269,-0.021010058871948976,-0.021832218978751747,-0.05291577222612767,-0.02193861058766752,P→Q
4532,906,R,747885,747871,747911,40,1.579854,777,123.66339078240269,0.15464419943580332,0.2670082825292008,0.1756542583077523,0.28884050150795254,Q→R
4533,906,S,747914,747911,747922,11,-0.026671999999999974,777,123.66339078240269,-0.0005056446406109143,-0.0015554085474583023,-0.15514984407641425,-0.26856369107665906,R→S
4534,906,T,748157,748007,748407,400,0.394973,777,123.66339078240269,-0.3547753232262181,-0.06232617447487034,-0.35426967858560715,-0.06077076592741204,S→T
4535,907,P,748537,748507,748584,77,0.163842,838,133.3718423110083,0.043995044378644786,0.0015099508917783173,0.39877036760486284,0.06383612536664866,T→P
4536,907,Q,748643,748622,748651,29,-0.257803,838,133.3718423110083,-0.019065288980165403,-0.018453002155690366,-0.06306033335881019,-0.019962953047468684,P→Q
4537,907,R,748671,748651,748689,38,1.650326,838,133.3718423110083,0.1620320020451809,0.24839256204013777,0.1810972910253463,0.2668455641958281,Q→R
4538,907,S,748694,748689,748702,13,-0.082642,838,133.3718423110083,-0.0017020095685500495,-0.004130501224183326,-0.16373401161373094,-0.2525230632643211,R→S
4539,907,T,748936,748786,749023,237,0.405109,838,133.3718423110083,-0.29581477438182013,0.11146217506969942,-0.2941127648132701,0.11559267629388276,S→T
4540,908,P,749375,749332,749403,71,0.15512949999999998,859,136.7140961159381,0.03448014758317447,-0.0010263901333278716,0.3302949219649946,-0.1124885652030273,T→P
4541,908,Q,749472,749459,749484,25,-0.24794550000000004,859,136.7140961159381,-0.019291594778335645,-0.01652070843032918,-0.05377174236151011,-0.015494318297001309,P→Q
4542,908,R,749501,749484,749521,37,1.6433525,859,136.7140961159381,0.17027962844945085,0.22645146808171643,0.1895712232277865,0.2429721765120456,Q→R
4543,908,S,749526,749521,749534,13,-0.15686850000000002,859,136.7140961159381,-0.004301032262614037,-0.008644097564028718,-0.17458066071206488,-0.23509556564574516,R→S
4544,908,T,749774,749624,749842,218,0.4143755,859,136.7140961159381,-0.2625370971842266,0.1206499893411167,-0.25823606492161255,0.12929408690514543,S→T
4545,909,P,750234,750190,750262,72,0.1873135,839,133.53099725410019,0.04050272676622708,-0.001603803472063294,0.30303982395045365,-0.12225379281318,T→P
4546,909,Q,750328,750318,750339,21,-0.2714345,839,133.53099725410019,-0.017896202149841646,-0.015163557287687488,-0.058398928916068724,-0.013559753815624194,P→Q
4547,909,R,750353,750339,750380,41,1.6332165,839,133.53099725410019,0.1731152042353493,0.22911488029471394,0.19101140638519093,0.24427843758240142,Q→R
4548,909,S,750383,750380,750391,11,-0.09571850000000001,839,133.53099725410019,-0.002207587533441673,-0.00464906967481771,-0.17532279176879095,-0.23376394996953165,R→S
4549,909,T,750633,750483,750702,219,0.3839305,839,133.53099725410019,-0.27623408232600155,0.11001003497315777,-0.27402649479255986,0.11465910464797548,S→T
4550,910,P,751073,751046,751105,59,0.1545745,879,139.897194977776,0.029513958742379016,0.0003065167697206064,0.30574804106838055,-0.10970351820343717,T→P
4551,910,Q,751179,751157,751187,30,-0.2415445,879,139.897194977776,-0.01821067357743284,-0.01637674821021539,-0.04772463231981186,-0.016683264979935997,P→Q
4552,910,R,751207,751187,751225,38,1.6526375,879,139.897194977776,0.1646555023668048,0.227812059099032,0.18286617594423762,0.24418880730924739,Q→R
4553,910,S,751229,751225,751239,14,-0.09597750000000001,879,139.897194977776,-0.0021340549116248106,-0.004451857126591963,-0.1667895572784296,-0.23226391622562395,R→S
4554,910,T,751472,751322,751540,218,0.3772715,879,139.897194977776,-0.2495781832911716,0.12890995803385663,-0.2474441283795468,0.1333618151604486,S→T
4555,911,P,751952,751907,751980,73,0.1763085,837,133.2126873679164,0.042271895742692835,-0.002191453749737264,0.29185007903386445,-0.13110141178359389,T→P
4556,911,Q,752047,752036,752056,20,-0.24300549999999999,837,133.2126873679164,-0.01643416784465056,-0.01398492745387083,-0.0587060635873434,-0.011793473704133566,P→Q
4557,911,R,752076,752056,752097,41,1.7051125,837,133.2126873679164,0.18052369916643451,0.2414355824726625,0.19695786701108509,0.2554205099265333,Q→R
4558,911,S,752100,752097,752108,11,-0.1299185,837,133.2126873679164,-0.002858282336951933,-0.005924684893409238,-0.18338198150338644,-0.24736026736607175,R→S
4559,911,T,752351,752201,752601,400,0.42859949999999997,837,133.2126873679164,-0.35054567259999964,0.05539077749262179,-0.3476873902630477,0.06131546238603103,S→T
4560,912,P,752789,752744,752838,94,0.1792115,760,120.95775674984046,0.06129173108535871,-0.0006573780854734724,0.41183740368535837,-0.05604815557809527,T→P
4561,912,Q,752883,752875,752891,16,-0.2389555,760,120.95775674984046,-0.014328934783943483,-0.013954884184213453,-0.07562066586930219,-0.01329750609873998,P→Q
4562,912,R,752908,752891,752938,47,1.6656965000000001,760,120.95775674984046,0.17752175448934643,0.28699803310385824,0.1918506892732899,0.3009529172880717,Q→R
4563,912,S,752939,752938,752943,5,-0.005234499999999996,760,120.95775674984046,-3.296484726543774e-05,-9.555233113192136e-05,-0.17755471933661188,-0.28709358543499014,R→S
4564,912,T,753189,753039,753439,400,0.4744145,760,120.95775674984046,-0.4799670866235817,-0.09704859118524413,-0.4799341217763162,-0.0969530388541122,S→T
4565,913,P,753549,753518,753576,58,0.14700950000000002,762,121.27606663602425,0.030218372302973598,-0.0004355961694506541,0.5101854589265553,0.09661299501579347,T→P
4566,913,Q,753646,753610,753658,48,-0.26301949999999996,762,121.27606663602425,-0.029766114717048344,-0.02838921581830594,-0.059984487020021945,-0.027953619648855284,P→Q
4567,913,R,753672,753658,753697,39,1.6520645,762,121.27606663602425,0.15915443547097313,0.27729909877303294,0.18892055018802148,0.3056883145913389,Q→R
4568,913,S,753703,753697,753709,12,-0.08090349999999999,762,121.27606663602425,-0.001571432590478364,-0.0049783622152193355,-0.1607258680614515,-0.2822774609882523,R→S
4569,913,T,753948,753818,753994,176,0.2664965,762,121.27606663602425,-0.17055982754366866,0.017087523963591863,-0.1689883949531903,0.0220658861788112,S→T
4570,914,P,754311,754281,754355,74,0.146159,835,132.89437748173262,0.04147447116796458,0.0011580358277663517,0.21203429871163323,-0.015929488135825513,T→P
4571,914,Q,754416,754390,754425,35,-0.301566,835,132.89437748173262,-0.021402026714107878,-0.020658326188656758,-0.06287649788207246,-0.02181636201642311,P→Q
4572,914,R,754446,754425,754466,41,1.692387,835,132.89437748173262,0.15927974576523132,0.2505834043730776,0.1806817724793392,0.27124173056173434,Q→R
4573,914,S,754474,754466,754479,13,-0.069583,835,132.89437748173262,-0.0016925442693184163,-0.004546375149719836,-0.16097229003454974,-0.2551297795227974,R→S
4574,914,T,754707,754557,754774,217,0.350323,835,132.89437748173262,-0.2329384222708627,0.08676606841013267,-0.23124587800154428,0.0913124435598525,S→T
4575,915,P,755146,755137,755159,22,0.11194,862,137.19156094521378,0.008453234545314318,4.776913761064052e-05,0.24139165681617702,-0.08671829927252203,T→P
4576,915,Q,755244,755171,755257,86,-0.32013600000000003,862,137.19156094521378,-0.06584030610492142,-0.042696129879366336,-0.07429354065023575,-0.04274389901697698,P→Q
4577,915,R,755276,755257,755292,35,1.557251,862,137.19156094521378,0.1551076298503021,0.20951556738924326,0.22094793595522352,0.2522116972686096,Q→R
4578,915,S,755298,755292,755464,172,-0.28011,862,137.19156094521378,0.0023744261597875276,-0.11670883908970535,-0.15273320369051457,-0.3262244064789486,R→S
4579,915,T,755545,755481,755574,93,0.206494,862,137.19156094521378,-0.068595514102268,0.022812808241463412,-0.07096994026205553,0.13952164733116876,S→T
4580,916,P,756008,755975,756032,57,0.15398250000000002,758,120.63944686365667,0.031556515682528014,-0.0007594717705351982,0.10015202978479601,-0.02357228001199861,T→P
4581,916,Q,756102,756068,756114,46,-0.28678750000000003,758,120.63944686365667,-0.03172364637883442,-0.029093048027397178,-0.06328016206136244,-0.02833357625686198,P→Q
4582,916,R,756127,756114,756152,38,1.5870865,758,120.63944686365667,0.15765617218598,0.26069996539970397,0.18937981856481442,0.2897930134271012,Q→R
4583,916,S,756159,756152,756165,13,-0.10640949999999999,758,120.63944686365667,-0.002541778979897384,-0.007469092639032021,-0.16019795116587737,-0.268169058038736,R→S
4584,916,T,756404,756258,756471,213,0.3169365,758,120.63944686365667,-0.23084911289431648,0.016832955960904523,-0.2283073339144191,0.024302048599936545,S→T
4585,917,P,756766,756735,756810,75,0.15196599999999996,796,126.68733470114869,0.04163373189481433,0.001114091656960976,0.2724828447891308,-0.015718864303943546,T→P
4586,917,Q,756871,756850,756879,29,-0.262169,796,126.68733470114869,-0.017422627987149247,-0.01817059018366814,-0.059056359881963574,-0.019284681840629116,P→Q
4587,917,R,756900,756879,757150,271,1.680771,796,126.68733470114869,-0.015966964720126302,0.42813440391989654,0.0014556632670229448,0.44630499410356467,Q→R
4588,917,S,756928,756879,757178,299,0.0011469999999999536,796,126.68733470114869,-0.09483737343383963,0.4283810665354322,-0.07887040871371333,0.00024666261553563107,R→S
4589,917,T,757163,757013,757413,400,0.417575,796,126.68733470114869,-0.3561536977564923,0.01658502337938434,-0.26131632432265267,-0.41179604315604784,S→T
4590,918,P,757562,757517,757610,93,0.171388,822,130.82536322153797,0.04940193177726441,-0.000880932168427235,0.40555562953375673,-0.017465955547811576,T→P
4591,918,Q,757660,757649,757671,22,-0.207345,822,130.82536322153797,-0.015435484379042193,-0.014260033347970508,-0.0648374161563066,-0.013379101179543273,P→Q
4592,918,R,757691,757671,757709,38,1.688576,822,130.82536322153797,0.17398832706934553,0.25673929971505133,0.1894238114483877,0.2709993330630218,Q→R
4593,918,S,757714,757709,757720,11,-0.13021499999999997,822,130.82536322153797,-0.0028914173964983214,-0.006720785554194121,-0.17687974446584384,-0.26346008526924547,R→S
4594,918,T,757962,757812,758212,400,0.446874,822,130.82536322153797,-0.38267362557214835,0.018348783268462822,-0.37978220817565,0.025069568822656943,S→T
4595,919,P,758384,758352,758430,78,0.17340350000000002,796,126.68733470114869,0.055602928741353704,0.0026972898165763255,0.43827655431350204,-0.015651493451886496,T→P
4596,919,Q,758490,758482,758499,17,-0.2557505,796,126.68733470114869,-0.013688629558146667,-0.01529643329417291,-0.06929155829950037,-0.017993723110749236,P→Q
4597,919,R,758521,758499,758542,43,1.7358715,796,126.68733470114869,0.15481936020237394,0.2777548802349954,0.16850798976052062,0.2930513135291683,Q→R
4598,919,S,758548,758542,758552,10,-0.0504395,796,126.68733470114869,-0.0007338891149325213,-0.002508092009139356,-0.15555324931730646,-0.28026297224413477,R→S
4599,919,T,758780,758630,758869,239,0.4019085,796,126.68733470114869,-0.34473542036294597,0.06927139403506365,-0.34400153124801347,0.071779486044203,S→T
4600,920,P,759180,759134,759210,76,0.170796,798,127.00564458733248,0.046561120173823106,-0.0013414540178580275,0.3912965405367691,-0.07061284805292167,T→P
4601,920,Q,759278,759265,759290,25,-0.221846,798,127.00564458733248,-0.01806581552987168,-0.017624489462103425,-0.0646269357036948,-0.0162830354442454,P→Q
4602,920,R,759303,759290,759330,40,1.6688589999999999,798,127.00564458733248,0.16631164077405322,0.26272805330277993,0.1843774563039249,0.28035254276488336,Q→R
4603,920,S,759334,759330,759338,8,-0.043207999999999996,798,127.00564458733248,-0.0005614512597169671,-0.0015061359886370605,-0.16687309203377018,-0.264234189291417,R→S
4604,920,T,759579,759429,759829,400,0.402223,798,127.00564458733248,-0.35508520763273516,-0.002324614550744795,-0.3545237563730182,-0.0008184785621077344,S→T
4605,921,P,759978,759933,760006,73,0.17427350000000003,839,133.53099725410019,0.04314328867242911,-0.00261804872266102,0.39822849630516427,-0.00029343417191622515,T→P
4606,921,Q,760072,760061,760082,21,-0.2821815,839,133.53099725410019,-0.018825964941561642,-0.015943872385241028,-0.06196925361399075,-0.013325823662580009,P→Q
4607,921,R,760102,760082,760122,40,1.6937925,839,133.53099725410019,0.1764859389666911,0.23377905197562782,0.19531190390825273,0.24972292436086885,Q→R
4608,921,S,760127,760122,760135,13,-0.15862549999999997,839,133.53099725410019,-0.004023301777660837,-0.008350846704578727,-0.18050924074435193,-0.24212989868020654,R→S
4609,921,T,760378,760228,760445,217,0.3801755,839,133.53099725410019,-0.26401917628273996,0.11529609919999757,-0.2599958745050791,0.1236469459045763,S→T
4610,922,P,760817,760773,760844,71,0.142959,782,124.45916549786216,0.042140010144281835,-0.0035892533663053386,0.3061591864270218,-0.11888535256630291,T→P
4611,922,Q,760908,760898,760918,20,-0.282163,782,124.45916549786216,-0.01960761670372611,-0.0176544938000403,-0.06174762684800794,-0.014065240433734963,P→Q
4612,922,R,760938,760918,760958,40,1.7141199999999999,782,124.45916549786216,0.17831389973894435,0.2565623953640117,0.19792151644267045,0.274216889164052,Q→R
4613,922,S,760965,760958,760972,14,-0.134265,782,124.45916549786216,-0.0035151750916335876,-0.008548037039258853,-0.18182907483057795,-0.26511043240327054,R→S
4614,922,T,761200,761050,761269,219,0.365101,782,124.45916549786216,-0.2839126402382638,0.07208075689769888,-0.2803974651466302,0.08062879393695774,S→T
4615,923,P,761599,761569,761644,75,0.153391,776,123.50423583931078,0.049320835172515995,0.002157070238486689,0.3332334754107798,-0.0699236866592122,T→P
4616,923,Q,761705,761681,761714,33,-0.297256,776,123.50423583931078,-0.019663591853795105,-0.02171080690115804,-0.06898442702631111,-0.02386787713964473,P→Q
4617,923,R,761735,761714,761759,45,1.636398,776,123.50423583931078,0.14821228594473843,0.2769981941594159,0.16787587779853352,0.29870900106057396,Q→R
4618,923,S,761764,761759,761768,9,-0.057727,776,123.50423583931078,-0.0005067154841498817,-0.0020545107294695827,-0.1487190014288883,-0.2790527048888855,R→S
4619,923,T,761995,761845,762083,238,0.34305399999999997,776,123.50423583931078,-0.2924439037480232,0.03727356989088994,-0.2919371882638733,0.03932808062035952,S→T
4620,924,P,762375,762331,762407,76,0.178639,838,133.3718423110083,0.045015385070838625,-0.0022725786551473295,0.33745928881886184,-0.03954614854603727,T→P
4621,924,Q,762470,762459,762479,20,-0.266793,838,133.3718423110083,-0.017567543463177987,-0.014865872789023172,-0.06258292853401662,-0.012593294133875842,P→Q
4622,924,R,762498,762479,762520,41,1.6831010000000002,838,133.3718423110083,0.1785484473667788,0.23672972118237232,0.1961159908299568,0.25159559397139547,Q→R
4623,924,S,762524,762520,762531,11,-0.123519,838,133.3718423110083,-0.003038348939204245,-0.006349012656266686,-0.18158679630598304,-0.243078733838639,R→S
4624,924,T,762774,762624,762843,219,0.404258,838,133.3718423110083,-0.28886982225431285,0.12819124187826933,-0.2858314733151086,0.13454025453453602,S→T
4625,925,P,763213,763170,763223,53,0.11861700000000001,878,139.7380400346841,0.024148036816320495,-0.0024252999300364373,0.31301785907063334,-0.13061654180830576,T→P
4626,925,Q,763304,763254,763314,60,-0.32100599999999996,878,139.7380400346841,-0.033827086343026475,-0.022329106219998972,-0.05797512315934697,-0.019903806289962536,P→Q
4627,925,R,763334,763314,763352,38,1.685117,878,139.7380400346841,0.17654438376965018,0.2041991249342096,0.21037147011267665,0.2265282311542086,Q→R
4628,925,S,763361,763352,763370,18,-0.16500700000000001,878,139.7380400346841,-0.0055846931645096186,-0.009792807255997826,-0.1821290769341598,-0.21399193219020743,R→S
4629,925,T,763593,763464,763660,196,0.3442,878,139.7380400346841,-0.19599598118763817,0.11641511492384034,-0.19041128802312854,0.12620792217983817,S→T
4630,926,P,764091,764048,764119,71,0.1252765,820,130.5070533353542,0.03224576342267314,-0.0023520313259464357,0.22824174461031133,-0.11876714624978678,T→P
4631,926,Q,764181,764155,764191,36,-0.31086949999999997,820,130.5070533353542,-0.02628461838123255,-0.0207790694291208,-0.0585303818039057,-0.018427038103174365,P→Q
4632,926,R,764212,764191,764231,40,1.6233395,820,130.5070533353542,0.17545774103833045,0.22483861941794644,0.201742359419563,0.24561768884706725,Q→R
4633,926,S,764240,764231,764247,16,-0.1131055,820,130.5070533353542,-0.003309598058025625,-0.006996747377764738,-0.1787673390963561,-0.23183536679571118,R→S
4634,926,T,764474,764324,764540,216,0.34390350000000003,820,130.5070533353542,-0.23636194895940726,0.09553941824997655,-0.23305235090138163,0.10253616562774129,S→T
4635,927,P,764911,764881,764945,64,0.1617885,818,130.1887434491704,0.03446986011609006,0.00037787502222431154,0.2708318090754973,-0.09516154322775225,T→P
4636,927,Q,765015,764996,765024,28,-0.2267845,818,130.1887434491704,-0.017836036558469673,-0.017606934048279888,-0.05230589667455973,-0.0179848090705042,P→Q
4637,927,R,765037,765024,765287,263,1.6285555,818,130.1887434491704,0.008616342163122919,0.42611778706378267,0.02645237872159259,0.44372472111206257,Q→R
4638,927,S,765068,765024,765318,294,0.0005734999999999976,818,130.1887434491704,-0.07665935113698015,0.437858957074811,-0.08527569330010307,0.011741170011028312,R→S
4639,927,T,765310,765160,765560,400,0.4036475,818,130.1887434491704,-0.37296123123460645,0.03180135891058498,-0.2963018800976263,-0.406057598164226,S→T
4640,928,P,765729,765687,765757,70,0.1356895,838,133.3718423110083,0.029867959817460252,-0.0019124371189665884,0.4028291910520667,-0.03371379602955157,T→P
4641,928,Q,765821,765773,765831,58,-0.3178425,838,133.3718423110083,-0.033203613510553086,-0.023689195565667166,-0.06307157332801333,-0.021776758446700576,P→Q
4642,928,R,765851,765831,765869,38,1.6587225,838,133.3718423110083,0.17475223763077843,0.22136417233149788,0.20795585114133153,0.24505336789716506,Q→R
4643,928,S,765877,765869,765886,17,-0.1641375,838,133.3718423110083,-0.0053085656709751785,-0.010581281993650413,-0.1800608033017536,-0.2319454543251483,R→S
4644,928,T,766110,765960,766178,218,0.36770850000000005,838,133.3718423110083,-0.24818002057503535,0.12466776566444211,-0.24287145490406017,0.13524904765809254,S→T
4645,929,P,766567,766524,766577,53,0.11541799999999999,860,136.87325105903,0.024306185356866076,-0.002483917850278298,0.2724862059319014,-0.12715168351472042,T→P
4646,929,Q,766659,766593,766670,77,-0.35032199999999997,860,136.87325105903,-0.048856984219414236,-0.029912790348886786,-0.07316316957628032,-0.027428872498608488,P→Q
4647,929,R,766689,766670,766706,36,1.6622000000000001,860,136.87325105903,0.1717471496325971,0.20798434583288017,0.22060413385201133,0.23789713618176694,Q→R
4648,929,S,766716,766706,766726,20,-0.183263,860,136.87325105903,-0.007061565135469038,-0.013288456320538678,-0.17880871476806615,-0.22127280215341885,R→S
4649,929,T,766967,766858,766996,138,0.260393,860,136.87325105903,-0.12185878154193275,0.054916503648641285,-0.1147972164064637,0.06820495996917997,S→T
4650,930,P,767427,767398,767456,58,0.15888400000000003,838,133.3718423110083,0.03275573582990317,0.0002125773836516435,0.1546145173718359,-0.05470392626498964,T→P
4651,930,Q,767528,767512,767538,26,-0.244782,838,133.3718423110083,-0.020854010005725277,-0.019303530306779716,-0.05360974583562844,-0.01951610769043136,P→Q
4652,930,R,767551,767538,767576,38,1.587364,838,133.3718423110083,0.15929355701261966,0.23117093606085998,0.18014756701834495,0.2504744663676397,Q→R
4653,930,S,767582,767576,767588,12,-0.08933799999999997,838,133.3718423110083,-0.0019392164279056479,-0.004420605519191025,-0.1612327734405253,-0.235591541580051,R→S
4654,930,T,767826,767676,767891,215,0.327683,838,133.3718423110083,-0.22337128067086331,0.08478260058709121,-0.22143206424295767,0.08920320610628224,S→T
4655,931,P,768265,768221,768293,72,0.14932199999999998,859,136.7140961159381,0.039236492508873504,-0.002286292203065146,0.2626077731797368,-0.08706889279015635,T→P
4656,931,Q,768357,768348,768366,18,-0.282163,859,136.7140961159381,-0.017000551227776748,-0.013461211475790201,-0.056237043736650255,-0.011174919272725056,P→Q
4657,931,R,768385,768366,768408,42,1.670616,859,136.7140961159381,0.18258188694459793,0.21997201212313722,0.19958243817237467,0.23343322359892743,Q→R
4658,931,S,768414,768408,768419,11,-0.080922,859,136.7140961159381,-0.0020021445413549908,-0.0037722598482670382,-0.18458403148595293,-0.22374427197140426,R→S
4659,931,T,768665,768515,768754,239,0.39465799999999995,859,136.7140961159381,-0.2811356654392236,0.1427711290458482,-0.2791335208978686,0.14654338889411525,S→T
4660,932,P,769124,769081,769156,75,0.16964900000000002,919,146.2633927014518,0.03757768894460215,-0.0006732438989657965,0.31871335438382575,-0.14344437294481402,T→P
4661,932,Q,769225,769209,769235,26,-0.21196899999999996,919,146.2633927014518,-0.017338752743020804,-0.013933889631887833,-0.054916441687622955,-0.013260645732922037,P→Q
4662,932,R,769254,769235,769272,37,1.645701,919,146.2633927014518,0.17202964016337582,0.20867880894038632,0.18936839290639662,0.22261269857227414,Q→R
4663,932,S,769277,769272,769284,12,-0.129031,919,146.2633927014518,-0.0031609525333557175,-0.00550777267024594,-0.17519059269673154,-0.21418658161063225,R→S
4664,932,T,769524,769374,769632,258,0.43758800000000003,919,146.2633927014518,-0.265653385393372,0.1707637485836933,-0.2624924328600163,0.17627152125393925,S→T
4665,933,P,770043,769997,770090,93,0.189367,862,137.19156094521378,0.0530585851663632,0.00027116416079796653,0.3187119705597352,-0.17049258442289533,T→P
4666,933,Q,770144,770130,770153,23,-0.18936600000000003,862,137.19156094521378,-0.014879272278273313,-0.013110723669256448,-0.06793785744463651,-0.013381887830054414,P→Q
4667,933,R,770167,770153,770193,40,1.635824,862,137.19156094521378,0.17141032937747067,0.2330709081250226,0.18628960165574399,0.24618163179427904,Q→R
4668,933,S,770197,770193,770202,9,-0.07161800000000001,862,137.19156094521378,-0.0013448077270729855,-0.002793415574527348,-0.17275513710454365,-0.23586432369954993,R→S
4669,933,T,770443,770293,770691,398,0.430042,862,137.19156094521378,-0.3535590720878592,0.1191831990314496,-0.35221426436078623,0.12197661460597695,S→T
4670,934,P,770905,770876,770948,72,0.13165699999999997,875,139.26057520540843,0.030713071538945588,0.0008345003549387358,0.3842721436268048,-0.11834869867651086,T→P
4671,934,Q,771009,770987,771017,30,-0.265054,875,139.26057520540843,-0.019382102879990835,-0.017040153902457316,-0.05009517441893642,-0.017874654257396053,P→Q
4672,934,R,771038,771017,771057,40,1.61348,875,139.26057520540843,0.16584172269469938,0.2246236779113464,0.18522382557469022,0.24166383181380371,Q→R
4673,934,S,771065,771057,771070,13,-0.022048000000000012,875,139.26057520540843,-0.0005503866810040319,-0.001173061112363714,-0.16639210937570342,-0.2257967390237101,R→S
4674,934,T,771301,771151,771551,400,0.402482,875,139.26057520540843,-0.3167718454052316,0.09768301627748983,-0.3162214587242276,0.09885607738985355,S→T
4675,935,P,771780,771750,771808,58,0.1478975,898,142.92113889652202,0.02694511988446101,-0.000281893953776274,0.34371696528969264,-0.0979649102312661,T→P
4676,935,Q,771877,771841,771889,48,-0.2603925,898,142.92113889652202,-0.025507781573258594,-0.01909689459758983,-0.05245290145771961,-0.018815000643813556,P→Q
4677,935,R,771906,771889,771926,37,1.6454055,898,142.92113889652202,0.1714409268816172,0.20959994332602833,0.19694870845487578,0.22869683792361817,Q→R
4678,935,S,771931,771926,771939,13,-0.1739775,898,142.92113889652202,-0.005065718473852583,-0.009103672792261045,-0.17650664535546978,-0.21870361611828937,R→S
4679,935,T,772180,772030,772248,218,0.41295149999999997,898,142.92113889652202,-0.241547469128815,0.1416333722310941,-0.2364817506549624,0.15073704502335514,S→T
4680,936,P,772678,772594,772762,168,0.1902355,859,136.7140961159381,0.08832006546125626,-0.0011414967865725325,0.32986753459007123,-0.14277486901766662,T→P
4681,936,Q,772769,772762,772777,15,-0.22327049999999998,859,136.7140961159381,-0.011925331594212546,-0.009383443315274024,-0.10024539705546881,-0.008241946528701492,P→Q
4682,936,R,772799,772777,772823,46,1.7857375,859,136.7140961159381,0.1982433927847774,0.23680624245796417,0.21016872437898995,0.2461896857732382,Q→R
4683,936,S,772827,772823,772829,6,-0.026098499999999997,859,136.7140961159381,-0.0002749797987990435,-0.0005166585901450032,-0.19851837258357644,-0.23732290104810916,R→S
4684,936,T,773078,772928,773328,400,0.49124650000000003,859,136.7140961159381,-0.4528411924973996,0.09147973872317132,-0.4525662126986006,0.09199639731331632,S→T
4685,937,P,773537,773495,773565,70,0.1534095,822,130.82536322153797,0.03916164601899349,-0.0018239748040313403,0.4920028385163931,-0.09330371352720265,T→P
4686,937,Q,773630,773619,773639,20,-0.3134775,822,130.82536322153797,-0.020897784027534453,-0.017789875074333706,-0.060059430046527945,-0.015965900270302365,P→Q
4687,937,R,773657,773639,773683,44,1.6161075,822,130.82536322153797,0.1752825543198498,0.23360992818927742,0.19618033834738424,0.2513998032636111,Q→R
4688,937,S,773686,773683,773692,9,-0.08264250000000001,822,130.82536322153797,-0.0015506229034290837,-0.0034313035603033525,-0.17683317722327888,-0.23704123174958078,R→S
4689,937,T,773937,773787,773986,199,0.3418885,822,130.82536322153797,-0.23153947573435116,0.09001569399715431,-0.22998885283092207,0.09344699755745767,S→T
4690,938,P,774359,774327,774403,76,0.159495,876,139.41973014850032,0.03680645931457817,0.0005058379420306521,0.26834593504892934,-0.08950985605512365,T→P
4691,938,Q,774462,774441,774471,30,-0.240694,876,139.41973014850032,-0.019462238950030547,-0.016954180405551748,-0.056268698264608716,-0.0174600183475824,P→Q
4692,938,R,774491,774471,774509,38,1.652934,876,139.41973014850032,0.16935151673178822,0.22828562651049963,0.18881375568181877,0.24523980691605138,Q→R
4693,938,S,774513,774509,774521,12,-0.075965,876,139.41973014850032,-0.001577940091741163,-0.003194638173988143,-0.1709294568235294,-0.2314802646844878,R→S
4694,938,T,774756,774606,775006,400,0.451221,876,139.41973014850032,-0.4013561962248422,0.06118456662443591,-0.39977825613310103,0.06437920479842404,S→T
4695,939,P,775235,775192,775262,70,0.152559,902,143.5577586688896,0.030878002869577488,-0.0016440945823781989,0.4322341990944197,-0.0628286612068141,T→P
4696,939,Q,775329,775297,775340,43,-0.296942,902,143.5577586688896,-0.02572843693387733,-0.018445703391813333,-0.05660643980345482,-0.016801608809435133,P→Q
4697,939,R,775359,775340,775378,38,1.688909,902,143.5577586688896,0.17530684774754787,0.20261248940949766,0.2010352846814252,0.221058192801311,Q→R
4698,939,S,775383,775378,775393,15,-0.173385,902,143.5577586688896,-0.005245670740582017,-0.00898349558181572,-0.1805525184881299,-0.21159598499131338,R→S
4699,939,T,775634,775487,775682,195,0.36364,902,143.5577586688896,-0.18397122855489678,0.11763720292362252,-0.17872555781431476,0.12662069850543825,S→T
4700,940,P,776137,776108,776179,71,0.1441425,875,139.26057520540843,0.0351136156050313,0.000963127437755322,0.21908484415992807,-0.1166740754858672,T→P
4701,940,Q,776242,776217,776251,34,-0.2978115,875,139.26057520540843,-0.021013063863692977,-0.0187831330692819,-0.05612667946872427,-0.019746260507037223,P→Q
4702,940,R,776272,776251,776289,38,1.6601835,875,139.26057520540843,0.16175051864075235,0.2253559591394708,0.18276358250444533,0.24413909220875268,Q→R
4703,940,S,776299,776289,776306,17,-0.0750775,875,139.26057520540843,-0.0022563719868995196,-0.00502034531428763,-0.16400689062765186,-0.23037630445375842,R→S
4704,940,T,776533,776383,776620,237,0.3854095,875,139.26057520540843,-0.25433768583483946,0.12191518437534084,-0.2520813138479399,0.12693552968962846,S→T
4705,941,P,777012,777002,777041,39,0.168484,820,130.5070533353542,0.023912886786969605,0.0012862322008539882,0.2782505726218091,-0.12062895217448685,T→P
4706,941,Q,777110,777096,777122,26,-0.25778500000000004,820,130.5070533353542,-0.02247416941855794,-0.020986565391137368,-0.04638705620552755,-0.022272797591991356,P→Q
4707,941,R,777136,777122,777161,39,1.638136,820,130.5070533353542,0.1624571041031756,0.24332316332120058,0.18493127352173355,0.26430972871233793,Q→R
4708,941,S,777167,777161,777174,13,-0.08961599999999999,820,130.5070533353542,-0.00206380845977366,-0.005062552632862992,-0.16452091256294926,-0.24838571595406356,R→S
4709,941,T,777411,777265,777477,212,0.343645,820,130.5070533353542,-0.22353614289959078,0.06557407073147914,-0.22147233443981712,0.07063662336434214,S→T
4710,942,P,777832,777789,777858,69,0.1447165,877,139.5788850915922,0.029467491815286465,-0.0012261273913982094,0.25300363471487725,-0.06680019812287735,T→P
4711,942,Q,777927,777915,777938,23,-0.2717125,877,139.5788850915922,-0.01958035113913705,-0.01583329746528272,-0.049047842954423514,-0.014607170073884512,P→Q
4712,942,R,777952,777938,777977,39,1.6653815,877,139.5788850915922,0.1749099618789575,0.2174683836477703,0.19449031301809455,0.23330168111305302,Q→R
4713,942,S,777982,777977,777990,13,-0.1325455,877,139.5788850915922,-0.0037076600870024185,-0.006942926338724547,-0.1786176219659599,-0.22441130998649483,R→S
4714,942,T,778230,778080,778279,199,0.3650825,877,139.5788850915922,-0.2113893581313778,0.12285441930132224,-0.2076816980443754,0.12979734564004677,S→T
4715,943,P,778709,778666,778756,90,0.17168400000000003,899,143.08029383961392,0.04130003528514211,0.0003977517741254541,0.2526893934165199,-0.12245666752719678,T→P
4716,943,Q,778811,778795,778821,26,-0.21748099999999998,899,143.08029383961392,-0.017179229390937665,-0.014539624268237981,-0.05847926467607978,-0.014937376042363436,P→Q
4717,943,R,778841,778821,778858,37,1.673816,899,143.08029383961392,0.17130042277341112,0.22037813544634174,0.18847965216434878,0.23491775971457973,Q→R
4718,943,S,778863,778858,778870,12,-0.14094299999999998,899,143.08029383961392,-0.003471621363810731,-0.006511607682834038,-0.17477204413722186,-0.22688974312917579,R→S
4719,943,T,779109,778959,779196,237,0.427453,899,143.08029383961392,-0.2660712766667282,0.15589368987584515,-0.26259965530291746,0.1624052975586792,S→T
4720,944,P,779608,779562,779636,74,0.16095600000000002,879,139.897194977776,0.03965885485633684,-0.002572875834222902,0.30573013152306505,-0.15846656571006806,T→P
4721,944,Q,779701,779672,779711,39,-0.300123,879,139.897194977776,-0.024120385682494687,-0.017873855507118203,-0.06377924053883152,-0.015300979672895301,P→Q
4722,944,R,779731,779711,779750,39,1.693829,879,139.897194977776,0.17688428099664744,0.21037265951358017,0.20100466667914213,0.22824651502069837,Q→R
4723,944,S,779756,779750,779764,14,-0.15629500000000002,879,139.897194977776,-0.004485755910998837,-0.008051858382142719,-0.18137003690764628,-0.2184245178957229,R→S
4724,944,T,780008,779858,780074,216,0.394085,879,139.897194977776,-0.24198208253611772,0.13929159698455737,-0.23749632662511888,0.1473434553667001,S→T
4725,945,P,780487,780442,780517,75,0.16935299999999998,800,127.32395447351627,0.04395244694553681,-0.0014437288939609396,0.28593452948165454,-0.1407353258785183,T→P
4726,945,Q,780583,780572,780595,23,-0.22388100000000002,800,127.32395447351627,-0.017056343167405015,-0.016158848588494354,-0.06100879011294182,-0.014715119694533414,P→Q
4727,945,R,780609,780595,780635,40,1.659315,800,127.32395447351627,0.16728734648927346,0.2563241298404812,0.18434368965667847,0.27248297842897556,Q→R
4728,945,S,780640,780635,780645,10,-0.070767,800,127.32395447351627,-0.001330535619566965,-0.003416037716232714,-0.16861788210884043,-0.2597401675567139,R→S
4729,945,T,780886,780736,781136,400,0.42279199999999995,800,127.32395447351627,-0.37578920929704634,-0.015459758605708746,-0.37445867367747937,-0.012043720889476032,S→T
4730,946,P,781287,781256,781333,77,0.13716899999999999,817,130.02958850607848,0.03878862145662025,0.0019686109601031528,0.4145778307536666,0.0174283695658119,T→P
4731,946,Q,781393,781371,781402,31,-0.273489,817,130.02958850607848,-0.017603914464780154,-0.01794331006455052,-0.05639253592140041,-0.019911921024653674,P→Q
4732,946,R,781423,781402,781446,44,1.6572799999999999,817,130.02958850607848,0.16097692813538841,0.26382541722821085,0.17858084260016857,0.28176872729276137,Q→R
4733,946,S,781452,781446,781455,9,-0.033367999999999995,817,130.02958850607848,-0.0004453813653804671,-0.0013687472683817437,-0.16142230950076888,-0.2651941644965926,R→S
4734,946,T,781685,781535,781753,218,0.365674,817,130.02958850607848,-0.27081709463543074,0.07985358523707792,-0.2703717132700503,0.08122233250545965,S→T
4735,947,P,782104,782060,782132,72,0.15860649999999998,818,130.1887434491704,0.0350891616987561,-0.0015019583586843507,0.30590625633418683,-0.08135554359576228,T→P
4736,947,Q,782201,782188,782212,24,-0.24794550000000004,818,130.1887434491704,-0.01877390387223367,-0.017190010689095692,-0.05386306557098977,-0.01568805233041134,P→Q
4737,947,R,782230,782212,782250,38,1.6653995000000001,818,130.1887434491704,0.1714751009976797,0.25137355496300956,0.19024900486991336,0.26856356565210526,Q→R
4738,947,S,782255,782250,782263,13,-0.15457550000000003,818,130.1887434491704,-0.0038997383929146034,-0.009121854004033786,-0.1753748393905943,-0.2604954089670434,R→S
4739,947,T,782503,782353,782570,217,0.3859645,818,130.1887434491704,-0.2662261326965402,0.08213421555036458,-0.2623263943036256,0.09125606955439837,S→T
4740,948,P,782922,782879,782950,71,0.1464545,819,130.3478983922623,0.03578849298397608,-0.0019033067514140597,0.3020146256805163,-0.08403752230177865,T→P
4741,948,Q,783017,783005,783028,23,-0.28562150000000003,819,130.3478983922623,-0.020307536009293536,-0.018098253589659757,-0.05609602899326961,-0.016194946838245697,P→Q
4742,948,R,783048,783028,783066,38,1.6938295,819,130.3478983922623,0.17333851438731882,0.2456398917402491,0.19364605039661234,0.26373814532990886,Q→R
4743,948,S,783071,783066,783080,14,-0.17312650000000002,819,130.3478983922623,-0.004410599460365536,-0.00995671114827889,-0.17774911384768435,-0.255596602888528,R→S
4744,948,T,783322,783172,783389,217,0.3871305,819,130.3478983922623,-0.27385806313057554,0.09054910656077202,-0.26944746367021,0.1005058177090509,S→T
4745,949,P,783741,783697,783769,72,0.1661535,779,123.98170066858647,0.03990194362381814,-0.001736986503787454,0.3137600067543937,-0.09228609306455947,T→P
4746,949,Q,783837,783825,783847,22,-0.2659235,779,123.98170066858647,-0.019108515668377655,-0.018411447800259436,-0.0590104592921958,-0.01667446129647198,P→Q
4747,949,R,783861,783847,783888,41,1.6572615,779,123.98170066858647,0.16691378962018885,0.2635312120539254,0.1860223052885665,0.2819426598541848,Q→R
4748,949,S,783892,783888,783899,11,-0.0907615,779,123.98170066858647,-0.0018307039586631278,-0.005035403217139777,-0.168744493578852,-0.2685666152710652,R→S
4749,949,T,784141,783991,784207,216,0.36336250000000003,779,123.98170066858647,-0.27524366316979326,0.05136453999151859,-0.2734129592111301,0.05639994320865837,S→T
4750,950,P,784520,784474,784568,94,0.185002,798,127.00564458733248,0.05953720859126259,-0.0011359930380751956,0.33478087176105586,-0.05250053302959379,T→P
4751,950,Q,784615,784605,784623,18,-0.238382,798,127.00564458733248,-0.014541092950674156,-0.013229371446916964,-0.07407830154193674,-0.012093378408841768,P→Q
4752,950,R,784639,784623,784667,44,1.7399229999999999,798,127.00564458733248,0.18551666397061561,0.27356376689631606,0.20005775692128977,0.286793138343233,Q→R
4753,950,S,784670,784667,784675,8,-0.042319999999999997,798,127.00564458733248,-0.0006477804003984775,-0.0015940476628390073,-0.1861644443710141,-0.27515781455915506,R→S
4754,950,T,784899,784749,785149,400,0.44602300000000006,798,127.00564458733248,-0.4339814993780615,0.0420679671651504,-0.43333371897766304,0.043662014827989405,S→T
4755,951,P,785318,785275,785345,70,0.1493215,822,130.82536322153797,0.029709212563748734,-0.0015678440563723147,0.4636907119418103,-0.04363581122152271,T→P
4756,951,Q,785413,785361,785424,63,-0.3024715,822,130.82536322153797,-0.03587461494227984,-0.02712128266898962,-0.06558382750602856,-0.025553438612617305,P→Q
4757,951,R,785442,785424,785462,38,1.6694695,822,130.82536322153797,0.1707803704074772,0.2392159449873134,0.20665498534975704,0.266337227656303,Q→R
4758,951,S,785467,785462,785476,14,-0.1951555,822,130.82536322153797,-0.005275660361239806,-0.011739661962887275,-0.176056030768717,-0.2509556069502007,R→S
4759,951,T,785717,785588,785765,177,0.35174649999999996,822,130.82536322153797,-0.2162708450481273,0.06802990671217776,-0.2109951846868875,0.07976956867506504,S→T
4760,952,P,786140,786112,786183,71,0.131935,835,132.89437748173262,0.03338808165831447,0.0008620123469269413,0.24965892670644177,-0.06716789436525082,T→P
4761,952,Q,786245,786219,786255,36,-0.286233,835,132.89437748173262,-0.020466977494233287,-0.019894613596623666,-0.05385505915254776,-0.020756625943550606,P→Q
4762,952,R,786276,786255,786293,38,1.7407910000000002,835,132.89437748173262,0.16130945283935355,0.2528999936144095,0.18177643033358684,0.27279460721103316,Q→R
4763,952,S,786298,786293,786308,15,-0.081477,835,132.89437748173262,-0.0022156469234683937,-0.005774330275771897,-0.16352509976282195,-0.2586743238901814,R→S
4764,952,T,786536,786386,786786,400,0.448594,835,132.89437748173262,-0.36958060367131257,0.06404423436467307,-0.3673649567478442,0.06981856464044497,S→T
4765,953,P,786975,786948,787003,55,0.1444025,759,120.79860180674856,0.030187309852860257,4.609218547502453e-05,0.39976791352417285,-0.06399814217919805,T→P
4766,953,Q,787073,787037,787086,49,-0.2534565,759,120.79860180674856,-0.02995126219951365,-0.02936792373525408,-0.06013857205237391,-0.029414015920729106,P→Q
4767,953,R,787099,787086,787123,37,1.5995535,759,120.79860180674856,0.14989354800580348,0.2686603937230029,0.17984481020531715,0.298028317458257,Q→R
4768,953,S,787129,787123,787136,13,-0.1212065,759,120.79860180674856,-0.0024147198958532397,-0.007953749368671196,-0.15230826790165672,-0.2766141430916741,R→S
4769,953,T,787375,787248,787421,173,0.2853445,759,120.79860180674856,-0.19040913731737674,0.01154959010429266,-0.1879944174215235,0.019503339472963857,S→T
4770,954,P,787734,787706,787781,75,0.1551295,799,127.16479953042438,0.04248584245217164,0.001988777921944777,0.23289497976954837,-0.009560812182347882,T→P
4771,954,Q,787841,787820,787849,29,-0.24794449999999998,799,127.16479953042438,-0.016822197538825395,-0.018035321729585156,-0.05930803999099704,-0.020024099651529934,P→Q
4772,954,R,787870,787849,787890,41,1.6601465,799,127.16479953042438,0.1559941745306102,0.2742984274497315,0.1728163720694356,0.29233374917931665,Q→R
4773,954,S,787898,787890,787903,13,-0.028133500000000006,799,127.16479953042438,-0.0006080287323450348,-0.0019530413732434552,-0.15660220326295524,-0.27625146882297497,R→S
4774,954,T,788134,787984,788384,400,0.4010575,799,127.16479953042438,-0.34521337340157954,0.004603235878813981,-0.3446053446692345,0.006556277252057436,S→T
4775,955,P,788533,788486,788580,94,0.192529,801,127.48310941660817,0.05916333539399648,-0.0015152033378614382,0.404376708795576,-0.006118439216675419,T→P
4776,955,Q,788628,788618,788638,20,-0.23606999999999997,801,127.48310941660817,-0.015617198579273005,-0.014370264561618698,-0.07478053397326949,-0.01285506122375726,P→Q
4777,955,R,788659,788638,788678,40,1.729472,801,127.48310941660817,0.17870346154507755,0.2649028535273812,0.19432066012435056,0.2792731180889999,Q→R
4778,955,S,788682,788678,788689,11,-0.13863099999999998,801,127.48310941660817,-0.0028678416724158104,-0.006862720065127521,-0.18157130321749335,-0.2717655735925087,R→S
4779,955,T,788931,788781,789020,239,0.44075200000000003,801,127.48310941660817,-0.3531572940594777,0.09831714563502406,-0.3502894523870619,0.10517986570015157,S→T
4780,956,P,789334,789306,789377,71,0.13949999999999999,760,120.95775674984046,0.0355188282722017,0.0008306230244647977,0.3886761223316794,-0.09748652261055926,T→P
4781,956,Q,789440,789395,789450,55,-0.321579,760,120.95775674984046,-0.02885256436352512,-0.030431984985234542,-0.06437139263572682,-0.03126260800969934,P→Q
4782,956,R,789471,789450,789490,40,1.619585,760,120.95775674984046,0.1389784194670218,0.27832044526268573,0.16783098383054693,0.30875243024792026,Q→R
4783,956,S,789498,789490,789505,15,-0.09481200000000001,760,120.95775674984046,-0.0014358390684038498,-0.006384682562458058,-0.14041425853542566,-0.2847051278251438,R→S
4784,956,T,789731,789586,789797,211,0.334379,760,120.95775674984046,-0.24499143681992594,0.012992742744715555,-0.24355559775152208,0.019377425307173613,S→T
4785,957,P,790094,790065,790138,73,0.14529,837,133.2126873679164,0.04066294516613833,0.0016513821560747819,0.2856543819860643,-0.011341360588640773,T→P
4786,957,Q,790199,790190,790208,18,-0.27635499999999996,837,133.2126873679164,-0.013936226697198134,-0.013972106656714781,-0.05459917186333647,-0.015623488812789563,P→Q
4787,957,R,790229,790208,790254,46,1.717005,837,133.2126873679164,0.16817511264497156,0.2612785853290729,0.1821113393421697,0.27525069198578767,Q→R
4788,957,S,790257,790254,790260,6,-0.02813299999999999,837,133.2126873679164,-0.00027145986075672045,-0.0007492976096758879,-0.16844657250572828,-0.2620278829387488,R→S
4789,957,T,790489,790339,790739,400,0.424808,837,133.2126873679164,-0.3582309582585531,0.08369013258336028,-0.3579594983977964,0.08443943019303617,S→T
4790,958,P,790931,790901,790975,74,0.149618,936,148.96902673401405,0.03187613922536153,0.0004975419514631734,0.39010709748391464,-0.0831925906318971,T→P
4791,958,Q,791036,791013,791044,31,-0.260411,936,148.96902673401405,-0.018615534445656317,-0.015072695902368063,-0.05049167367101785,-0.015570237853831236,P→Q
4792,958,R,791064,791044,791081,37,1.676128,936,148.96902673401405,0.16785001644802358,0.2040627858042621,0.1864655508936799,0.21913548170663016,Q→R
4793,958,S,791086,791081,791098,17,-0.11369699999999999,936,148.96902673401405,-0.0032134663900027153,-0.005588867888557046,-0.1710634828380263,-0.20965165369281916,R→S
4794,958,T,791331,791181,791397,216,0.40830900000000003,936,148.96902673401405,-0.21812387660425467,0.16265805023552957,-0.21491041021425195,0.16824691812408663,S→T
4795,959,P,791867,791822,791895,73,0.144421,823,130.98451816462986,0.039696897537081284,-0.0028882467586066234,0.257820774141336,-0.1655462969941362,T→P
4796,959,Q,791959,791948,791969,21,-0.29634900000000003,823,130.98451816462986,-0.020258027505721046,-0.017042722435955972,-0.05995492504280233,-0.01415447567734935,P→Q
4797,959,R,791988,791969,792009,40,1.6291660000000001,823,130.98451816462986,0.17448817519950593,0.22817152227912774,0.19474620270522697,0.2452142447150837,Q→R
4798,959,S,792016,792009,792023,14,-0.132249,823,130.98451816462986,-0.003475808192582873,-0.007429387461858421,-0.1779639833920888,-0.23560090974098616,R→S
4799,959,T,792267,792117,792334,217,0.36190199999999995,823,130.98451816462986,-0.25789108436466485,0.0918403008747261,-0.254415276172082,0.09926968833658452,S→T
4800,960,P,792690,792660,792733,73,0.1479155,795,126.5281797580568,0.04198194025146485,0.0016061675546565882,0.2998730246161297,-0.0902341333200695,T→P
4801,960,Q,792795,792772,792804,32,-0.28475249999999996,795,126.5281797580568,-0.017541890151781415,-0.01848005682895894,-0.05952383040324627,-0.020086224383615528,P→Q
4802,960,R,792825,792804,792850,46,1.6506025,795,126.5281797580568,0.15676518939915085,0.27096515288331485,0.17430707955093228,0.2894452097122738,Q→R
4803,960,S,792854,792850,792856,6,-0.04233849999999997,795,126.5281797580568,-0.0003020423282915909,-0.0010478251805639668,-0.15706723172744244,-0.2720129780638788,R→S
4804,960,T,793085,792935,793174,239,0.4089005,795,126.5281797580568,-0.3443239471201616,0.07768482089174569,-0.34402190479187,0.07873264607230966,S→T
4805,961,P,793485,793441,793513,72,0.164433,799,127.16479953042438,0.04031442474661784,-0.0014981559404721972,0.38463837186677946,-0.0791829768322179,T→P
4806,961,Q,793582,793570,793593,23,-0.240417,799,127.16479953042438,-0.018529941494340122,-0.017627171680176135,-0.05884436624095796,-0.016129015739703937,P→Q
4807,961,R,793612,793593,793631,38,1.674667,799,127.16479953042438,0.16942060767220252,0.2607674836826534,0.18795054916654264,0.27839465536282954,Q→R
4808,961,S,793636,793631,793643,12,-0.158626,799,127.16479953042438,-0.0035509759545125303,-0.008853442876438083,-0.17297158362671505,-0.2696209265590915,R→S
4809,961,T,793886,793736,793953,217,0.416724,799,127.16479953042438,-0.3103187980263409,0.07642649825152334,-0.30676782207182834,0.08527994112796142,S→T
4810,962,P,794284,794240,794312,72,0.1716835,779,123.98170066858647,0.04056818647519679,-0.001569564284075234,0.35088698450153766,-0.07799606253559857,T→P
4811,962,Q,794380,794368,794393,25,-0.2186645,779,123.98170066858647,-0.01910965426394295,-0.019237578654302045,-0.059677840739139745,-0.01766801437022681,P→Q
4812,962,R,794413,794393,794431,38,1.6581314999999999,779,123.98170066858647,0.16417576614120422,0.27281489207537796,0.18328542040514717,0.29205247072968,Q→R
4813,962,S,794436,794431,794443,12,-0.14671349999999997,779,123.98170066858647,-0.003210587065958274,-0.009013196135670748,-0.1673863532071625,-0.2818280882110487,R→S
4814,962,T,794683,794533,794751,218,0.4181675,779,123.98170066858647,-0.315206402711034,0.0507912690555886,-0.3119958156450757,0.05980446519125935,S→T
4815,963,P,795063,795034,795109,75,0.175753,758,120.63944686365667,0.04750107537377418,0.0015234302014807014,0.3627074780848082,-0.049267838854107904,T→P
4816,963,Q,795169,795147,795177,30,-0.23605200000000004,758,120.63944686365667,-0.01864113791418152,-0.0211822944260367,-0.0661422132879557,-0.022705724627517403,P→Q
4817,963,R,795197,795177,795215,38,1.687133,758,120.63944686365667,0.15081280967731303,0.29349923656990456,0.16945394759149454,0.31468153099594126,Q→R
4818,963,S,795219,795215,795226,11,-0.09799400000000001,758,120.63944686365667,-0.0014169321394175594,-0.005062919990538327,-0.1522297418167306,-0.2985621565604429,R→S
4819,963,T,795461,795311,795549,238,0.399597,758,120.63944686365667,-0.33170305761462354,0.014654057459666732,-0.33028612547520597,0.019716977450205057,S→T
4820,964,P,795821,795778,795848,70,0.1806545,699,111.24930522123485,0.048766067653381706,-0.0031956699416872915,0.38046912526800525,-0.017849727401354022,T→P
4821,964,Q,795915,795904,795925,21,-0.2856405,699,111.24930522123485,-0.019860014409049588,-0.02200410542265228,-0.06862608206243129,-0.01880843548096499,P→Q
4822,964,R,795941,795925,795968,43,1.6416135,699,111.24930522123485,0.1571360646576688,0.3098596209596137,0.17699607906671838,0.331863726382266,Q→R
4823,964,S,795970,795968,795977,9,-0.0913535,699,111.24930522123485,-0.0010013635927153168,-0.00447382882132453,-0.15813742825038413,-0.31433344978093825,R→S
4824,964,T,796220,796070,796288,218,0.3552245,699,111.24930522123485,-0.29716104065258264,-0.043931473059564206,-0.29615967705986734,-0.03945764423823968,S→T
4825,965,P,796520,796474,796568,94,0.2018145,799,127.16479953042438,0.06533335852152207,-0.002135441232090653,0.3624943991741047,0.04179603182747355,T→P
4826,965,Q,796609,796601,796618,17,-0.2731735,799,127.16479953042438,-0.016551874014379808,-0.014090264591901228,-0.08188523253590188,-0.011954823359810574,P→Q
4827,965,R,796640,796618,796663,45,1.7161545,799,127.16479953042438,0.19274171021519032,0.25579354544085153,0.20929358422957012,0.26988381003275275,Q→R
4828,965,S,796668,796663,796671,8,-0.05450949999999999,799,127.16479953042438,-0.0007920871497311337,-0.0017987700643296166,-0.19353379736492146,-0.25759231550518114,R→S
4829,965,T,796900,796750,797008,258,0.3966925,799,127.16479953042438,-0.32350440011988996,0.12184074630437042,-0.32271231297015884,0.12363951636870003,S→T
4830,966,P,797319,797288,797347,59,0.16384100000000001,879,139.897194977776,0.03333400917986207,-0.0002529109228916693,0.356838409299752,-0.12209365722726209,T→P
4831,966,Q,797416,797404,797429,25,-0.234609,879,139.897194977776,-0.019513600322794405,-0.01649869908681426,-0.052847609502656476,-0.01624578816392259,P→Q
4832,966,R,797449,797429,797466,37,1.6474030000000002,879,139.897194977776,0.17004131183256843,0.22096091893015096,0.18955491215536283,0.23745961801696522,Q→R
4833,966,S,797471,797466,797479,13,-0.16850300000000001,879,139.897194977776,-0.004819283008585583,-0.009260183014344295,-0.17486059484115402,-0.23022110194449524,R→S
4834,966,T,797718,797569,797770,201,0.361605,879,139.897194977776,-0.2030385157936233,0.10872785429827404,-0.19821923278503772,0.11798803731261834,S→T
4835,967,P,798198,798153,798226,73,0.183558,879,139.897194977776,0.0395444073630157,-0.0018578066350210152,0.242582923156639,-0.11058566093329505,T→P
4836,967,Q,798292,798282,798303,21,-0.256657,879,139.897194977776,-0.01764439448417429,-0.014075077741914363,-0.05718880184718999,-0.012217271106893348,P→Q
4837,967,R,798323,798303,798342,39,1.68336,879,139.897194977776,0.17626811699019496,0.21602045297350334,0.19391251147436925,0.2300955307154177,Q→R
4838,967,S,798346,798342,798355,13,-0.16909400000000002,879,139.897194977776,-0.004608426861012002,-0.008405391449595298,-0.18087654385120697,-0.22442584442309862,R→S
4839,967,T,798600,798450,798664,214,0.382469,879,139.897194977776,-0.2276426525336371,0.13089650721748006,-0.2230342256726251,0.13930189866707535,S→T
4840,968,P,799077,799049,799123,74,0.16587600000000002,780,124.14085561167836,0.044877497151794316,0.0019830177899784487,0.2725201496854314,-0.1289134894275016,T→P
4841,968,Q,799182,799163,799191,28,-0.248222,780,124.14085561167836,-0.017754845863704172,-0.01945311669906824,-0.06263234301549848,-0.021436134489046688,P→Q
4842,968,R,799212,799191,799265,74,1.597833,780,124.14085561167836,0.15432212838312762,0.28640302992840333,0.1720769742468318,0.30585614662747157,Q→R
4843,968,S,799265,799265,799266,1,-0.004068999999999989,780,124.14085561167836,-1.8472517761019456e-06,-3.2725188537924547e-05,-0.15432397563490372,-0.28643575511694125,R→S
4844,968,T,799476,799326,799564,238,0.367709,780,124.14085561167836,-0.32093672504611953,0.04297421967263226,-0.32093487779434343,0.04300694486117019,S→T
4845,969,P,799857,799828,799901,73,0.160364,837,133.2126873679164,0.039673722054572605,0.0012698900305112132,0.3606104471006921,-0.04170432964212105,T→P
4846,969,Q,799964,799939,799973,34,-0.296091,837,133.2126873679164,-0.02006344897600778,-0.019792283542856563,-0.059737171030580384,-0.021062173573367777,P→Q
4847,969,R,799993,799973,800012,39,1.710069,837,133.2126873679164,0.15867254123077731,0.2511389300234741,0.1787359902067851,0.27093121356633065,Q→R
4848,969,S,800017,800012,800026,14,-0.06118599999999999,837,133.2126873679164,-0.0015265808178447223,-0.004094668360134272,-0.16019912204862205,-0.2552335983836084,R→S
4849,969,T,800255,800105,800343,238,0.411509,837,133.2126873679164,-0.3027417760984674,0.10786122990957837,-0.3012151952806227,0.11195589826971264,S→T
4850,970,P,800694,800664,800722,58,0.16992649999999998,859,136.7140961159381,0.033628780384244786,-0.00039341220731144107,0.3363705564827122,-0.10825464211688982,T→P
4851,970,Q,800791,800778,800802,24,-0.23836349999999998,859,136.7140961159381,-0.018461782502758137,-0.015688120455537705,-0.05209056288700292,-0.015294708248226263,P→Q
4852,970,R,800820,800802,800840,38,1.6715034999999998,859,136.7140961159381,0.1740195141171249,0.23044193328490475,0.19248129661988306,0.24613005374044244,Q→R
4853,970,S,800845,800840,800852,12,-0.1530955,859,136.7140961159381,-0.0039815693265308075,-0.007966699405602034,-0.17800108344365573,-0.2384086326905068,R→S
4854,970,T,801093,800943,801161,218,0.41293250000000004,859,136.7140961159381,-0.2629355352527971,0.1279982744673054,-0.2589539659262663,0.13596497387290746,S→T
4855,971,P,801553,801509,801580,71,0.1722575,818,130.1887434491704,0.038084817534381,-0.0013940809736904538,0.3010203527871781,-0.12939235544099587,T→P
4856,971,Q,801648,801637,801660,23,-0.2412865,818,130.1887434491704,-0.017580169374663036,-0.015752908010158613,-0.055664986909044034,-0.01435882703646816,P→Q
4857,971,R,801673,801660,801699,39,1.6355095,818,130.1887434491704,0.16997682858987911,0.2425866147598305,0.18755699796454214,0.2583395227699891,Q→R
4858,971,S,801703,801699,801710,11,-0.0945355,818,130.1887434491704,-0.0021460838904645545,-0.004929495980505543,-0.17212291248034367,-0.24751611074033605,R→S
4859,971,T,801951,801801,802039,238,0.3966925,818,130.1887434491704,-0.3007513080681133,0.09835742226663201,-0.29860522417764873,0.10328691824713755,S→T
4860,972,P,802371,802325,802419,94,0.19806,862,137.19156094521378,0.05574815885390126,-0.0012303502226495614,0.35649946692201456,-0.09958777248928156,T→P
4861,972,Q,802468,802457,802478,21,-0.241564,862,137.19156094521378,-0.01573339524472496,-0.013226161531310378,-0.07148155409862622,-0.011995811308660816,P→Q
4862,972,R,802495,802478,802519,41,1.686282,862,137.19156094521378,0.17829174105162923,0.23247319315591153,0.1940251362963542,0.2456993546872219,Q→R
4863,972,S,802522,802519,802528,9,-0.080312,862,137.19156094521378,-0.0016787380980841007,-0.003349646009899898,-0.17997047914971334,-0.23582283916581143,R→S
4864,972,T,802771,802621,802859,238,0.404517,862,137.19156094521378,-0.29043650447128744,0.14319292150614685,-0.28875776637320333,0.14654256751604675,S→T
4865,973,P,803233,803204,803276,72,0.1354495,877,139.5788850915922,0.03307127281861063,0.0010995992563696394,0.32350777728989805,-0.14209332224977722,T→P
4866,973,Q,803338,803312,803348,36,-0.3181195,877,139.5788850915922,-0.02377717754584745,-0.021354336005613074,-0.056848450364458084,-0.022453935261982715,P→Q
4867,973,R,803369,803348,803385,37,1.6944024999999998,877,139.5788850915922,0.15921278030365713,0.22448889319068782,0.1829899578495046,0.2458432291963009,Q→R
4868,973,S,803395,803385,803404,19,-0.1075565,877,139.5788850915922,-0.0037333544042533113,-0.008398640719826895,-0.16294613470791044,-0.23288753391051473,R→S
4869,973,T,803629,803484,803696,212,0.3326215,877,139.5788850915922,-0.19686535424551843,0.09182626830218471,-0.1931319998412651,0.1002249090220116,S→T
4870,974,P,804110,804083,804140,57,0.1403695,857,136.39578622975432,0.02742981262900331,4.445485777864826e-05,0.22429516687452175,-0.09178181344440606,T→P
4871,974,Q,804215,804173,804224,51,-0.27258150000000003,857,136.39578622975432,-0.028076486065168382,-0.02396617630797162,-0.05550629869417169,-0.02401063116575027,P→Q
4872,974,R,804244,804224,804260,36,1.6558195,857,136.39578622975432,0.1616994144432719,0.23289654734165605,0.1897759005084403,0.25686272364962764,Q→R
4873,974,S,804266,804260,804280,20,-0.10962849999999999,857,136.39578622975432,-0.0031095498935293977,-0.007078414411064377,-0.1648089643368013,-0.23997496175272043,R→S
4874,974,T,804527,804377,804574,197,0.3329175,857,136.39578622975432,-0.2054640359095555,0.07985999623107007,-0.2023544860160261,0.08693841064213445,S→T
4875,975,P,804967,804925,804995,70,0.17022299999999999,801,127.48310941660817,0.03643857121049031,-0.001362425087550105,0.2419026071200458,-0.08122242131862017,T→P
4876,975,Q,805063,805050,805073,23,-0.28737900000000005,801,127.48310941660817,-0.021640736833106133,-0.019836876092352757,-0.05807930804359644,-0.01847445100480265,P→Q
4877,975,R,805087,805073,805114,41,1.626558,801,127.48310941660817,0.16444533832737399,0.24240887116295096,0.18608607516048012,0.2622457472553037,Q→R
4878,975,S,805118,805114,805125,11,-0.09597800000000001,801,127.48310941660817,-0.002252887114670084,-0.005654515096663395,-0.16669822544204407,-0.24806338625961435,R→S
4879,975,T,805366,805216,805419,203,0.32625899999999997,801,127.48310941660817,-0.22466218599376073,0.060421672451138775,-0.22240929887909064,0.06607618754780217,S→T
4880,976,P,805768,805722,805814,92,0.175734,819,130.3478983922623,0.052673544519273634,0.00021012292866098452,0.27733573051303434,-0.06021154952247779,T→P
4881,976,Q,805870,805854,805879,25,-0.211692,819,130.3478983922623,-0.015270555250132678,-0.014848321606508142,-0.06794409976940631,-0.015058444535169127,P→Q
4882,976,R,805893,805879,805920,41,1.65408,819,130.3478983922623,0.17120331446318332,0.26259294991378535,0.186473869713316,0.27744127152029346,Q→R
4883,976,S,805922,805920,805924,4,-0.017405999999999977,819,130.3478983922623,-0.00015445103513159233,-0.0003743814547950724,-0.1713577654983149,-0.2629673313685804,R→S
4884,976,T,806166,806016,806254,238,0.407716,819,130.3478983922623,-0.32746485658162494,0.10447100144152813,-0.3273104055464933,0.1048453828963232,S→T
4885,977,P,806587,806559,806614,55,0.1432545,879,139.897194977776,0.027182075577676545,3.6500530952342564e-05,0.3546469321593015,-0.10443450091057578,T→P
4886,977,Q,806692,806667,806700,33,-0.2812755,879,139.897194977776,-0.023191998357987395,-0.02028636324409,-0.05037407393566394,-0.020322863775042343,P→Q
4887,977,R,806721,806700,806737,37,1.6645495000000001,879,139.897194977776,0.16466713108221015,0.22437773647678624,0.18785912944019756,0.24466409972087624,Q→R
4888,977,S,806742,806737,806757,20,-0.1148075,879,139.897194977776,-0.0037672068797046606,-0.007887756985488433,-0.16843433796191482,-0.23226549346227468,R→S
4889,977,T,806984,806839,807050,211,0.3427575,879,139.897194977776,-0.20081838621332068,0.10385197034435974,-0.19705117933361602,0.11173972732984817,S→T
4890,978,P,807466,807435,807511,76,0.15979049999999997,837,133.2126873679164,0.04278850163120301,0.0013883463270408162,0.2436068878445237,-0.10246362401731893,T→P
4891,978,Q,807570,807549,807579,30,-0.2699925,837,133.2126873679164,-0.019514081846513657,-0.018659318635740847,-0.062302583477716666,-0.020047664962781663,P→Q
4892,978,R,807599,807579,807617,38,1.6833784999999999,837,133.2126873679164,0.1633736250601639,0.24627575204052427,0.18288770690667755,0.2649350706762651,Q→R
4893,978,S,807621,807617,807631,14,-0.06642050000000002,837,133.2126873679164,-0.0016716392118084082,-0.004004218736008195,-0.1650452642719723,-0.25027997077653247,R→S
4894,978,T,807863,807713,807950,237,0.39118149999999996,837,133.2126873679164,-0.2892959468162873,0.10366378692138148,-0.2876243076044789,0.10766800565738967,S→T
4895,979,P,808303,808277,808348,71,0.14007350000000002,838,133.3718423110083,0.036364706134613616,0.001581078900240611,0.3256606529509009,-0.10208270802114086,T→P
4896,979,Q,808410,808387,808419,32,-0.3070965,838,133.3718423110083,-0.021152189182365194,-0.02093494946639976,-0.05751689531697881,-0.02251602836664037,P→Q
4897,979,R,808440,808419,808466,47,1.6126115,838,133.3718423110083,0.15599234009824248,0.24623799409733826,0.17714452928060767,0.267172943563738,Q→R
4898,979,S,808469,808466,808472,6,-0.0356795,838,133.3718423110083,-0.0003164632619749826,-0.0009259048365587346,-0.15630880336021746,-0.247163898933897,R→S
4899,979,T,808701,808551,808951,400,0.3958425,838,133.3718423110083,-0.3528303393583236,0.03779186406397695,-0.3525138760963486,0.03871776890053569,S→T
4900,980,P,809141,809113,809187,74,0.163823,878,139.7380400346841,0.037668645854281674,0.0013042988039517025,0.3904989852126053,-0.03648756526002525,T→P
4901,980,Q,809246,809226,809255,29,-0.242137,878,139.7380400346841,-0.01916807288613234,-0.017178809907019955,-0.056836718740414016,-0.018483108710971658,P→Q
4902,980,R,809275,809255,809292,37,1.672355,878,139.7380400346841,0.1662119213847793,0.22921186797326154,0.18537999427091165,0.2463906778802815,Q→R
4903,980,S,809297,809292,809304,12,-0.088469,878,139.7380400346841,-0.001896597655289433,-0.003900453830098527,-0.16810851904006874,-0.23311232180336006,R→S
4904,980,T,809540,809390,809609,219,0.393511,878,139.7380400346841,-0.250128831828541,0.13036730626545884,-0.24823223417325158,0.13426776009555735,S→T
4905,981,P,810019,809974,810046,72,0.151374,862,137.19156094521378,0.03896556108382232,-0.002567497594753051,0.28909439291236333,-0.1329348038602119,T→P
4906,981,Q,810110,810084,810119,35,-0.29694200000000004,862,137.19156094521378,-0.02271062738019333,-0.017025316863365732,-0.06167618846401565,-0.014457819268612681,P→Q
4907,981,R,810140,810119,810160,41,1.730674,862,137.19156094521378,0.18472321656217905,0.21895318978012918,0.20743384394237238,0.2359785066434949,Q→R
4908,981,S,810167,810160,810173,13,-0.133397,862,137.19156094521378,-0.0036046232996992237,-0.006606678673924443,-0.18832783986187826,-0.22555986845405362,R→S
4909,981,T,810418,810268,810486,218,0.390348,862,137.19156094521378,-0.2473289539472745,0.12807134826137734,-0.2437243306475753,0.1346780269353018,S→T
4910,982,P,810881,810852,810911,59,0.145844,815,129.7112786198947,0.03403257583977076,-0.0002930061214387044,0.28136152978704526,-0.12836435438281604,T→P
4911,982,Q,810985,810962,810994,32,-0.29551800000000006,815,129.7112786198947,-0.022879538994177134,-0.022422183872963256,-0.0569121148339479,-0.02212917775152455,P→Q
4912,982,R,811014,810994,811032,38,1.586494,815,129.7112786198947,0.15612577379796408,0.24604555296131164,0.1790053127921412,0.2684677368342749,Q→R
4913,982,S,811042,811032,811051,19,-0.05713599999999999,815,129.7112786198947,-0.0016210626572103878,-0.004544511277214654,-0.15774683645517446,-0.2505900642385263,R→S
4914,982,T,811297,811147,811344,197,0.31926699999999997,815,129.7112786198947,-0.23197093050026388,0.059673144045684086,-0.2303498678430535,0.06421765532289873,S→T
4915,983,P,811696,811667,811725,58,0.15805149999999998,839,133.53099725410019,0.032356260319901714,0.0006384098805298591,0.2643271908201656,-0.05903473416515423,T→P
4916,983,Q,811798,811783,811808,25,-0.22822750000000003,839,133.53099725410019,-0.018102901325232484,-0.016925032553549716,-0.0504591616451342,-0.017563442434079576,P→Q
4917,983,R,811821,811808,811847,39,1.6595925,839,133.53099725410019,0.16778303219134008,0.2456754336070707,0.18588593351657257,0.26260046616062044,Q→R
4918,983,S,811852,811847,811857,10,-0.06294350000000001,839,133.53099725410019,-0.001046742328619145,-0.002424368688421785,-0.16882977451995923,-0.24809980229549247,R→S
4919,983,T,812096,811946,812346,400,0.40105749999999996,839,133.53099725410019,-0.32740175110675435,0.05190097711371701,-0.3263550087781352,0.0543253458021388,S→T
4920,984,P,812535,812489,812563,74,0.1617885,879,139.897194977776,0.03780880512488816,-0.001076119697791451,0.3652105562316425,-0.05297709681150846,T→P
4921,984,Q,812632,812620,812644,24,-0.2302615,879,139.897194977776,-0.017628395462590672,-0.01486738296855075,-0.055437200587478835,-0.013791263270759298,P→Q
4922,984,R,812665,812644,812682,38,1.7028005,879,139.897194977776,0.17856138456781603,0.23017045771102218,0.1961897800304067,0.24503784067957293,Q→R
4923,984,S,812687,812682,812693,11,-0.12993749999999998,879,139.897194977776,-0.0030585159220118605,-0.00582466493891957,-0.1816199004898279,-0.23599512264994174,R→S
4924,984,T,812934,812784,813021,237,0.4228105,879,139.897194977776,-0.27833311460528404,0.14694129070172332,-0.2752745986832722,0.15276595564064288,S→T
4925,985,P,813414,813369,813445,76,0.176012,858,136.5549411728462,0.047152617063084705,-0.002494789594752326,0.32548573166836875,-0.14943608029647565,T→P
4926,985,Q,813509,813498,813519,21,-0.273451,858,136.5549411728462,-0.017580200859548843,-0.014514750867465119,-0.06473281792263355,-0.012019961272712792,P→Q
4927,985,R,813539,813519,813560,41,1.720501,858,136.5549411728462,0.18473609964641172,0.2360865296590278,0.20231630050596056,0.2506012805264929,Q→R
4928,985,S,813563,813560,813570,10,-0.09192699999999998,858,136.5549411728462,-0.0018373798166765813,-0.003600350795829366,-0.1865734794630883,-0.23968688045485717,R→S
4929,985,T,813813,813668,813861,193,0.326832,858,136.5549411728462,-0.18679382500226108,0.09237550017009585,-0.1849564451855845,0.09597585096592522,S→T
4930,986,P,814272,814228,814298,70,0.12904950000000004,883,140.5338147501436,0.033552483434816836,-0.002603570910070503,0.22034630843707792,-0.09497907108016636,T→P
4931,986,Q,814361,814336,814370,34,-0.32969849999999995,883,140.5338147501436,-0.024068233352540814,-0.017104413520221066,-0.057620716787357654,-0.014500842610150564,P→Q
4932,986,R,814391,814370,814415,45,1.7309145,883,140.5338147501436,0.19524571691779077,0.2136382776142643,0.2193139502703316,0.23074269113448537,Q→R
4933,986,S,814420,814415,814423,8,-0.04670349999999998,883,140.5338147501436,-0.0007327944442687481,-0.0012685798359439182,-0.19597851136205952,-0.2149068574502082,R→S
4934,986,T,814671,814521,814921,400,0.4039435,883,140.5338147501436,-0.31725503477511197,0.10913455589479476,-0.3165222403308432,0.11040313573073868,S→T
4935,987,P,815155,815124,815198,74,0.144697,938,149.28733662019783,0.040671796729422394,0.0014117620303670054,0.35792683150453436,-0.10772279386442775,T→P
4936,987,Q,815260,815237,815269,32,-0.284494,938,149.28733662019783,-0.016840149246183673,-0.014037242619365533,-0.05751194597560606,-0.015449004649732537,P→Q
4937,987,R,815290,815269,815311,42,1.82373,938,149.28733662019783,0.17633795022263582,0.21861668790410202,0.1931780994688195,0.23265393052346756,Q→R
4938,987,S,815313,815311,815321,10,-0.05306599999999999,938,149.28733662019783,-0.0011793726854393588,-0.0021628278046412846,-0.17751732290807518,-0.2207795157087433,R→S
4939,987,T,815570,815420,815659,239,0.431762,938,149.28733662019783,-0.25995813581180505,0.17131262358007956,-0.25877876312636566,0.17347545138472084,S→T
4940,988,P,816093,816060,816122,62,0.16326849999999998,895,142.44367406724632,0.03330893579926756,-0.00044257764524779935,0.2932670716110726,-0.17175520122532736,T→P
4941,988,Q,816193,816175,816203,28,-0.2513845,895,142.44367406724632,-0.021356747498988277,-0.017681761735939945,-0.054665683298255836,-0.017239184090692146,P→Q
4942,988,R,816223,816203,816241,38,1.7298055,895,142.44367406724632,0.17874289008445146,0.22465743132405538,0.20009963758343974,0.24233919305999532,Q→R
4943,988,S,816246,816241,816251,10,-0.0826235,895,142.44367406724632,-0.001749030133042627,-0.003185186674565725,-0.18049192021749408,-0.2278426179986211,R→S
4944,988,T,816489,816339,816557,218,0.38426350000000004,895,142.44367406724632,-0.23409260814594288,0.13961067293059962,-0.23234357801290026,0.14279585960516533,S→T
4945,989,P,816988,816942,817017,75,0.174865,879,139.897194977776,0.039888464953395715,-0.0007048670457774441,0.2739810730993386,-0.14031553997637705,T→P
4946,989,Q,817085,817073,817098,25,-0.23693899999999998,879,139.897194977776,-0.018702855001864513,-0.01580284516370078,-0.05859131995526023,-0.015097978117923338,P→Q
4947,989,R,817111,817098,817140,42,1.7036689999999999,879,139.897194977776,0.17990106641414869,0.2327725127751851,0.19860392141601318,0.24857535793888588,Q→R
4948,989,S,817142,817140,817145,5,-0.015944000000000014,879,139.897194977776,-0.00018613509088027933,-0.00036840072044466596,-0.18008720150502897,-0.23314091349562976,R→S
4949,989,T,817387,817237,817637,400,0.42075699999999994,879,139.897194977776,-0.3742272588845735,0.0792255798613493,-0.3740411237936932,0.07959398058179397,S→T
4950,990,P,817867,817823,817895,72,0.15513,898,142.92113889652202,0.0349798848540637,-0.0008605016168417349,0.4092071437386372,-0.08008608147819103,T→P
4951,990,Q,817967,817951,817977,26,-0.249683,898,142.92113889652202,-0.021303862937459013,-0.017516927007095277,-0.05628374779152271,-0.016656425390253544,P→Q
4952,990,R,817997,817977,818014,37,1.712936,898,142.92113889652202,0.1772755865165768,0.2208204572306432,0.1985794494540358,0.23833738423773848,Q→R
4953,990,S,818020,818014,818026,12,-0.13138000000000002,898,142.92113889652202,-0.003593521094062569,-0.006531308138537638,-0.18086910761063937,-0.22735176536918084,R→S
4954,990,T,818265,818115,818332,217,0.37146399999999996,898,142.92113889652202,-0.20811424374589382,0.12439236138636627,-0.20452072265183124,0.1309236695249039,S→T
4955,991,P,818765,818720,818793,73,0.134839,799,127.16479953042438,0.039403454781335286,-0.002733088215319161,0.2475176985272291,-0.12712544960168543,T→P
4956,991,Q,818856,818846,818867,21,-0.308853,799,127.16479953042438,-0.022099422025767573,-0.0194241536954049,-0.061502876807102855,-0.01669106548008574,P→Q
4957,991,R,818887,818867,818908,41,1.723979,799,127.16479953042438,0.1808745616439167,0.25152827840414627,0.20297398366968425,0.27095243209955117,Q→R
4958,991,S,818914,818908,818920,12,-0.106428,799,127.16479953042438,-0.0022645869582226304,-0.005320798889113734,-0.1831391486021393,-0.25684907729326,R→S
4959,991,T,819167,819017,819216,199,0.356389,799,127.16479953042438,-0.24973151220243422,0.06691243974150976,-0.2474669252442116,0.07223323863062349,S→T
4960,992,P,819564,819534,819590,56,0.14934,798,127.00564458733248,0.02948297047470431,-0.0003756950953158629,0.27921448267713855,-0.06728813483682562,T→P
4961,992,Q,819659,819646,819670,24,-0.30419199999999996,798,127.00564458733248,-0.022217457426025655,-0.020413378200374813,-0.05170042790072997,-0.02003768310505895,P→Q
4962,992,R,819684,819670,819711,41,1.6914989999999999,798,127.00564458733248,0.17480300216138134,0.25846236325403626,0.197020459587407,0.2788757414544111,Q→R
4963,992,S,819714,819711,819721,10,-0.06581,798,127.00564458733248,-0.0013168603908093063,-0.003323089775115759,-0.17611986255219064,-0.261785453029152,R→S
4964,992,T,819963,819813,820031,218,0.36105000000000004,798,127.00564458733248,-0.2773490872214653,0.07435785145399197,-0.276032226830656,0.07768094122910774,S→T
4965,993,P,820362,820317,820392,75,0.16848400000000002,819,130.3478983922623,0.04529934578720601,-0.0023807431055829554,0.3226484330086713,-0.07673859455957492,T→P
4966,993,Q,820456,820445,820465,20,-0.282163,819,130.3478983922623,-0.01795259872248932,-0.015562878636028425,-0.06325194450969533,-0.01318213553044547,P→Q
4967,993,R,820486,820465,820506,41,1.7500769999999999,819,130.3478983922623,0.18290580106519,0.24972335539401375,0.20085839978767933,0.26528623403004215,Q→R
4968,993,S,820511,820506,820518,12,-0.127903,819,130.3478983922623,-0.003078487810477381,-0.00677105508392412,-0.18598428887566737,-0.25649441047793786,R→S
4969,993,T,820762,820612,820831,219,0.396989,819,130.3478983922623,-0.2934236019825849,0.1026684198498584,-0.2903451141721075,0.10943947493378252,S→T
4970,994,P,821181,821137,821209,72,0.155721,858,136.5549411728462,0.0361983483690548,-0.0015653554614011409,0.32962195035163966,-0.10423377531125955,T→P
4971,994,Q,821277,821265,821288,23,-0.26707,858,136.5549411728462,-0.01892583176639912,-0.01588400692842947,-0.05512418013545392,-0.014318651467028331,P→Q
4972,994,R,821307,821288,821326,38,1.717597,858,136.5549411728462,0.17683319192199604,0.23042982732210948,0.19575902368839515,0.24631383425053896,Q→R
4973,994,S,821330,821326,821339,13,-0.151652,858,136.5549411728462,-0.00408609791845471,-0.008109481512856804,-0.18091928984045075,-0.2385393088349663,R→S
4974,994,T,821581,821431,821648,217,0.381341,858,136.5549411728462,-0.24681578078678215,0.11972770451099134,-0.24272968286832744,0.12783718602384814,S→T
4975,995,P,822039,821996,822067,71,0.145863,800,127.32395447351627,0.039768649405894134,-0.002556321515923623,0.28658443019267626,-0.12228402602691496,T→P
4976,995,Q,822132,822121,822141,20,-0.294944,800,127.32395447351627,-0.01980152859633066,-0.01754776852964578,-0.05957017800222479,-0.014991447013722157,P→Q
4977,995,R,822162,822141,822183,42,1.655541,800,127.32395447351627,0.17683047553027814,0.24649114527256832,0.1966320041266088,0.2640389138022141,Q→R
4978,995,S,822189,822183,822195,12,-0.097143,800,127.32395447351627,-0.0019171729148888884,-0.004604564901349314,-0.17874764844516702,-0.25109571017391763,R→S
4979,995,T,822439,822289,822507,218,0.351173,800,127.32395447351627,-0.25972106538676937,0.06946514415790747,-0.25780389247188046,0.07406970905925679,S→T
4980,996,P,822839,822795,822867,72,0.17109200000000002,858,136.5549411728462,0.0416060286995822,-0.0019519190568813391,0.30132709408635155,-0.07141706321478881,T→P
4981,996,Q,822935,822924,822945,21,-0.266792,858,136.5549411728462,-0.017563535117527704,-0.014646027104516254,-0.0591695638171099,-0.012694108047634914,P→Q
4982,996,R,822964,822945,822985,40,1.720205,858,136.5549411728462,0.18083738644634215,0.2338406720931175,0.19840092156386985,0.24848669919763378,Q→R
4983,996,S,822989,822985,822996,11,-0.10380199999999999,858,136.5549411728462,-0.0024977637248451445,-0.004966026367437705,-0.1833351501711873,-0.23880669846055522,R→S
4984,996,T,823239,823089,823327,238,0.416984,858,136.5549411728462,-0.290925236998457,0.14039325324584276,-0.28842747327361185,0.14535927961328046,S→T
4985,997,P,823697,823654,823725,71,0.1493215,880,140.0563499208679,0.03401244828652393,-0.0018590800697369891,0.32493768528498096,-0.14225233331557974,T→P
4986,997,Q,823790,823761,823801,40,-0.2949255,880,140.0563499208679,-0.024457443156232172,-0.018250919281318077,-0.058469891442756106,-0.016391839211581088,P→Q
4987,997,R,823821,823801,823840,39,1.7146745,880,140.0563499208679,0.1778882681165236,0.21261561261023249,0.20234571127275577,0.23086653189155057,Q→R
4988,997,S,823846,823840,823854,14,-0.1563135,880,140.0563499208679,-0.004507903269648104,-0.008161569231605739,-0.18239617138617173,-0.22077718184183823,R→S
4989,997,T,824097,823947,824146,199,0.3662475,880,140.0563499208679,-0.20983496448658506,0.1218763675301224,-0.20532706121693695,0.13003793676172815,S→T
4990,998,P,824577,824534,824604,70,0.1719795,818,130.1887434491704,0.03431185359837848,-0.0013948143189708884,0.24414681808496355,-0.12327118184909329,T→P
4991,998,Q,824672,824660,824683,23,-0.28388349999999996,818,130.1887434491704,-0.021324798674999618,-0.019031182073171702,-0.0556366522733781,-0.017636367754200813,P→Q
4992,998,R,824702,824683,824722,39,1.6282775,818,130.1887434491704,0.1683472348677481,0.237881709668911,0.18967203354274773,0.2569128917420827,Q→R
4993,998,S,824726,824722,824735,13,-0.1238155,818,130.1887434491704,-0.003340540320903707,-0.007660789429208506,-0.1716877751886518,-0.2455424990981195,R→S
4994,998,T,824976,824831,825026,195,0.34362650000000006,818,130.1887434491704,-0.21397670879653405,0.06699251808968051,-0.21063616847563035,0.07465330751888902,S→T
4995,999,P,825395,825352,825423,71,0.173422,838,133.3718423110083,0.041846901355416265,-0.002107180733918682,0.2558236101519503,-0.06909969882359919,T→P
4996,999,Q,825490,825480,825499,19,-0.278963,838,133.3718423110083,-0.017949992306763793,-0.015288305267767109,-0.05979689366218006,-0.013181124533848426,P→Q
4997,999,R,825516,825499,825542,43,1.709773,838,133.3718423110083,0.18320056186062553,0.24352468209503933,0.2011505541673893,0.25881298736280645,Q→R
4998,999,S,825545,825542,825551,9,-0.055674,838,133.3718423110083,-0.0011465877296999013,-0.00245866328819409,-0.18434714959032542,-0.2459833453832334,R→S
4999,999,T,825795,825645,826045,400,0.41469,838,133.3718423110083,-0.35206422321661485,0.06406018287195939,-0.35091763548691496,0.06651884616015348,S→T
5000,1000,P,826233,826189,826262,73,0.15311349999999999,880,140.0563499208679,0.03940398794147624,-0.002031056666331796,0.3914682111580911,-0.06609123953829119,T→P
5001,1000,Q,826327,826316,826336,20,-0.2865095,880,140.0563499208679,-0.018263081356634,-0.014321170442232701,-0.05766706929811024,-0.012290113775900904,P→Q
5002,1000,R,826356,826336,826376,40,1.7451385,880,140.0563499208679,0.1836768667762883,0.2185886844572781,0.20193994813292232,0.2329098548995108,Q→R
5003,1000,S,826382,826376,826389,13,-0.12178050000000001,880,140.0563499208679,-0.003117261060341678,-0.005599603151694688,-0.18679412783663,-0.2241882876089728,R→S
5004,1000,T,826633,826483,826702,219,0.39497249999999995,880,140.0563499208679,-0.24743367277120523,0.14843836285914172,-0.24431641171086355,0.1540379660108364,S→T
5005,1001,P,827113,827066,827141,75,0.1435515,859,136.7140961159381,0.04172170595872769,-0.003096993133284365,0.2891553787299329,-0.1515353559924261,T→P
5006,1001,Q,827204,827194,827214,20,-0.2925945,859,136.7140961159381,-0.0190819156722036,-0.015007044478775468,-0.060803621630931295,-0.011910051345491102,P→Q
5007,1001,R,827234,827214,827254,40,1.7454165000000001,859,136.7140961159381,0.1865681922268708,0.22311170302026745,0.2056501078990744,0.2381187474990429,Q→R
5008,1001,S,827261,827254,827266,12,-0.10814849999999998,859,136.7140961159381,-0.0027031897088935553,-0.0049754167625446636,-0.18927138193576434,-0.22808711978281213,R→S
5009,1001,T,827513,827363,827562,199,0.3807495,859,136.7140961159381,-0.24935611611136752,0.13742085033730106,-0.24665292640247397,0.14239626709984574,S→T
5010,1002,P,827972,827929,828002,73,0.174588,798,127.00564458733248,0.041570618568054156,-0.0008002093385413534,0.29092673467942165,-0.13822105967584242,T→P
5011,1002,Q,828073,828057,828084,27,-0.24243299999999998,798,127.00564458733248,-0.021067920152775657,-0.02106831482432228,-0.0626385387208298,-0.020268105485780924,P→Q
5012,1002,R,828096,828084,828122,38,1.6129069999999999,798,127.00564458733248,0.15950586449258494,0.2579203902572646,0.1805737846453606,0.27898870508158685,Q→R
5013,1002,S,828126,828122,828133,11,-0.062611,798,127.00564458733248,-0.0011221103731561784,-0.0030500271362085317,-0.16062797486574112,-0.26097041739347315,R→S
5014,1002,T,828372,828222,828439,217,0.346272,798,127.00564458733248,-0.2623572051137337,0.06376351837052656,-0.26123509474057754,0.06681354550673509,S→T
5015,1003,P,828770,828725,828798,73,0.1438465,784,124.77747538404594,0.043181125395068125,-0.003109932744239289,0.30553833050880186,-0.06687345111476585,T→P
5016,1003,Q,828861,828851,828870,19,-0.2905605,784,124.77747538404594,-0.018606401383776335,-0.01660642711404692,-0.06178752677884446,-0.013496494369807632,P→Q
5017,1003,R,828891,828870,828915,45,1.7219254999999998,784,124.77747538404594,0.18854563836255306,0.26721922178540336,0.2071520397463294,0.2838256488994503,Q→R
5018,1003,S,828919,828915,828923,8,-0.07074850000000002,784,124.77747538404594,-0.0009517780261116043,-0.0023874207453144897,-0.18949741638866466,-0.26960664253071787,R→S
5019,1003,T,829150,829000,829259,259,0.3932155,784,124.77747538404594,-0.3387465240249467,0.09593488745225781,-0.3377947459988351,0.0983223081975723,S→T
5020,1004,P,829554,829525,829596,71,0.131362,854,135.91832140047862,0.03262957350832345,0.0007237243148235307,0.37137609753327017,-0.09521116313743427,T→P
5021,1004,Q,829658,829631,829668,37,-0.298384,854,135.91832140047862,-0.02142308036114802,-0.019918738761023805,-0.054052653869471466,-0.020642463075847335,P→Q
5022,1004,R,829689,829668,829707,39,1.737333,854,135.91832140047862,0.1633092954114816,0.24202740311275714,0.1847323757726296,0.26194614187378096,Q→R
5023,1004,S,829715,829707,829722,15,-0.08785799999999999,854,135.91832140047862,-0.0024661398008918316,-0.005919427345757747,-0.16577543521237342,-0.2479468304585149,R→S
5024,1004,T,829951,829801,830021,220,0.39179200000000003,854,135.91832140047862,-0.2601539150596828,0.11062518529160961,-0.257687775258791,0.11654461263736736,S→T
5025,1005,P,830408,830364,830436,72,0.1615105,820,130.5070533353542,0.04174303911898896,-0.0025266169527028218,0.3018969541786718,-0.11315180224431243,T→P
5026,1005,Q,830501,830491,830510,19,-0.2844755,820,130.5070533353542,-0.01869063514717648,-0.015968732070661244,-0.060433674266165444,-0.013442115117958422,P→Q
5027,1005,R,830531,830510,830550,40,1.7164315,820,130.5070533353542,0.18112742125563938,0.24222270749011052,0.19981805640281586,0.2581914395607718,Q→R
5028,1005,S,830557,830550,830564,14,-0.1226685,820,130.5070533353542,-0.0032195911701073192,-0.006963944097720682,-0.1843470124257467,-0.2491866515878312,R→S
5029,1005,T,830808,830658,830857,199,0.36045849999999996,820,130.5070533353542,-0.24004945168217962,0.09010633182541988,-0.2368298605120723,0.09707027592314056,S→T
5030,1006,P,831228,831201,831261,60,0.1374465,818,130.1887434491704,0.02918593188042944,0.0004896831878240947,0.26923538356260907,-0.08961664863759579,T→P
5031,1006,Q,831334,831309,831343,34,-0.2946295,818,130.1887434491704,-0.02315998569537073,-0.02336090838085678,-0.05234591757580017,-0.023850591568680874,P→Q
5032,1006,R,831364,831343,831382,39,1.6099845,818,130.1887434491704,0.15326388548589157,0.25060745799150574,0.1764238711812623,0.27396836637236255,Q→R
5033,1006,S,831392,831382,831399,17,-0.0400075,818,130.1887434491704,-0.0008975847412034194,-0.002686744554883288,-0.15416147022709498,-0.253294202546389,R→S
5034,1006,T,831626,831476,831695,219,0.3450875,818,130.1887434491704,-0.2497363653256286,0.06720247624059768,-0.24883878058442518,0.06988922079548096,S→T
5035,1007,P,832046,832002,832080,78,0.17020449999999998,838,133.3718423110083,0.03988748465809519,-0.0006585079558409364,0.2896238499837238,-0.06786098419643861,T→P
5036,1007,Q,832149,832131,832158,27,-0.2241765,838,133.3718423110083,-0.018838788287932832,-0.017704636779888334,-0.05872627294602802,-0.017046128824047397,P→Q
5037,1007,R,832177,832158,832195,37,1.6828055,838,133.3718423110083,0.16849630144428274,0.24846250515276364,0.18733508973221558,0.26616714193265195,Q→R
5038,1007,S,832200,832195,832207,12,-0.11164450000000001,838,133.3718423110083,-0.0022655155456675936,-0.005178462429313353,-0.17076181698995033,-0.253640967582077,R→S
5039,1007,T,832445,832295,832514,219,0.4045165,838,133.3718423110083,-0.2839426086960204,0.10858156236896745,-0.2816770931503528,0.1137600247982808,S→T
5040,1008,P,832884,832839,832913,74,0.15918000000000002,860,136.87325105903,0.040397855573742474,-0.002150489345816679,0.3243404642697629,-0.11073205171478412,T→P
5041,1008,Q,832978,832969,832988,19,-0.25721099999999997,860,136.87325105903,-0.01615734025215115,-0.01325331276831997,-0.05655519582589362,-0.01110282342250329,P→Q
5042,1008,R,833008,832988,833029,41,1.739035,860,136.87325105903,0.18214136041167253,0.22978034475645592,0.19829870066382368,0.2430336575247759,Q→R
5043,1008,S,833033,833029,833040,11,-0.11804399999999998,860,136.87325105903,-0.0026947031835911545,-0.00520602332572039,-0.1848360635952637,-0.23498636808217632,R→S
5044,1008,T,833284,833134,833372,238,0.421349,860,136.87325105903,-0.2965444840622232,0.145783109208006,-0.29384978087863206,0.1509891325337264,S→T
5045,1009,P,833744,833716,833773,57,0.1522435,818,130.1887434491704,0.02967527681899221,0.00034941080671436656,0.32621976088121546,-0.14543369840129164,T→P
5046,1009,Q,833844,833829,833854,25,-0.2200895,818,130.1887434491704,-0.019423327928071426,-0.01841045654165317,-0.04909860474706364,-0.018759867348367536,P→Q
5047,1009,R,833867,833854,833893,39,1.6305895000000001,818,130.1887434491704,0.16497692250625684,0.2481066278961716,0.18440025043432826,0.2665170844378248,Q→R
5048,1009,S,833897,833893,833904,11,-0.07278349999999999,818,130.1887434491704,-0.0013909288073490932,-0.003394264530738334,-0.16636785131360593,-0.2515008924269099,R→S
5049,1009,T,834143,833993,834211,218,0.3587005,818,130.1887434491704,-0.2568338012064601,0.07640683525899325,-0.255442872399111,0.07980109978973159,S→T
5050,1010,P,834562,834518,834591,73,0.167022,838,133.3718423110083,0.04158714970370073,-0.0018378953355944261,0.29842095091016085,-0.07824473059458767,T→P
5051,1010,Q,834658,834648,834668,20,-0.25636099999999995,838,133.3718423110083,-0.01656994263811214,-0.014378308360214991,-0.05815709234181288,-0.012540413024620565,P→Q
5052,1010,R,834688,834668,834709,41,1.7085890000000001,838,133.3718423110083,0.17987603349372638,0.24468718189932853,0.19644597613183853,0.2590654902595435,Q→R
5053,1010,S,834713,834709,834719,10,-0.08526900000000001,838,133.3718423110083,-0.0018929523244088564,-0.004069201036844459,-0.18176898581813525,-0.248756382936173,R→S
5054,1010,T,834961,834811,835111,300,0.407698,838,133.3718423110083,-0.312824877197409,0.10808470999764144,-0.31093192487300014,0.1121539110344859,S→T
5055,1011,P,835400,835356,835429,73,0.152262,879,139.897194977776,0.03968548386373278,-0.002234343616197408,0.35251036106114175,-0.11031905361383885,T→P
5056,1011,Q,835493,835483,835503,20,-0.269382,879,139.897194977776,-0.0175243306377079,-0.013787379129151239,-0.05720981450144068,-0.011553035512953832,P→Q
5057,1011,R,835524,835503,835544,41,1.7291940000000001,879,139.897194977776,0.18279476778515014,0.218384030617999,0.20031909842285803,0.23217140974715023,Q→R
5058,1011,S,835550,835544,835556,12,-0.117453,879,139.897194977776,-0.003115894295607314,-0.005641608641091787,-0.18591066208075746,-0.22402563925909078,R→S
5059,1011,T,835781,835631,835869,238,0.396415,879,139.897194977776,-0.25254092284075874,0.15666688950661783,-0.24942502854515142,0.16230849814770962,S→T
5060,1012,P,836279,836236,836307,71,0.160937,839,133.53099725410019,0.03898826095586825,-0.0017920025431667577,0.291529183796627,-0.15845889204978458,T→P
5061,1012,Q,836374,836363,836384,21,-0.28623299999999996,839,133.53099725410019,-0.018854810444090896,-0.016137909154932684,-0.057843071399959145,-0.014345906611765926,P→Q
5062,1012,R,836404,836384,836425,41,1.6706159999999999,839,133.53099725410019,0.17315974511127424,0.23049992516944548,0.19201455555536515,0.24663783432437816,Q→R
5063,1012,S,836429,836425,836437,12,-0.115141,839,133.53099725410019,-0.0028833940344578624,-0.006120768680380668,-0.1760431391457321,-0.23662069384982615,R→S
5064,1012,T,836679,836529,836746,217,0.350008,839,133.53099725410019,-0.23694486859427233,0.09558474195227426,-0.23406147455981446,0.10170551063265493,S→T
5065,1013,P,837118,837075,837146,71,0.16644899999999999,840,133.69015219719208,0.042216127910822764,-0.0019710876942476215,0.27916099650509507,-0.09755582964652189,T→P
5066,1013,Q,837213,837203,837222,19,-0.26795800000000003,840,133.69015219719208,-0.017004469424989427,-0.014423909192012467,-0.05922059733581219,-0.012452821497764846,P→Q
5067,1013,R,837240,837222,837266,44,1.6709120000000002,840,133.69015219719208,0.1793907261592074,0.237784596296766,0.19639519558419682,0.25220850548877843,Q→R
5068,1013,S,837268,837266,837274,8,-0.060316999999999996,840,133.69015219719208,-0.0011873436432601437,-0.0025384819448205235,-0.18057806980246754,-0.24032307824158652,R→S
5069,1013,T,837518,837368,837768,400,0.393808,840,133.69015219719208,-0.33715589147955016,0.05854933132190275,-0.33596854783629004,0.06108781326672327,S→T
5070,1014,P,837958,837927,838005,78,0.172535,898,142.92113889652202,0.041699647705433406,0.001125209342224496,0.37885553918498355,-0.05742412197967826,T→P
5071,1014,Q,838062,838044,838071,27,-0.223585,898,142.92113889652202,-0.017409164566204692,-0.014939060995646512,-0.0591088122716381,-0.016064270337871007,P→Q
5072,1014,R,838091,838071,838108,37,1.669451,898,142.92113889652202,0.16999236364602016,0.22110465006240354,0.18740152821222486,0.23604371105805005,Q→R
5073,1014,S,838113,838108,838120,12,-0.109314,898,142.92113889652202,-0.002399832554700484,-0.004546150213591845,-0.17239219620072063,-0.22565080027599538,R→S
5074,1014,T,838357,838207,838426,219,0.402779,898,142.92113889652202,-0.24060171269931788,0.1418167022056551,-0.2382018801446174,0.14636285241924693,S→T
5075,1015,P,838856,838812,838885,73,0.1705,898,142.92113889652202,0.04194847037396154,-0.0020493483811745935,0.2825501830732794,-0.1438660505868297,T→P
5076,1015,Q,838951,838940,838960,20,-0.267977,898,142.92113889652202,-0.016909301214031554,-0.01304824837790424,-0.05885777158799309,-0.010998899996729646,P→Q
5077,1015,R,838980,838960,839000,40,1.7161359999999999,898,142.92113889652202,0.1799899488231166,0.2105615442155189,0.19689925003714817,0.22360979259342315,Q→R
5078,1015,S,839004,839000,839012,12,-0.127589,898,142.92113889652202,-0.0032799496231501212,-0.005668821592052028,-0.18326989844626673,-0.21623036580757093,R→S
5079,1015,T,839255,839105,839323,218,0.393197,898,142.92113889652202,-0.23869553414434663,0.15794711834141698,-0.2354155845211965,0.163615939933469,S→T
5080,1016,P,839754,839712,839783,71,0.15949449999999998,819,130.3478983922623,0.03990654780636616,-0.002274358389936081,0.2786020819507128,-0.16022147673135306,T→P
5081,1016,Q,839847,839837,839857,20,-0.2824585,819,130.3478983922623,-0.01841438147043248,-0.01584009749186632,-0.05832092927679865,-0.013565739101930239,P→Q
5082,1016,R,839878,839857,839899,42,1.6401715000000001,819,130.3478983922623,0.17635918410091966,0.2375242487076216,0.19477356557135214,0.2533643461994879,Q→R
5083,1016,S,839903,839899,839910,11,-0.06960150000000001,819,130.3478983922623,-0.0016015848545008159,-0.0035913963822441102,-0.17796076895542048,-0.24111564508986572,R→S
5084,1016,T,840154,840004,840222,218,0.3630665,819,130.3478983922623,-0.2545157580459456,0.08642685318466457,-0.2529141731914448,0.09001824956690868,S→T
5085,1017,P,840573,840529,840602,73,0.1728305,899,143.08029383961392,0.039889297028746475,-0.0010671136458765963,0.2944050550746921,-0.08749396683054117,T→P
5086,1017,Q,840671,840658,840683,25,-0.23257450000000002,899,143.08029383961392,-0.01800369999350687,-0.0147400784098279,-0.05789299702225334,-0.013672964763951303,P→Q
5087,1017,R,840702,840683,840721,38,1.6488825,899,143.08029383961392,0.17315325505384505,0.21542830800833337,0.19115695504735192,0.23016838641816129,Q→R
5088,1017,S,840726,840721,840733,12,-0.1223725,899,143.08029383961392,-0.0031400512103450266,-0.0057705327274646286,-0.17629330626419007,-0.221198840735798,R→S
5089,1017,T,840973,840823,841040,217,0.3828025,899,143.08029383961392,-0.2221736832653293,0.138906721844526,-0.21903363205498427,0.14467725457199063,S→T
5090,1018,P,841472,841426,841500,74,0.179489,899,143.08029383961392,0.04228042819753179,-0.001976106055647031,0.2644541114628611,-0.140882827900173,T→P
5091,1018,Q,841567,841556,841576,20,-0.257804,899,143.08029383961392,-0.016509961763836397,-0.012721685850364237,-0.05879038996136819,-0.010745579794717207,P→Q
5092,1018,R,841596,841576,841617,41,1.710069,899,143.08029383961392,0.18092154626314771,0.21137947589441564,0.19743150802698411,0.22410116174477987,Q→R
5093,1018,S,841620,841617,841628,11,-0.134247,899,143.08029383961392,-0.0033967966514174028,-0.005874751478473328,-0.18431834291456511,-0.21725422737288896,R→S
5094,1018,T,841871,841721,841940,219,0.407994,899,143.08029383961392,-0.24325446495214406,0.15735903068356036,-0.23985766830072666,0.16323378216203369,S→T
5095,1019,P,842371,842327,842398,71,0.172258,818,130.1887434491704,0.03930465520738333,-0.001786861210776576,0.2825591201595274,-0.15914589189433692,T→P
5096,1019,Q,842465,842455,842476,21,-0.275467,818,130.1887434491704,-0.019432722179795785,-0.017126387009220895,-0.058737377387179115,-0.015339525798444319,P→Q
5097,1019,R,842495,842476,842516,40,1.6540810000000001,818,130.1887434491704,0.1720694580940104,0.24006404889580973,0.19150218027380617,0.25719043590503066,Q→R
5098,1019,S,842520,842516,842528,12,-0.118321,818,130.1887434491704,-0.0028033675499349628,-0.006367557795919943,-0.17487282564394535,-0.24643160669172967,R→S
5099,1019,T,842770,842620,842837,217,0.346827,818,130.1887434491704,-0.24648461145877554,0.08387681947700722,-0.24368124390884058,0.09024437727292715,S→T
5100,1020,P,843189,843147,843217,70,0.175124,819,130.3478983922623,0.043742316759796444,-0.002016552268358398,0.290226928218572,-0.08589337174536561,T→P
5101,1020,Q,843284,843273,843293,20,-0.28421599999999997,819,130.3478983922623,-0.018119847394405825,-0.01585833233192364,-0.06186216415420227,-0.013841780063565243,P→Q
5102,1020,R,843308,843293,843336,43,1.681917,819,130.3478983922623,0.1796261487139217,0.24829715613859435,0.19774599610832755,0.264155488470518,Q→R
5103,1020,S,843338,843336,843345,9,-0.07424499999999999,819,130.3478983922623,-0.0014464607856845848,-0.0033013877151189127,-0.1810726094996063,-0.2515985438537133,R→S
5104,1020,T,843589,843439,843657,218,0.374663,819,130.3478983922623,-0.28188495602907915,0.10292036797433478,-0.28043849524339454,0.10622175568945369,S→T
5105,1021,P,844008,843964,844036,72,0.17138799999999998,822,130.82536322153797,0.0427375989564627,-0.0023455077912865065,0.3246225549855418,-0.10526587576562128,T→P
5106,1021,Q,844103,844090,844113,23,-0.271713,822,130.82536322153797,-0.01849384190787254,-0.016281791201331317,-0.06123144086433524,-0.01393628341004481,P→Q
5107,1021,R,844133,844113,844152,39,1.7025219999999999,822,130.82536322153797,0.17488723697708664,0.24366661605267817,0.19338107888495917,0.2599484072540095,Q→R
5108,1021,S,844157,844152,844165,13,-0.156887,822,130.82536322153797,-0.003647482693457106,-0.00810978865393301,-0.17853471967054374,-0.25177640470661117,R→S
5109,1021,T,844408,844258,844476,218,0.394085,822,130.82536322153797,-0.2836493532795664,0.1005711209183513,-0.2800018705861093,0.10868090957228431,S→T
5110,1022,P,844830,844801,844856,55,0.1449935,876,139.41973014850032,0.029521953754794383,-0.00022203688751491705,0.3131713070343608,-0.10079315780586622,T→P
5111,1022,Q,844934,844911,844943,32,-0.26736550000000003,876,139.41973014850032,-0.02170540845885275,-0.019105880619478478,-0.05122736221364713,-0.01888384373196356,P→Q
5112,1022,R,844963,844943,844980,37,1.6854135,876,139.41973014850032,0.16536750753595422,0.2265656369486968,0.18707291599480697,0.2456715175681753,Q→R
5113,1022,S,844985,844980,844997,17,-0.09915949999999998,876,139.41973014850032,-0.0028491503980668832,-0.0059286293680019505,-0.1682166579340211,-0.23249426631669876,R→S
5114,1022,T,845229,845079,845294,215,0.3729435,876,139.41973014850032,-0.238734719550531,0.12524991303978725,-0.23588556915246411,0.1311785424077892,S→T
5115,1023,P,845706,845676,845735,59,0.16095600000000002,802,127.64226435970006,0.03577776403946427,0.0001459975167561784,0.27451248358999525,-0.12510391552303107,T→P
5116,1023,Q,845808,845788,845818,30,-0.24618700000000002,802,127.64226435970006,-0.0217665563419865,-0.02162404787052797,-0.05754432038145077,-0.021770045387284147,P→Q
5117,1023,R,845831,845818,845856,38,1.5842200000000002,802,127.64226435970006,0.15571245726111865,0.2508571053127291,0.17747901360310514,0.27248115318325705,Q→R
5118,1023,S,845861,845856,845869,13,-0.078573,802,127.64226435970006,-0.001597109910365973,-0.004317590361536808,-0.15730956717148462,-0.2551746956742659,R→S
5119,1023,T,846105,845955,846173,218,0.34188799999999997,802,127.64226435970006,-0.2453558331183237,0.05353850366056866,-0.24375872320795774,0.057856094022105474,S→T
5120,1024,P,846508,846478,846552,74,0.152799,856,136.2366312866624,0.04416538544784958,0.0017210845745684459,0.2895212185661733,-0.05181741908600022,T→P
5121,1024,Q,846615,846605,846624,19,-0.282163,856,136.2366312866624,-0.015809707591476565,-0.01574280181287953,-0.05997509303932615,-0.017463886387447974,P→Q
5122,1024,R,846645,846624,846665,41,1.738461,856,136.2366312866624,0.15992375033149298,0.24430854636959212,0.17573345792296954,0.26005134818247166,Q→R
5123,1024,S,846672,846665,846677,12,-0.088469,856,136.2366312866624,-0.0018485197284181765,-0.004662559293348542,-0.16177227005991116,-0.24897110566294067,R→S
5124,1024,T,846904,846754,846992,238,0.407976,856,136.2366312866624,-0.2891103446753363,0.12170849471398267,-0.28726182494691815,0.1263710540073312,S→T
5125,1025,P,847364,847333,847410,77,0.17543799999999998,918,146.10423775835991,0.04270649867130524,0.001059131343488102,0.3318168433466415,-0.12064936337049456,T→P
5126,1025,Q,847468,847448,847477,29,-0.227636,918,146.10423775835991,-0.01743029792472983,-0.014582630337996843,-0.060136796596035075,-0.015641761681484945,P→Q
5127,1025,R,847497,847477,847515,38,1.679901,918,146.10423775835991,0.16942600215551362,0.21289863075651794,0.18685630008024345,0.22748126109451478,Q→R
5128,1025,S,847519,847515,847526,11,-0.098309,918,146.10423775835991,-0.002121912809269179,-0.00382337607012113,-0.1715479149647828,-0.21672200682663906,R→S
5129,1025,T,847763,847613,847851,238,0.414375,918,146.10423775835991,-0.24511449618642706,0.16264717738507697,-0.24299258337715787,0.1664705534551981,S→T
5130,1026,P,848282,848238,848310,72,0.175143,818,130.1887434491704,0.04477027360862218,-0.002363758003259358,0.28988476979504924,-0.16501093538833633,T→P
5131,1026,Q,848376,848366,848386,20,-0.266774,818,130.1887434491704,-0.017943339613353648,-0.015709318806292196,-0.06271361322197583,-0.013345560803032838,P→Q
5132,1026,R,848402,848386,848428,42,1.636102,818,130.1887434491704,0.17350908065003506,0.24003154543188304,0.1914524202633887,0.2557408642381752,Q→R
5133,1026,S,848431,848428,848438,10,-0.08872700000000001,818,130.1887434491704,-0.0019121085914309364,-0.004336527111533472,-0.175421189241466,-0.24436807254341653,R→S
5134,1026,T,848681,848531,848749,218,0.359589,818,130.1887434491704,-0.2592105632297543,0.08742017268205295,-0.25729845463832335,0.09175669979358642,S→T
5135,1027,P,849100,849056,849128,72,0.156886,842,134.0084620833759,0.04203151031942666,-0.0027041134050805283,0.3012420735491809,-0.09012428608713348,T→P
5136,1027,Q,849191,849183,849200,17,-0.269974,842,134.0084620833759,-0.016406086614183038,-0.013347304097559163,-0.0584375969336097,-0.010643190692478634,P→Q
5137,1027,R,849221,849200,849244,44,1.730341,842,134.0084620833759,0.18861116026683097,0.23608491102755075,0.20501724688101403,0.2494322151251099,Q→R
5138,1027,S,849249,849244,849254,10,-0.07975700000000001,842,134.0084620833759,-0.0014970110506729245,-0.0029923351892879096,-0.1901081713175039,-0.23907724621683865,R→S
5139,1027,T,849481,849331,849568,237,0.386538,842,134.0084620833759,-0.2781321848421562,0.14652782034582934,-0.2766351737914833,0.14952015553511724,S→T
5140,1028,P,849942,849913,849987,74,0.147898,877,139.5788850915922,0.0396384636054378,0.0014181425520930363,0.317770648447594,-0.1451096777937363,T→P
5141,1028,Q,850047,850025,850056,31,-0.275486,877,139.5788850915922,-0.017522486833721186,-0.016010241133128156,-0.05716095043915899,-0.01742838368522119,P→Q
5142,1028,R,850077,850056,850094,38,1.699304,877,139.5788850915922,0.1642253872658904,0.2302636274080459,0.18174787409961157,0.24627386854117406,Q→R
5143,1028,S,850100,850094,850110,16,-0.07886800000000001,877,139.5788850915922,-0.0025333980747280498,-0.005532993240903829,-0.16675878534061844,-0.23579662064894974,R→S
5144,1028,T,850340,850190,850407,217,0.385096,877,139.5788850915922,-0.2476752632959613,0.12713419119276737,-0.24514186522123324,0.1326671844336712,S→T
5145,1029,P,850819,850790,850848,58,0.152226,817,130.02958850607848,0.03129150322281855,5.7074304575716294e-05,0.27896676651877983,-0.12707711688819165,T→P
5146,1029,Q,850921,850900,850931,31,-0.242155,817,130.02958850607848,-0.02296473640195571,-0.022064399026391148,-0.05425623962477426,-0.022121473330966864,P→Q
5147,1029,R,850951,850931,850968,37,1.592913,817,130.02958850607848,0.15718260143736454,0.243707722199816,0.18014733783932024,0.26577212122620714,Q→R
5148,1029,S,850973,850968,850982,14,-0.11686000000000002,817,130.02958850607848,-0.0027694345646311794,-0.006922312348568198,-0.15995203600199573,-0.25063003454838423,R→S
5149,1029,T,851218,851088,851283,195,0.31928500000000004,817,130.02958850607848,-0.21111600305491213,0.05226877724707716,-0.20834656849028094,0.059191089595645355,S→T
5150,1030,P,851636,851592,851663,71,0.156332,800,127.32395447351627,0.04161144616306665,-0.00272070809880839,0.2527274492179788,-0.05498948534588555,T→P
5151,1030,Q,851728,851718,851736,18,-0.279259,800,127.32395447351627,-0.01784773656536863,-0.015539794393324374,-0.05945918272843528,-0.012819086294515985,P→Q
5152,1030,R,851757,851736,851782,46,1.678736,800,127.32395447351627,0.1859217405557483,0.2562589562536556,0.20376947712111693,0.27179875064697995,Q→R
5153,1030,S,851785,851782,851790,8,-0.06233299999999997,800,127.32395447351627,-0.0009280683431455787,-0.002207851496176311,-0.18684980889889388,-0.2584668077498319,R→S
5154,1030,T,852017,851867,852267,400,0.417872,800,127.32395447351627,-0.4153592649100667,0.003707699256893431,-0.4144311965669211,0.005915550753069742,S→T
5155,1031,P,852436,852408,852483,75,0.1650065,839,133.53099725410019,0.04047076172435572,0.0015533490478821558,0.4558300266344224,-0.0021543502090112755,T→P
5156,1031,Q,852542,852520,852550,30,-0.2427285,839,133.53099725410019,-0.018417801508259397,-0.017881581462024065,-0.05888856323261512,-0.01943493050990622,P→Q
5157,1031,R,852570,852550,852588,38,1.6891865,839,133.53099725410019,0.16235881708198588,0.24960505489414955,0.18077661859024527,0.26748663635617365,Q→R
5158,1031,S,852592,852588,852601,13,-0.1041165,839,133.53099725410019,-0.0020916077022682176,-0.004997278760996632,-0.1644504247842541,-0.2546023336551462,R→S
5159,1031,T,852835,852685,852923,238,0.4097515,839,133.53099725410019,-0.2935648123674065,0.10146462267925366,-0.29147320466513826,0.10646190144025029,S→T
5160,1032,P,853275,853231,853303,72,0.1580705,801,127.48310941660817,0.0379128213493055,-0.0016702720017230629,0.331477633716712,-0.10313489468097672,T→P
5161,1032,Q,853370,853359,853380,21,-0.2502565,801,127.48310941660817,-0.01728514353855101,-0.015751847824687016,-0.05519796488785651,-0.014081575822963953,P→Q
5162,1032,R,853400,853380,853420,40,1.7123995,801,127.48310941660817,0.176771952479937,0.2591987323684273,0.194057096018488,0.2749505801931143,Q→R
5163,1032,S,853423,853420,853431,11,-0.1296225,801,127.48310941660817,-0.002922582407944543,-0.006988581370581798,-0.17969453488788154,-0.26618731373900906,R→S
5164,1032,T,853674,853524,853741,217,0.38191450000000005,801,127.48310941660817,-0.2711641941189753,0.07390752117347939,-0.2682416117110308,0.08089610254406118,S→T
5165,1033,P,854076,854045,854104,59,0.1392045,717,114.11409419688896,0.03489678286127086,-9.439709081138292e-05,0.30606097698024615,-0.07400191826429077,T→P
5166,1033,Q,854177,854157,854187,30,-0.24763049999999998,717,114.11409419688896,-0.02148925160616595,-0.02535988455228511,-0.05638603446743681,-0.025265487461473727,P→Q
5167,1033,R,854200,854187,854226,39,1.5920245000000002,717,114.11409419688896,0.14287265191588322,0.30138858945187086,0.16436190352204916,0.32674847400415596,Q→R
5168,1033,S,854231,854226,854239,13,-0.033626500000000004,717,114.11409419688896,-0.0005035452877777281,-0.0023753763465002237,-0.14337619720366096,-0.30376396579837106,R→S
5169,1033,T,854473,854323,854538,215,0.3224665,717,114.11409419688896,-0.2504281604796542,-0.023016144111781045,-0.24992461519187648,-0.020640767765280822,S→T
5170,1034,P,854793,854768,854839,71,0.16299049999999998,838,133.3718423110083,0.04040066042715693,0.0029417970387170702,0.29082882090681117,0.025957941150498116,T→P
5171,1034,Q,854901,854874,854911,37,-0.3207285,838,133.3718423110083,-0.022069239306452867,-0.02228763889666085,-0.0624698997336098,-0.025229435935377922,P→Q
5172,1034,R,854932,854911,854953,42,1.7033735,838,133.3718423110083,0.15428912848771453,0.25301747246688133,0.17635836779416741,0.2753051113635422,Q→R
5173,1034,S,854960,854953,854965,12,-0.0881535,838,133.3718423110083,-0.001490723643845326,-0.004355893866663551,-0.15577985213155987,-0.2573733663335449,R→S
5174,1034,T,855192,855042,855264,222,0.3705945,838,133.3718423110083,-0.26205689858691905,0.09529694598708663,-0.2605661749430737,0.09965283985375017,S→T
5175,1035,P,855631,855587,855659,72,0.163823,879,139.897194977776,0.0365430475744589,-0.0013875096136185584,0.29859994616137797,-0.09668445560070518,T→P
5176,1035,Q,855728,855715,855739,24,-0.25837699999999997,879,139.897194977776,-0.01860531950653059,-0.015295050610677112,-0.05514836708098949,-0.013907540997058553,P→Q
5177,1035,R,855757,855739,855777,38,1.694958,879,139.897194977776,0.1755323480963757,0.22194426486413418,0.1941376676029063,0.2372393154748113,Q→R
5178,1035,S,855781,855777,855789,12,-0.145289,879,139.897194977776,-0.0038195277648303007,-0.007170904999710188,-0.179351875861206,-0.22911516986384436,R→S
5179,1035,T,856031,855881,856099,218,0.408013,879,139.897194977776,-0.25500321457710357,0.14254020909138546,-0.25118368681227327,0.14971111409109564,S→T
5180,1036,P,856510,856464,856537,73,0.1409425,783,124.61832044095405,0.042476247464724066,-0.0037854353574692436,0.2974794620418276,-0.1463256444488547,T→P
5181,1036,Q,856599,856574,856609,35,-0.2766325,783,124.61832044095405,-0.021455809362275632,-0.018052017617478763,-0.0639320568269997,-0.014266582260009519,P→Q
5182,1036,R,856630,856609,856650,41,1.7109195000000001,783,124.61832044095405,0.18326607915553583,0.253605003337019,0.20472188851781148,0.2716570209544978,Q→R
5183,1036,S,856657,856650,856663,13,-0.09222350000000001,783,124.61832044095405,-0.0023490225163616653,-0.005548551366689693,-0.1856151016718975,-0.2591535547037087,R→S
5184,1036,T,856890,856740,856978,238,0.3845405,783,124.61832044095405,-0.30238470699587844,0.08320779306445977,-0.3000356844795168,0.08875634443114946,S→T
5185,1037,P,857293,857262,857336,74,0.14758300000000002,795,126.5281797580568,0.04464832119712988,0.0016484687016199476,0.3470330281930083,-0.08155932436283983,T→P
5186,1037,Q,857399,857389,857408,19,-0.287379,795,126.5281797580568,-0.01612459167376351,-0.01775872500943296,-0.06077291287089339,-0.019407193711052907,P→Q
5187,1037,R,857429,857408,857454,46,1.688595,795,126.5281797580568,0.15622129487236913,0.2762434303300121,0.17234588654613264,0.29400215533944507,Q→R
5188,1037,S,857457,857454,857460,6,-0.049588999999999994,795,126.5281797580568,-0.00035136951176391025,-0.0012389601852796285,-0.15657266438413303,-0.2774823905152917,R→S
5189,1037,T,857688,857538,857755,217,0.320451,795,126.5281797580568,-0.2360198679389786,0.05628352057413578,-0.2356684984272147,0.057522480759415406,S→T
5190,1038,P,858088,858061,858117,56,0.1464365,839,133.53099725410019,0.028555185673732674,0.0001671588345895812,0.2645750536127113,-0.0561163617395462,T→P
5191,1038,Q,858193,858133,858202,69,-0.2572295,839,133.53099725410019,-0.03283287096612524,-0.0267287205896262,-0.06138805663985791,-0.02689587942421578,P→Q
5192,1038,R,858221,858202,858238,36,1.6514905,839,133.53099725410019,0.1612758153886673,0.2419249659859081,0.19410868635479256,0.2686536865755343,Q→R
5193,1038,S,858244,858238,858253,15,-0.14817450000000001,839,133.53099725410019,-0.003595447563875383,-0.008396351194826419,-0.1648712629525427,-0.2503213171807345,R→S
5194,1038,T,858488,858342,858553,211,0.3656555,839,133.53099725410019,-0.22503370908024695,0.08055842912593668,-0.22143826151637155,0.0889547803207631,S→T
5195,1039,P,858927,858898,858954,56,0.14295850000000002,882,140.3746598070517,0.025284317300798453,-0.00018582050773473935,0.2503180263810454,-0.08074424963367141,T→P
5196,1039,Q,859028,858988,859038,50,-0.23751250000000002,882,140.3746598070517,-0.027312175554300308,-0.021421379307111812,-0.052596492855098764,-0.021235558799377073,P→Q
5197,1039,R,859057,859038,859074,36,1.6590004999999999,882,140.3746598070517,0.16918254544258263,0.220163201865926,0.19649472099688292,0.24158458117303783,Q→R
5198,1039,S,859080,859074,859087,13,-0.1539835,882,140.3746598070517,-0.004057080448186363,-0.007760590057749457,-0.173239625890769,-0.22792379192367546,R→S
5199,1039,T,859327,859177,859395,218,0.4178525,882,140.3746598070517,-0.2579047475850085,0.1407418355846299,-0.2538476671368221,0.14850242564237937,S→T
5200,1040,P,859809,859781,859851,70,0.1258685,816,129.8704335629866,0.03277223322214604,0.0008583265341340732,0.29067698080715454,-0.13988350905049585,T→P
5201,1040,Q,859915,859889,859924,35,-0.3131635,816,129.8704335629866,-0.023431820579881493,-0.023692142138712152,-0.05620405380202753,-0.024550468672846226,P→Q
5202,1040,R,859945,859924,859967,43,1.6459785,816,129.8704335629866,0.15198616484945413,0.25165745062180866,0.17541798542933562,0.27534959276052084,Q→R
5203,1040,S,859973,859967,859978,11,-0.06553250000000002,816,129.8704335629866,-0.000997155918556664,-0.003055696042495286,-0.1529833207680108,-0.25471314666430395,R→S
5204,1040,T,860206,860056,860274,218,0.3462345,816,129.8704335629866,-0.2598349253307277,0.06914050741764009,-0.25883776941217107,0.07219620346013537,S→T
5205,1041,P,860625,860595,860673,78,0.170537,880,140.0563499208679,0.04969944643260417,0.0027743648404479435,0.3095343717633319,-0.06636614257719214,T→P
5206,1041,Q,860732,860712,860740,28,-0.25458499999999995,880,140.0563499208679,-0.014113556348559035,-0.013358014988797278,-0.0638130027811632,-0.016132379829245223,P→Q
5207,1041,R,860762,860740,861012,272,1.709773,880,140.0563499208679,0.025122574286238788,0.4262348100248527,0.03923613063479782,0.43959282501365,Q→R
5208,1041,S,860789,860740,861039,299,0.0005920000000000092,880,140.0563499208679,-0.04395264712704349,0.44644864986946176,-0.06907522141328228,0.02021383984460906,R→S
5209,1041,T,861024,860874,861274,400,0.42338299999999995,880,140.0563499208679,-0.3660121748939403,0.0893545859209751,-0.3220595277668968,-0.35709406394848664,S→T
5210,1042,P,861505,861458,861553,95,0.1931585,897,142.76198395343013,0.05514807072362532,0.0010396446253047454,0.4211602456175656,-0.08831494129567036,T→P
5211,1042,Q,861609,861591,861617,26,-0.20125949999999998,897,142.76198395343013,-0.012880493304912758,-0.011289886043535936,-0.06802856402853807,-0.01232953066884068,P→Q
5212,1042,R,861638,861617,861657,40,1.7283255,897,142.76198395343013,0.17514089090737042,0.23007026126137767,0.18802138421228318,0.2413601473049136,Q→R
5213,1042,S,861660,861657,861665,8,-0.0551005,897,142.76198395343013,-0.0007826753687313211,-0.0014880401592857473,-0.17592356627610176,-0.23155830142066341,R→S
5214,1042,T,861903,861753,862153,400,0.44948150000000003,897,142.76198395343013,-0.3548740130392327,0.13583762551661369,-0.3540913376705014,0.13732566567589943,S→T
5215,1043,P,862402,862372,862430,58,0.15629500000000002,879,139.897194977776,0.029576342387239666,-0.000138470300310815,0.3844503554264724,-0.1359760958169245,T→P
5216,1043,Q,862500,862464,862513,49,-0.250848,879,139.897194977776,-0.02902930513765575,-0.023028040118788565,-0.058605647524895416,-0.02288956981847775,P→Q
5217,1043,R,862532,862513,862549,36,1.602753,879,139.897194977776,0.16412987738322277,0.21440280684666976,0.19315918252087852,0.23743084696545833,Q→R
5218,1043,S,862555,862549,862563,14,-0.16558,879,139.897194977776,-0.00457714073387076,-0.008925508046104097,-0.16870701811709352,-0.22332831489277385,R→S
5219,1043,T,862802,862676,862850,174,0.308817,879,139.897194977776,-0.1573382031538234,0.07602367293700593,-0.15276106241995266,0.08494918098311002,S→T
5220,1044,P,863281,863238,863308,70,0.1467505,859,136.7140961159381,0.03384055744549424,-0.0019020360194234478,0.19117876059931765,-0.07792570895642938,T→P
5221,1044,Q,863375,863364,863384,20,-0.2998275,859,136.7140961159381,-0.0198643389510429,-0.016042322381129424,-0.05370489639653714,-0.014140286361705976,P→Q
5222,1044,R,863401,863384,863427,43,1.6552455,859,136.7140961159381,0.17758642128142987,0.22040383098284858,0.19745076023247277,0.236446153363978,Q→R
5223,1044,S,863430,863427,863438,11,-0.08234649999999999,859,136.7140961159381,-0.001956773547848995,-0.0038618270073724793,-0.17954319482927886,-0.22426565799022105,R→S
5224,1044,T,863681,863531,863748,217,0.3636395,859,136.7140961159381,-0.23186313356748103,0.1175220978489612,-0.22990636001963205,0.12138392485633367,S→T
5225,1045,P,864140,864098,864168,70,0.16210300000000002,899,143.08029383961392,0.03551394898215656,-0.0015812445777546927,0.2673770825496376,-0.11910334242671589,T→P
5226,1045,Q,864235,864224,864245,21,-0.272304,899,143.08029383961392,-0.017589527083105887,-0.01364097432432276,-0.053103476065262445,-0.012059729746568068,P→Q
5227,1045,R,864265,864245,864285,40,1.706555,899,143.08029383961392,0.17888435623476795,0.21058703424510014,0.19647388331787383,0.2242280085694229,Q→R
5228,1045,S,864289,864285,864297,12,-0.14527099999999998,899,143.08029383961392,-0.003618061565699004,-0.006302113194684517,-0.18250241780046694,-0.21688914743978466,R→S
5229,1045,T,864540,864390,864629,239,0.42945,899,143.08029383961392,-0.27052357302955704,0.16704726257188726,-0.26690551146385805,0.17334937576657178,S→T
5230,1046,P,865039,864994,865067,73,0.166449,899,143.08029383961392,0.04251267093312077,-0.002143806429382591,0.3130362439626778,-0.16919106900126984,T→P
5231,1046,Q,865132,865123,865142,19,-0.266219,899,143.08029383961392,-0.01693606772697208,-0.012932968660402121,-0.05944873866009285,-0.010789162231019531,P→Q
5232,1046,R,865163,865142,865183,41,1.7318019999999998,899,143.08029383961392,0.18289173777049797,0.21083539141829535,0.19982780549747003,0.22376836007869746,Q→R
5233,1046,S,865188,865183,865194,11,-0.121207,899,143.08029383961392,-0.002905056150590205,-0.004968120851713676,-0.18579679392108817,-0.21580351227000902,R→S
5234,1046,T,865439,865289,865528,239,0.43150299999999997,899,143.08029383961392,-0.275905993802352,0.1774632830161453,-0.27300093765176175,0.18243140386785897,S→T
5235,1047,P,865938,865909,865967,58,0.162695,859,136.7140961159381,0.030082955228464065,4.5099608372501115e-05,0.305988949030816,-0.1774181834077728,T→P
5236,1047,Q,866039,866022,866050,28,-0.255473,859,136.7140961159381,-0.021489176238088957,-0.01920701193793906,-0.051572131466553026,-0.01925211154631156,P→Q
5237,1047,R,866062,866050,866088,38,1.611446,859,136.7140961159381,0.1626765499090785,0.22510315703854772,0.18416572614716747,0.24431016897648677,Q→R
5238,1047,S,866093,866088,866100,12,-0.08378899999999999,859,136.7140961159381,-0.0018861531028134034,-0.004039501430937501,-0.1645627030118919,-0.22914265846948523,R→S
5239,1047,T,866338,866188,866425,237,0.381914,859,136.7140961159381,-0.2677619358245451,0.11495205892749573,-0.2658757827217317,0.11899156035843322,S→T
5240,1048,P,866797,866754,866845,91,0.1739965,923,146.9000124738194,0.04196124604609501,-0.00016997839991427083,0.30972318187064013,-0.11512203732741,T→P
5241,1048,Q,866895,866884,866906,22,-0.2140225,923,146.9000124738194,-0.015649488545206394,-0.012351381526877378,-0.05761073459130141,-0.012181403126963107,P→Q
5242,1048,R,866924,866906,866946,40,1.6842295,923,146.9000124738194,0.17840140578705868,0.21129657522236955,0.19405089433226508,0.22364795674924692,Q→R
5243,1048,S,866950,866946,866956,10,-0.08524949999999999,923,146.9000124738194,-0.0018927400653511116,-0.003233721244141225,-0.1802941458524098,-0.21453029646651078,R→S
5244,1048,T,867196,867046,867445,399,0.4529595,923,146.9000124738194,-0.3111176726858739,0.16784424003919388,-0.3092249326205228,0.1710779612833351,S→T
5245,1049,P,867720,867690,867762,72,0.1287535,935,148.80987179092213,0.029261168084227823,0.00037839392171912727,0.3403788407701017,-0.16746584611747475,T→P
5246,1049,Q,867824,867779,867834,55,-0.3044695,935,148.80987179092213,-0.027840109339627918,-0.020993592605994742,-0.05710127742385574,-0.021371986527713868,P→Q
5247,1049,R,867855,867834,867871,37,1.6778665000000001,935,148.80987179092213,0.16260045337124365,0.19927694000344806,0.19044056271087156,0.2202705326094428,Q→R
5248,1049,S,867878,867871,867891,20,-0.11484450000000002,935,148.80987179092213,-0.004660277498422128,-0.008538746019912818,-0.16726073086966578,-0.20781568602336087,R→S
5249,1049,T,868116,867987,868182,195,0.3462345,935,148.80987179092213,-0.17337753733834232,0.11561853701412465,-0.1687172598399202,0.12415728303403747,S→T
5250,1050,P,868655,868626,868683,57,0.159217,879,139.897194977776,0.029579991466835813,5.8890224573493665e-05,0.20295752880517814,-0.11555964678955116,T→P
5251,1050,Q,868757,868716,868767,51,-0.269382,879,139.897194977776,-0.02987494590865846,-0.024131755195710626,-0.059454937375494274,-0.02419064542028412,P→Q
5252,1050,R,868787,868767,868804,37,1.581889,879,139.897194977776,0.1612676085973178,0.21561644954580303,0.19114255450597628,0.23974820474151365,Q→R
5253,1050,S,868810,868804,868819,15,-0.10931400000000002,879,139.897194977776,-0.00285406929744082,-0.0057756505357514955,-0.16412167789475862,-0.22139210008155452,R→S
5254,1050,T,869055,868927,869110,183,0.330901,879,139.897194977776,-0.17756953926895871,0.08258457381081899,-0.1747154699715179,0.08836022434657048,S→T
5255,1051,P,869534,869489,869563,74,0.1734225,919,146.2633927014518,0.04278610497865141,-0.0021567065950024614,0.22035564424761012,-0.08474128040582145,T→P
5256,1051,Q,869627,869618,869636,18,-0.27315549999999994,919,146.2633927014518,-0.01573697518341241,-0.011513360622635742,-0.05852308016206382,-0.00935665402763328,P→Q
5257,1051,R,869657,869636,869679,43,1.7399225,919,146.2633927014518,0.1893406622786397,0.20740654489191643,0.2050776374620521,0.21891990551455218,Q→R
5258,1051,S,869682,869679,869688,9,-0.0753915,919,146.2633927014518,-0.001649535151233968,-0.002677092191926923,-0.19099019742987366,-0.21008363708384334,R→S
5259,1051,T,869934,869784,870184,400,0.4587485,919,146.2633927014518,-0.3362175728659419,0.16157326546501705,-0.33456803771470794,0.16425035765694396,S→T
5260,1052,P,870453,870408,870502,94,0.19574750000000002,919,146.2633927014518,0.052675129398631546,0.00015733780153661387,0.38889270226457345,-0.16141592766348042,T→P
5261,1052,Q,870550,870540,870561,21,-0.20965649999999997,919,146.2633927014518,-0.013821838651022673,-0.010824302846473838,-0.06649696804965421,-0.010981640648010452,P→Q
5262,1052,R,870580,870561,870601,40,1.7019495,919,146.2633927014518,0.1809609612155274,0.21357413202682554,0.1947827998665501,0.22439843487329938,Q→R
5263,1052,S,870604,870601,870611,10,-0.0971245,919,146.2633927014518,-0.002404700254788158,-0.004100691107853163,-0.18336566147031555,-0.2176748231346787,R→S
5264,1052,T,870853,870703,871103,400,0.4573245,919,146.2633927014518,-0.3334331631683715,0.14953088753000232,-0.33102846291358334,0.15363157863785548,S→T
5265,1053,P,871372,871327,871399,72,0.154575,842,134.0084620833759,0.03959372528804032,-0.0025875487030976685,0.37302688845641185,-0.15211843623309998,T→P
5266,1053,Q,871465,871453,871475,22,-0.291448,842,134.0084620833759,-0.02033779757956673,-0.016871950030862466,-0.05993152286760704,-0.014284401327764797,P→Q
5267,1053,R,871495,871475,871516,41,1.678163,842,134.0084620833759,0.1770588581305507,0.22843925189634742,0.1973966557101174,0.2453112019272099,Q→R
5268,1053,S,871521,871516,871529,13,-0.12150300000000003,842,134.0084620833759,-0.0031626269579007227,-0.006504773007132117,-0.18022148508845143,-0.23494402490347954,R→S
5269,1053,T,871772,871622,871859,237,0.405682,842,134.0084620833759,-0.2920029882951352,0.1171065198681741,-0.2888403613372345,0.12361129287530621,S→T
5270,1054,P,872214,872184,872259,75,0.15459299999999998,836,133.0535324248245,0.04654797577775441,0.002165472587595415,0.33855096407288965,-0.11494104728057868,T→P
5271,1054,Q,872319,872298,872327,29,-0.27171300000000004,836,133.0535324248245,-0.015248690578663618,-0.015064671847553916,-0.06179666635641803,-0.01723014443514933,P→Q
5272,1054,R,872349,872327,872599,272,1.714693,836,133.0535324248245,-0.00046777694525383613,0.4461643837436113,0.014780913633409781,0.46122905559116517,Q→R
5273,1054,S,872377,872327,872627,300,0.0002959999999999907,836,133.0535324248245,-0.08145615728634323,0.4579828702975778,-0.08098838034108939,0.0118184865539665,R→S
5274,1054,T,872613,872463,872863,400,0.43411099999999997,836,133.0535324248245,-0.41013458468558966,0.02980358294301705,-0.32867842739924646,-0.42817928735456073,S→T
5275,1055,P,873050,873020,873097,77,0.158329,839,133.53099725410019,0.04420205724093651,0.0016999770006212713,0.4543366419265262,-0.028103605942395776,T→P
5276,1055,Q,873155,873136,873164,28,-0.229097,839,133.53099725410019,-0.01699247258151536,-0.016531979989106205,-0.06119452982245187,-0.018231956989727478,P→Q
5277,1055,R,873185,873164,873202,38,1.721944,839,133.53099725410019,0.16668919302946036,0.2551212104811312,0.18368166561097574,0.2716531904702374,Q→R
5278,1055,S,873207,873202,873214,12,-0.09336999999999998,839,133.53099725410019,-0.001829691798252946,-0.004379543206281317,-0.16851888482771332,-0.2595007536874125,R→S
5279,1055,T,873450,873300,873537,237,0.42279100000000003,839,133.53099725410019,-0.31056670021468186,0.10688253429874468,-0.3087370084164289,0.111262077505026,S→T
5280,1056,P,873889,873860,873917,57,0.151375,818,130.1887434491704,0.033383021282812494,7.768691127666299e-05,0.34394972149749437,-0.10680484738746802,T→P
5281,1056,Q,873990,873933,874000,67,-0.26505300000000004,818,130.1887434491704,-0.03517525739253957,-0.029052558885591315,-0.06855827867535207,-0.029130245796867977,P→Q
5282,1056,R,874020,874000,874037,37,1.639006,818,130.1887434491704,0.1618192848861153,0.2470519449571429,0.19699454227865487,0.2761045038427342,Q→R
5283,1056,S,874042,874037,874051,14,-0.142089,818,130.1887434491704,-0.0034534370580894067,-0.00844345574389555,-0.1652727219442047,-0.25549540070103843,R→S
5284,1056,T,874288,874138,874354,216,0.358979,818,130.1887434491704,-0.2362577035301773,0.06711114085317887,-0.2328042664720879,0.07555459659707442,S→T
5285,1057,P,874707,874664,874734,70,0.13106500000000001,799,127.16479953042438,0.037366707061321905,-0.002710819990976421,0.2736244105914992,-0.06982196084415529,T→P
5286,1057,Q,874797,874772,874807,35,-0.30101100000000003,799,127.16479953042438,-0.0240076105258542,-0.01987615900172924,-0.061374317587176104,-0.017165339010752817,P→Q
5287,1057,R,874828,874807,874851,44,1.677848,799,127.16479953042438,0.18392170788631587,0.24934391082080543,0.20792931841217008,0.26922006982253466,Q→R
5288,1057,S,874856,874851,874861,10,-0.084085,799,127.16479953042438,-0.0015625005435181193,-0.003661603486478943,-0.18548420842983399,-0.25300551430728435,R→S
5289,1057,T,875087,874937,875160,223,0.35668500000000003,799,127.16479953042438,-0.26835921481605485,0.08765412347367195,-0.2667967142725367,0.09131572696015089,S→T
5290,1058,P,875506,875462,875535,73,0.151079,859,136.7140961159381,0.0394665891052792,-0.001998980077258814,0.3078258039213341,-0.08965310355093076,T→P
5291,1058,Q,875599,875589,875608,19,-0.280998,859,136.7140961159381,-0.017917615544385267,-0.01445103302984015,-0.05738420464966447,-0.012452052952581335,P→Q
5292,1058,R,875629,875608,875650,42,1.7471729999999999,859,136.7140961159381,0.18535476286029273,0.22955152793198216,0.203272378404678,0.24400256096182232,Q→R
5293,1058,S,875655,875650,875661,11,-0.11397499999999999,859,136.7140961159381,-0.0027655734979474965,-0.00529508613052473,-0.18812033635824024,-0.2348466140625069,R→S
5294,1058,T,875906,875756,875974,218,0.404554,859,136.7140961159381,-0.27562606424942077,0.1461170206696053,-0.2728604907514733,0.15141210680013004,S→T
5295,1059,P,876365,876320,876394,74,0.16123349999999997,880,140.0563499208679,0.04227251053366099,-0.00258050316399815,0.31789857478308176,-0.14869752383360346,T→P
5296,1059,Q,876459,876447,876467,20,-0.2841975,880,140.0563499208679,-0.01842141206275279,-0.014354328525765922,-0.06069392259641378,-0.011773825361767772,P→Q
5297,1059,R,876488,876467,876507,40,1.7538505,880,140.0563499208679,0.1842829158210171,0.21705359264293303,0.2027043278837699,0.23140792116869896,Q→R
5298,1059,S,876514,876507,876520,13,-0.1212065,880,140.0563499208679,-0.0032814325700561944,-0.005802585478741163,-0.1875643483910733,-0.2228561781216742,R→S
5299,1059,T,876746,876596,876833,237,0.41585550000000004,880,140.0563499208679,-0.27097590772944263,0.1706280587343582,-0.26769447515938644,0.17643064421309937,S→T
5300,1060,P,877245,877200,877273,73,0.16935299999999998,801,127.48310941660817,0.04230553485519971,-0.0017021368221013904,0.31328144258464236,-0.1723301955564596,T→P
5301,1060,Q,877341,877330,877352,22,-0.267385,801,127.48310941660817,-0.01931586513815765,-0.0179671724834862,-0.06162139999335736,-0.01626503566138481,P→Q
5302,1060,R,877365,877352,877392,40,1.657539,801,127.48310941660817,0.16991007919304085,0.25434551737777084,0.1892259443311985,0.272312689861257,Q→R
5303,1060,S,877396,877392,877403,11,-0.0812,801,127.48310941660817,-0.0017521902929225888,-0.0043855911970546654,-0.17166226948596344,-0.2587311085748255,R→S
5304,1060,T,877644,877494,877713,219,0.380434,801,127.48310941660817,-0.29455609555505735,0.07345522679225241,-0.2928039052621348,0.07784081798930709,S→T
5305,1061,P,878046,878015,878090,75,0.1632685,917,145.94508281526802,0.03495936643877518,0.0006376311609497176,0.3295154619938325,-0.0728175956313027,T→P
5306,1061,Q,878150,878129,878158,29,-0.25375250000000005,917,145.94508281526802,-0.018529640347445607,-0.015335228974153986,-0.05348900678622079,-0.015972860135103704,P→Q
5307,1061,R,878179,878158,878197,39,1.7059814999999998,917,145.94508281526802,0.17389351899922634,0.2174472833165703,0.19242315934667195,0.23278251229072427,Q→R
5308,1061,S,878201,878197,878209,12,-0.0664205,917,145.94508281526802,-0.0013378445241122023,-0.0024289950993297265,-0.17523136352333854,-0.21987627841590002,R→S
5309,1061,T,878443,878293,878532,239,0.42425250000000003,917,145.94508281526802,-0.2478576690574399,0.17274077126878543,-0.24651982453332769,0.17516976636811515,S→T
5310,1062,P,878963,878917,878990,73,0.17573450000000002,898,142.92113889652202,0.03865977776080006,-0.001910477258935838,0.28651744681823993,-0.17465124852772126,T→P
5311,1062,Q,879057,879047,879067,20,-0.27025150000000003,898,142.92113889652202,-0.017834303116689446,-0.013754907409048119,-0.05649408087748951,-0.01184443015011228,P→Q
5312,1062,R,879087,879067,879107,40,1.7213705,898,142.92113889652202,0.1797105956902263,0.2104522200729142,0.19754489880691573,0.2242071274819623,Q→R
5313,1062,S,879111,879107,879120,13,-0.1577555,898,142.92113889652202,-0.004382948806127273,-0.00755926569983367,-0.18409354449635357,-0.21801148577274787,R→S
5314,1062,T,879362,879212,879414,202,0.38918349999999996,898,142.92113889652202,-0.219443590924902,0.1449368399720093,-0.21506064211877474,0.15249610567184296,S→T
5315,1063,P,879861,879817,879887,70,0.126701,799,127.16479953042438,0.031159416945900107,-0.00264924614733267,0.25060300787080214,-0.14758608611934196,T→P
5316,1063,Q,879952,879924,879962,38,-0.323909,799,127.16479953042438,-0.02802339527993612,-0.022970083417657477,-0.059182812225836226,-0.020320837270324806,P→Q
5317,1063,R,879982,879962,880003,41,1.634641,799,127.16479953042438,0.1742652868766743,0.23735641471997185,0.20228868215661042,0.2603264981376293,Q→R
5318,1063,S,880010,880003,880017,14,-0.12440700000000002,799,127.16479953042438,-0.0029908494959206863,-0.0070283507522149544,-0.177256136372595,-0.2443847654721868,R→S
5319,1063,T,880261,880112,880310,198,0.344774,799,127.16479953042438,-0.24399028928095523,0.06674111003067847,-0.24099943978503455,0.07376946078289343,S→T
5320,1064,P,880660,880617,880688,71,0.15426,841,133.84930714028397,0.04084262493439631,-0.0023084073100800304,0.28483291421535156,-0.0690495173407585,T→P
5321,1064,Q,880754,880743,880763,20,-0.278408,841,133.84930714028397,-0.017628601768117497,-0.014657377348920786,-0.05847122670251381,-0.012348970038840754,P→Q
5322,1064,R,880784,880763,880805,42,1.721352,841,133.84930714028397,0.18515669077376917,0.23942119899925512,0.20278529254188668,0.25407857634817593,Q→R
5323,1064,S,880809,880805,880816,11,-0.103802,841,133.84930714028397,-0.00232487902127571,-0.004799770240163409,-0.18748156979504488,-0.24422096923941852,R→S
5324,1064,T,881040,880890,881148,258,0.40829,841,133.84930714028397,-0.296918683092821,0.14073140936116832,-0.2945938040715453,0.14553117960133172,S→T
5325,1065,P,881501,881471,881546,75,0.158921,897,142.76198395343013,0.03862770230916208,0.001234279278459765,0.33554638540198306,-0.13949713008270856,T→P
5326,1065,Q,881607,881585,881615,30,-0.269086,897,142.76198395343013,-0.018375263295736056,-0.01614561327080541,-0.057002965604898134,-0.017379892549265172,P→Q
5327,1065,R,881636,881615,881653,38,1.705149,897,142.76198395343013,0.1673109775018507,0.22438811453720847,0.18568624079758675,0.24053372780801388,Q→R
5328,1065,S,881657,881653,881668,15,-0.084677,897,142.76198395343013,-0.0019917495848027936,-0.0039433201792127065,-0.1693027270866535,-0.22833143471642117,R→S
5329,1065,T,881899,881749,881986,237,0.426861,897,142.76198395343013,-0.2728115787008438,0.15665811046378303,-0.270819829116041,0.16060143064299573,S→T
5330,1066,P,882398,882352,882427,75,0.16937249999999998,824,131.14367310772175,0.044892126922813635,-0.0021177987583191477,0.31770370562365746,-0.15877590922210216,T→P
5331,1066,Q,882493,882483,882502,19,-0.2563415,824,131.14367310772175,-0.01730679243003943,-0.015184887505979768,-0.062198919352853065,-0.01306708874766062,P→Q
5332,1066,R,882522,882502,882544,42,1.6969925000000001,824,131.14367310772175,0.17736236754926935,0.2452880914886651,0.19466915997930878,0.2604729789946449,Q→R
5333,1066,S,882547,882544,882555,11,-0.1194685,824,131.14367310772175,-0.0026172206281954258,-0.0058088225389293004,-0.17997958817746476,-0.2510969140275944,R→S
5334,1066,T,882798,882648,882864,216,0.38278449999999997,824,131.14367310772175,-0.2708450065371917,0.09875977627831518,-0.26822778590899626,0.10456859881724448,S→T
5335,1067,P,883222,883191,883265,74,0.1470275,835,132.89437748173262,0.042974084650375784,0.0016352356798370966,0.31381909118756746,-0.09712454059847808,T→P
5336,1067,Q,883326,883303,883335,32,-0.2925955,835,132.89437748173262,-0.01831335550783489,-0.01771051933599646,-0.06128744015821067,-0.019345755015833556,P→Q
5337,1067,R,883356,883335,883382,47,1.7002104999999998,835,132.89437748173262,0.16750973486070317,0.25594799209052965,0.18582309036853806,0.2736585114265261,Q→R
5338,1067,S,883385,883382,883387,5,-0.031018499999999977,835,132.89437748173262,-0.0002491079385876751,-0.0006870571294226992,-0.16775884279929085,-0.25663504921995234,R→S
5339,1067,T,883617,883467,883867,400,0.4231055,835,132.89437748173262,-0.3875355869456192,0.046518707331684894,-0.3872864790070315,0.047205764461107594,S→T
5340,1068,P,884057,884011,884104,93,0.1765855,862,137.19156094521378,0.04939649103578128,5.8070606603099936e-05,0.43693207798140044,-0.04646063672508179,T→P
5341,1068,Q,884160,884142,884169,27,-0.19922450000000003,862,137.19156094521378,-0.015873809202608866,-0.014304989629773975,-0.06527030023839014,-0.014363060236377075,P→Q
5342,1068,R,884189,884169,884206,37,1.7007655000000002,862,137.19156094521378,0.17346763771448476,0.24122211283903516,0.18934144691709362,0.25552710246880916,Q→R
5343,1068,S,884211,884206,884217,11,-0.10700149999999999,862,137.19156094521378,-0.002142606253805614,-0.004473998278075506,-0.17561024396829036,-0.24569611111711068,R→S
5344,1068,T,884456,884306,884524,218,0.4161145,862,137.19156094521378,-0.27612775219819985,0.13029678571448955,-0.2739851459443942,0.13477078399256506,S→T
5345,1069,P,884919,884889,884962,73,0.16151100000000002,855,136.0774763435705,0.03841953483723249,0.000305432446698776,0.31454728703543233,-0.12999135326779077,T→P
5346,1069,Q,885022,884998,885031,33,-0.27925900000000003,855,136.0774763435705,-0.022376441301359244,-0.020157757615223856,-0.06079597613859174,-0.020463190061922633,P→Q
5347,1069,R,885051,885031,885068,37,1.669451,855,136.0774763435705,0.16514207116491667,0.233145575774867,0.1875185124662759,0.25330333339009087,Q→R
5348,1069,S,885072,885068,885088,20,-0.104098,855,136.0774763435705,-0.0034125827369328563,-0.007619002375970411,-0.1685546539018495,-0.2407645781508374,R→S
5349,1069,T,885315,885170,885380,210,0.337264,855,136.0774763435705,-0.2013963393234953,0.0843160124107481,-0.19798375658656245,0.0919350147867185,S→T
5350,1070,P,885774,885730,885801,71,0.125258,820,130.5070533353542,0.03489905458414582,-0.003221791818340861,0.23629539390764112,-0.08753780422908895,T→P
5351,1070,Q,885864,885840,885873,33,-0.31898899999999997,820,130.5070533353542,-0.02532948358365038,-0.019989986529356168,-0.060228538167796206,-0.016768194711015306,P→Q
5352,1070,R,885893,885873,885916,43,1.6390060000000002,820,130.5070533353542,0.1834341917843785,0.23078636813720177,0.2087636753680289,0.25077635466655795,Q→R
5353,1070,S,885922,885916,885928,12,-0.08060700000000001,820,130.5070533353542,-0.0016745844997269992,-0.0035775360846956933,-0.1851087762841055,-0.23436390422189746,R→S
5354,1070,T,886174,886024,886262,238,0.383358,820,130.5070533353542,-0.29375190494340253,0.1041353974343309,-0.2920773204436755,0.10771293351902658,S→T
5355,1071,P,886594,886566,886625,59,0.155722,858,136.5549411728462,0.03282234474758982,9.679439176362524e-05,0.32657424969099236,-0.10403860304256728,T→P
5356,1071,Q,886698,886677,886707,30,-0.24616900000000003,858,136.5549411728462,-0.02053999231097292,-0.01878129566400925,-0.05336233705856274,-0.018878090055772876,P→Q
5357,1071,R,886727,886707,886744,37,1.661331,858,136.5549411728462,0.16478949823268027,0.2352831770334853,0.1853294905436532,0.25406447269749455,Q→R
5358,1071,S,886749,886744,886758,14,-0.13948100000000002,858,136.5549411728462,-0.0034194052683444837,-0.007422737821285083,-0.16820890350102474,-0.2427059148547704,R→S
5359,1071,T,886993,886843,887061,218,0.396434,858,136.5549411728462,-0.2637476248458299,0.1103205438271601,-0.2603282195774854,0.11774328164844518,S→T
5360,1072,P,887452,887409,887481,72,0.165876,859,136.7140961159381,0.03684480550377771,-0.0012859129343566777,0.30059243034960764,-0.11160645676151677,T→P
5361,1072,Q,887548,887535,887559,24,-0.26967800000000003,859,136.7140961159381,-0.01966520623674678,-0.01656783873858352,-0.05651001174052449,-0.015281925804226841,P→Q
5362,1072,R,887578,887559,887598,39,1.698157,859,136.7140961159381,0.17580019913560205,0.22999266703406457,0.19546540537234883,0.2465605057726481,Q→R
5363,1072,S,887602,887598,887610,12,-0.14789800000000003,859,136.7140961159381,-0.0038673324654372103,-0.007712268103745075,-0.17966753160103927,-0.23770493513780963,R→S
5364,1072,T,887851,887701,887917,216,0.376994,859,136.7140961159381,-0.2477668862633108,0.12171287343458978,-0.2438995537978736,0.12942514153833484,S→T
5365,1073,P,888311,888282,888339,57,0.1571825,803,127.80141930279196,0.033110165469903384,-7.729523488476768e-05,0.2808770517332142,-0.12179016866947455,T→P
5366,1073,Q,888409,888395,888420,25,-0.2743025,803,127.80141930279196,-0.021567054557356507,-0.02048152033820446,-0.05467722002725989,-0.02040422510331969,P→Q
5367,1073,R,888433,888420,888459,39,1.6285735000000001,803,127.80141930279196,0.16269465914702705,0.24869486713638067,0.18426171370438355,0.2691763874745851,Q→R
5368,1073,S,888464,888459,888471,12,-0.09336950000000002,803,127.80141930279196,-0.0020930340242177816,-0.005377209318808804,-0.16478769317124484,-0.2540720764551895,R→S
5369,1073,T,888714,888564,888777,213,0.3294215,803,127.80141930279196,-0.23869087420961574,0.05691956555898333,-0.23659784018539795,0.06229677487779214,S→T
5370,1074,P,889114,889080,889158,78,0.169945,835,132.89437748173262,0.050832943596464016,0.0014915962296646573,0.2895238178060798,-0.05542796932931867,T→P
5371,1074,Q,889218,889198,889226,28,-0.248222,835,132.89437748173262,-0.01413979851650817,-0.013701340377037456,-0.06497274211297219,-0.015192936606702113,P→Q
5372,1074,R,889246,889226,889496,270,1.7352980000000002,835,132.89437748173262,-0.0019562341034836494,0.46733848674009126,0.01218356441302452,0.4810398271171287,Q→R
5373,1074,S,889274,889226,889524,298,0.0063630000000000075,835,132.89437748173262,-0.08791428475811247,0.4815819369355446,-0.08595805065462882,0.014243450195453311,R→S
5374,1074,T,889510,889360,889760,400,0.46918000000000004,835,132.89437748173262,-0.4331055335892909,0.039505960215288925,-0.3451912488311784,-0.44207597672025567,S→T
5375,1075,P,889949,889906,889978,72,0.15426,879,139.897194977776,0.03656224738975605,-0.001404190940035548,0.46966778097904693,-0.040910151155324474,T→P
5376,1075,Q,890045,890034,890056,22,-0.259246,879,139.897194977776,-0.017674869021118728,-0.014386014979896455,-0.05423711641087478,-0.012981824039860907,P→Q
5377,1075,R,890075,890056,890095,39,1.7085890000000001,879,139.897194977776,0.1782609922709921,0.22270305357008996,0.19593586129211082,0.2370890685499864,Q→R
5378,1075,S,890099,890095,890106,11,-0.143237,879,139.897194977776,-0.003554098432896274,-0.006621367468146353,-0.18181509070388838,-0.2293244210382363,R→S
5379,1075,T,890349,890199,890417,218,0.41002900000000003,879,139.897194977776,-0.25673562099549324,0.1457120221801121,-0.25318152256259696,0.15233338964825843,S→T
5380,1076,P,890828,890783,890857,74,0.1765855,841,133.84930714028397,0.042198331250730706,-0.0017563962457990921,0.29893395224622393,-0.14746841842591119,T→P
5381,1076,Q,890924,890912,890934,22,-0.2612625,841,133.84930714028397,-0.018145195227367402,-0.01566825057457124,-0.06034352647809811,-0.013911854328772148,P→Q
5382,1076,R,890954,890934,890973,39,1.6851165000000001,841,133.84930714028397,0.17470085960813644,0.23627203758721135,0.19284605483550385,0.2519402881617826,Q→R
5383,1076,S,890977,890973,890986,13,-0.1418125,841,133.84930714028397,-0.003635372300606221,-0.007657385217750131,-0.17833623190874268,-0.2439294228049615,R→S
5384,1076,T,891228,891078,891294,216,0.3709085,841,133.84930714028397,-0.2473741701143803,0.09868308486180304,-0.24373879781377406,0.10634047007955316,S→T
5385,1077,P,891669,891638,891713,75,0.149044,817,130.02958850607848,0.03767383169170466,0.0009439629212443201,0.2850480018060849,-0.09773912194055871,T→P
5386,1077,Q,891773,891754,891782,28,-0.26043000000000005,817,130.02958850607848,-0.01979835813115609,-0.01960133609719479,-0.057472189822860745,-0.02054529901843911,P→Q
5387,1077,R,891802,891782,891822,40,1.610004,817,130.02958850607848,0.1607034591025833,0.25351981616065017,0.1805018172337394,0.27312115225784495,Q→R
5388,1077,S,891829,891828,891833,5,-0.011616000000000015,817,130.02958850607848,-0.00011000035904604239,-0.0003168506995918173,-0.16081345946162934,-0.253836666860242,R→S
5389,1077,T,892067,891917,892317,400,0.376403,817,130.02958850607848,-0.3358125364631823,0.01871707080325171,-0.33570253610413625,0.01903392150284353,S→T
5390,1078,P,892486,892442,892534,92,0.174569,842,134.0084620833759,0.04858177023711187,0.0008315905772869366,0.3843943067002942,-0.017885480225964773,T→P
5391,1078,Q,892588,892573,892597,24,-0.194324,842,134.0084620833759,-0.015287776014361473,-0.014179097134082526,-0.06386954625147334,-0.015010687711369463,P→Q
5392,1078,R,892617,892597,892635,38,1.692941,842,134.0084620833759,0.1723917035961449,0.24997839369919236,0.18767947961050635,0.2641574908332749,Q→R
5393,1078,S,892640,892635,892646,11,-0.098031,842,134.0084620833759,-0.0020380044030177736,-0.004555290025021925,-0.17442970799916266,-0.2545336837242143,R→S
5394,1078,T,892886,892736,892954,218,0.416392,842,134.0084620833759,-0.30269194517402087,0.1259868149502865,-0.3006539407710031,0.1305421049753084,S→T
5395,1079,P,893328,893299,893371,72,0.134561,859,136.7140961159381,0.03562223150960096,0.0007237252439445817,0.33831417668362185,-0.1252630897063419,T→P
5396,1079,Q,893433,893409,893442,33,-0.283606,859,136.7140961159381,-0.0198985725210962,-0.018445809580164292,-0.05552080403069716,-0.019169534824108873,P→Q
5397,1079,R,893463,893442,893480,38,1.729509,859,136.7140961159381,0.16497762339064065,0.2405835739635342,0.18487619591173685,0.2590293835436985,Q→R
5398,1079,S,893486,893480,893495,15,-0.07711199999999999,859,136.7140961159381,-0.002057633955704089,-0.004755242515192341,-0.16703525734634475,-0.24533881647872655,R→S
5399,1079,T,893725,893575,893793,218,0.38104499999999997,859,136.7140961159381,-0.252385233716186,0.11059433575436133,-0.2503275997604819,0.11534957826955367,S→T
5400,1080,P,894187,894158,894230,72,0.1380385,799,127.16479953042438,0.039429111234761796,0.0011833561673057476,0.29181434495094777,-0.10941097958705558,T→P
5401,1080,Q,894292,894269,894301,32,-0.2998455,799,127.16479953042438,-0.020279179500799403,-0.021145947605100923,-0.0597082907355612,-0.02232930377240667,P→Q
5402,1080,R,894322,894301,894346,45,1.6430565,799,127.16479953042438,0.15391256799783234,0.26209769573061154,0.17419174749863175,0.28324364333571245,Q→R
5403,1080,S,894351,894346,894355,9,-0.04174649999999999,799,127.16479953042438,-0.0005091652573102515,-0.0017137997300520418,-0.1544217332551426,-0.26381149546066357,R→S
5404,1080,T,894583,894433,894670,237,0.34682650000000004,799,127.16479953042438,-0.27729919370630146,0.05297119953175513,-0.2767900284489912,0.05468499926180717,S→T
5405,1081,P,894986,894954,895030,76,0.16646750000000002,855,136.0774763435705,0.044157833288814924,0.0011330213454934738,0.32145702699511636,-0.05183817818626166,T→P
5406,1081,Q,895090,895070,895098,28,-0.24241449999999998,855,136.0774763435705,-0.015182325800853694,-0.014071824818882197,-0.059340159089668616,-0.01520484616437567,P→Q
5407,1081,R,895119,895098,895140,42,1.7381834999999999,855,136.0774763435705,0.1753831830794955,0.25141745578568164,0.19056550888034918,0.26548928060456384,Q→R
5408,1081,S,895140,895140,895142,2,-0.0023304999999999854,855,136.0774763435705,-1.4447131520230132e-05,-3.1056423641314875e-05,-0.17539763021101573,-0.25144851220932296,R→S
5409,1081,T,895382,895232,895632,400,0.43207650000000003,855,136.0774763435705,-0.3692823360626423,0.08447758671577954,-0.3692678889311221,0.08450864313942086,S→T
5410,1082,P,895841,895796,895870,74,0.17371799999999998,899,143.08029383961392,0.04333212533063241,-0.002117231334389781,0.41261446139327473,-0.08659481805016932,T→P
5411,1082,Q,895935,895926,895945,19,-0.261836,899,143.08029383961392,-0.016103441870700178,-0.012408701100133607,-0.059435567201332584,-0.010291469765743827,P→Q
5412,1082,R,895965,895945,895985,40,1.735002,899,143.08029383961392,0.18261248254461593,0.21266128104264417,0.1987159244153161,0.2250699821427778,Q→R
5413,1082,S,895990,895985,895997,12,-0.129031,899,143.08029383961392,-0.0031933604823185606,-0.005507706034119591,-0.18580584302693448,-0.21816898707676377,R→S
5414,1082,T,896241,896091,896329,238,0.426565,899,143.08029383961392,-0.2635028817050452,0.16877238184745086,-0.26030952122272666,0.17428008788157046,S→T
5415,1083,P,896740,896695,896767,72,0.137762,879,139.897194977776,0.03827740249978296,-0.0026648307835341733,0.30178028420482816,-0.17143721263098502,T→P
5416,1083,Q,896831,896805,896840,35,-0.303045,879,139.897194977776,-0.02242764997662876,-0.016385086293085785,-0.060705052476411725,-0.013720255509551612,P→Q
5417,1083,R,896860,896840,896880,40,1.719909,879,139.897194977776,0.1838439318828338,0.20918792675051404,0.20627158185946257,0.22557301304359983,Q→R
5418,1083,S,896888,896880,896895,15,-0.10468999999999999,879,139.897194977776,-0.0031765253814724946,-0.005505180536163046,-0.1870204572643063,-0.2146931072866771,R→S
5419,1083,T,897121,896971,897188,217,0.348288,879,139.897194977776,-0.20391561326879376,0.12831907609757148,-0.20073908788732125,0.13382425663373454,S→T
5420,1084,P,897619,897576,897646,70,0.144735,863,137.35071588830567,0.03232023785269898,-0.002169634430088624,0.23623585112149276,-0.13048871052766012,T→P
5421,1084,Q,897712,897700,897721,21,-0.31172,863,137.35071588830567,-0.02067273118386485,-0.016364260339076835,-0.052992969036563836,-0.01419462590898821,P→Q
5422,1084,R,897742,897721,897764,43,1.640467,863,137.35071588830567,0.17851245015792158,0.21668273796804238,0.19918518134178642,0.23304699830711922,Q→R
5423,1084,S,897768,897764,897775,11,-0.08554599999999998,863,137.35071588830567,-0.0018828709515697603,-0.003609481822965844,-0.18039532110949133,-0.22029221979100821,R→S
5424,1084,T,898019,897869,898088,219,0.374386,863,137.35071588830567,-0.24170432699592262,0.12590308751321927,-0.23982145604435287,0.1295125693361851,S→T
